{"type":"Topology","arcs":[[[7186,16497],[-69,-29],[-35,-179],[-27,-20],[-24,-87],[-64,-30],[48,-74],[66,-32],[-5,-56],[47,-84],[-16,-117]],[[7107,15789],[-53,-38],[-1,-31],[-53,-7],[-21,-30],[-93,-41],[-28,-70],[-44,-14],[-42,-56],[-91,7],[-62,-31],[-35,-1]],[[6584,15477],[-14,6]],[[6570,15483],[-21,54],[-44,23]],[[6505,15560],[-21,1],[-21,69],[-71,89],[-42,70],[-62,43],[14,48],[-76,118]],[[6226,15998],[39,22],[38,62],[122,3],[86,-39],[66,45],[108,39],[75,174],[26,27],[46,-18],[13,34],[-13,65],[12,53],[72,102],[62,-7],[99,51],[37,-7],[30,-74],[42,-33]],[[6767,16044],[43,-66],[1,-62],[53,21],[56,97],[-35,24],[-42,-24],[-76,10]],[[7865,15357],[88,-91]],[[7953,15266],[10,-41],[-98,-135],[48,-147]],[[7913,14943],[-71,25],[-90,66],[-35,49],[-45,33],[-66,-1]],[[7606,15115],[4,94],[-10,40]],[[7600,15249],[24,34],[80,42],[11,99],[44,5],[35,27]],[[7794,15456],[34,-82],[37,-17]],[[7431,15656],[35,59],[86,-18],[-11,74],[90,17]],[[7631,15788],[25,-7],[24,-123],[32,-19],[-1,-101],[83,-82]],[[7600,15249],[-21,58],[12,51],[-16,54],[-49,9],[-54,-47],[1,94],[-57,-1]],[[7416,15467],[17,23],[-23,58],[49,38],[11,46],[-39,24]],[[7773,16019],[22,-75],[15,-105]],[[7810,15839],[-54,-55],[-49,2],[-44,81]],[[7663,15867],[13,54],[-41,66]],[[7635,15987],[8,59],[28,64]],[[7671,16110],[85,-39],[17,-52]],[[7107,15789],[14,-5]],[[7121,15784],[43,-38],[-38,-42],[-10,-44],[40,-32],[81,-2],[65,41],[64,6],[65,-17]],[[7416,15467],[-47,-1],[-42,-38],[38,-24],[-16,-47],[-51,12],[-89,-43],[-31,-32],[-70,-9],[-77,-74],[-13,7]],[[7018,15218],[-75,-13],[-74,6],[-45,-22]],[[6824,15189],[-67,61],[-60,10]],[[6697,15260],[-100,152],[21,37],[-34,28]],[[7810,15839],[-5,-103],[72,-36],[94,2]],[[7971,15702],[-29,-97],[-67,-37],[-11,-56],[37,-46],[-48,-41],[12,-68]],[[7631,15788],[32,79]],[[7635,15987],[-83,-85],[-67,-12],[-85,47],[-53,-13],[-80,34]],[[7267,15958],[59,51],[-50,50],[54,79],[64,53],[-18,44],[25,64],[-34,75]],[[7367,16374],[56,25],[58,-5],[47,-27],[5,-77],[31,-10],[42,-49],[0,-34],[65,-87]],[[7121,15784],[81,68],[18,51],[47,55]],[[7186,16497],[-5,-29],[51,-38],[54,-6],[81,-50]],[[7606,15115],[-36,-53],[-54,-31]],[[7516,15031],[-40,-30],[-94,18],[-89,3],[-54,18],[-50,-20],[-32,38],[-7,44],[-48,46],[-72,24],[-12,46]],[[8034,16028],[50,-102],[63,-55],[34,-60],[54,-13]],[[8235,15798],[-68,-67],[-65,-3],[-16,-69]],[[8086,15659],[-43,13],[-51,50],[-21,-20]],[[7773,16019],[34,-27],[101,8],[96,35],[30,-7]],[[8621,15964],[120,13],[54,-62],[53,-17],[44,60],[30,-7]],[[8922,15951],[17,-34]],[[8939,15917],[-10,-13],[-8,-135],[35,-29],[-8,-40],[46,-53]],[[8994,15647],[-46,-59],[-52,17],[-34,-22]],[[8862,15583],[-19,36],[7,71],[-88,63],[-35,-22],[-90,32]],[[8637,15763],[-33,75]],[[8604,15838],[-2,76],[19,50]],[[8686,15547],[83,3],[3,-52],[42,13],[21,42]],[[8835,15553],[42,-55],[-11,-113],[29,-35],[-46,-82],[-48,-42]],[[8801,15226],[-102,-55],[-56,5]],[[8643,15176],[46,61],[-21,46],[22,38],[-44,51],[8,79],[-85,0]],[[8569,15451],[36,50],[64,12],[17,34]],[[8378,15865],[44,1],[86,-40],[32,-47],[64,59]],[[8637,15763],[25,-71],[-5,-114],[29,-31]],[[8569,15451],[-35,16],[-78,-21]],[[8456,15446],[-64,7],[-33,92],[-64,17],[9,95],[-4,66],[-27,14]],[[8273,15737],[50,25],[45,47],[10,56]],[[8373,15629],[52,-28],[39,22],[-70,64],[-21,-58]],[[8235,15798],[38,-61]],[[8456,15446],[-16,-81]],[[8440,15365],[-96,88],[-52,9],[-35,43],[-54,-121],[-52,7]],[[8151,15391],[-28,16],[-58,-25],[-34,42]],[[8031,15424],[9,87],[51,32],[-12,66],[7,50]],[[8158,15564],[71,-15],[-35,55],[-36,-40]],[[8031,15424],[-44,-63],[-34,-95]],[[8151,15391],[-9,-29],[43,-91],[-1,-41],[24,-65],[-34,-49],[-5,-79]],[[8169,15037],[-57,-15],[-56,-99],[-52,-34]],[[8004,14889],[-91,54]],[[8169,15037],[63,23],[54,-7],[36,16]],[[8322,15069],[36,23]],[[8358,15092],[17,-24],[-13,-51],[35,-52],[12,-84],[44,16],[87,1]],[[8540,14898],[6,-62],[64,7]],[[8610,14843],[3,-1]],[[8613,14842],[12,-8]],[[8625,14834],[-55,-41],[-46,42],[-45,-35],[-65,-10],[-42,-59]],[[8372,14731],[-76,10],[-101,-45],[-76,-21]],[[8119,14675],[-18,41]],[[8101,14716],[-2,39],[-36,65],[-59,69]],[[8440,15365],[0,-69],[-28,-62],[-55,-62],[-35,-103]],[[8372,14731],[51,-45],[95,-54],[96,-19]],[[8614,14613],[11,-121],[53,-72],[-19,-18],[63,-56]],[[8722,14346],[-3,-77],[-54,-27],[-30,-51]],[[8635,14191],[-55,48],[-59,13],[-6,37],[-108,-25],[-19,-16],[-89,55],[-101,32],[14,35]],[[8212,14370],[3,68],[-19,91]],[[8196,14529],[-55,109],[-21,11]],[[8120,14649],[-1,26]],[[8540,14898],[37,2],[33,-57]],[[8350,16102],[30,-18],[16,-46],[12,-95],[-30,-78]],[[8034,16028],[126,45],[39,-9],[91,6],[60,32]],[[8506,16169],[78,-50],[-14,-69],[36,-34],[15,-52]],[[8350,16102],[98,24],[58,43]],[[8936,15986],[-14,-35]],[[8506,16169],[42,15],[50,71],[20,61],[105,2],[39,-29],[47,10],[61,-14],[37,-62],[8,-71],[-21,-34],[6,-61],[36,-71]],[[8862,15583],[-27,-30]],[[8643,15176],[-88,-10],[-80,-32],[-44,-31],[-73,-11]],[[8994,15647],[7,-5]],[[9001,15642],[45,-45],[30,-58]],[[9076,15539],[-14,-66],[-40,-87],[-63,-40],[-59,-82],[-39,-22]],[[8861,15242],[-60,-16]],[[8861,15242],[44,-62],[-7,-77]],[[8898,15103],[-81,-109],[-65,-38],[-56,19],[-27,-107],[-56,-26]],[[8625,14834],[65,-3],[85,-72],[32,3],[-47,-94],[4,-29]],[[8764,14639],[-44,10],[-68,-51],[-38,15]],[[9134,16176],[10,2]],[[9144,16178],[88,-15],[49,-33]],[[9281,16130],[66,-118],[108,-48]],[[9455,15964],[-75,-11],[-16,-27]],[[9364,15926],[-80,50],[-48,-34],[-26,33],[-38,-36],[5,-102],[-88,-13]],[[9089,15824],[-40,-13],[-58,63],[12,39],[-24,26],[-40,-22]],[[8936,15986],[78,9],[20,38],[-2,60],[73,80],[29,3]],[[9990,16025],[10,-73],[-58,-31],[-49,14],[-90,-4],[-75,29],[-41,-20]],[[9687,15940],[-131,18],[-52,-14],[-49,20]],[[9281,16130],[18,57],[-33,87],[36,107],[104,-10],[68,-50],[8,-39],[74,-29],[41,-55],[82,-15],[37,-59],[115,-56],[73,-68],[37,-6],[49,31]],[[9687,15940],[10,-62],[-75,-41],[44,-37],[0,-54],[-90,2],[-12,-37],[-51,-40],[72,-42]],[[9585,15629],[-45,-10],[-77,-86],[-38,48],[-22,-10],[-44,50],[-59,-7]],[[9300,15614],[-10,36],[48,13],[22,58],[-40,65],[6,97],[38,43]],[[9300,15614],[-22,-17]],[[9278,15597],[-63,-13],[-66,58],[-70,-75],[-3,-28]],[[9001,15642],[54,97],[42,7],[-8,78]],[[9217,15795],[47,-37],[22,49],[-25,26],[-44,-38]],[[9278,15597],[-18,-30],[64,-62],[-13,-44],[35,-27],[23,-86]],[[9369,15348],[-77,-9],[11,-65],[-58,-26],[-33,-56],[-108,-19]],[[9104,15173],[-44,57],[-31,-62],[-56,7],[-49,-78]],[[8924,15097],[-26,6]],[[9521,15288],[0,-119],[-33,-30],[8,-109]],[[9496,15030],[-60,29]],[[9436,15059],[-4,-25]],[[9432,15034],[-57,-27],[-72,30],[-88,-43],[-25,-26]],[[9190,14968],[-40,17],[-31,40],[58,42],[55,2],[11,64],[-10,45],[-89,-71],[-40,66]],[[9369,15348],[39,-67],[52,54],[61,-47]],[[9803,15093],[-172,-3],[-39,43],[-30,-32],[17,-58],[-83,-13]],[[9521,15288],[6,105],[47,70],[79,16],[35,29],[60,8],[42,-37]],[[9790,15479],[15,-37],[45,-27],[-39,-57],[-62,-7],[25,-73],[-6,-72],[11,-57]],[[9779,15149],[24,-56]],[[9436,15059],[-4,-25]],[[9787,15540],[3,-61]],[[9585,15629],[95,-28],[101,20],[6,-81]],[[9822,14853],[1,-61],[-20,-43],[-71,-1],[-82,25]],[[9650,14773],[-87,62],[-72,-77],[-36,63],[-32,-35],[-82,21],[-93,73],[-29,-33],[-41,-5],[-8,79]],[[9170,14921],[20,47]],[[9803,15093],[30,-60],[3,-101],[-14,-79]],[[9170,14921],[-135,-6],[-52,59]],[[8983,14974],[-64,49],[5,74]],[[9134,16176],[10,2]],[[9229,13940],[-74,-15],[-16,-57]],[[9139,13868],[-21,-13],[-148,-10],[-28,-21]],[[8942,13824],[-25,-1]],[[8917,13823],[0,85],[-17,48],[119,46],[24,61],[35,26],[57,-25]],[[9135,14064],[94,-124]],[[9139,13868],[49,-15],[-18,-82],[-19,-19]],[[9151,13752],[-43,-85]],[[9108,13667],[-85,3]],[[9023,13670],[-38,25]],[[8985,13695],[-2,40],[-41,89]],[[9153,13495],[-161,19]],[[8992,13514],[-26,97],[40,21],[17,38]],[[9108,13667],[74,-32],[3,-36],[-42,-33],[44,-29],[-34,-42]],[[9389,13932],[66,-66],[20,-62]],[[9475,13804],[-46,-32],[9,-44],[-46,2]],[[9392,13730],[-63,25],[-39,-18],[-139,15]],[[9229,13940],[65,-11],[-32,67],[56,15],[71,-79]],[[9384,13449],[-35,16],[-109,-48],[-73,1],[-14,77]],[[9392,13730],[45,-46],[-9,-67],[-29,-41],[39,-35],[0,-68],[-54,-24]],[[9777,13517],[-103,19],[-50,-30],[-20,-46],[-85,-46],[16,-117]],[[9535,13297],[-71,-7],[-71,20]],[[9393,13310],[-17,64],[8,75]],[[9475,13804],[55,11],[75,-34],[50,-8],[51,57],[50,32],[51,-23],[24,21]],[[9831,13860],[45,-30],[105,-188],[-50,-31],[-63,-13],[-45,-56],[-46,-25]],[[9032,14416],[-28,-58]],[[9004,14358],[-53,3],[-25,-29],[-97,-18],[-107,32]],[[8764,14639],[68,-5],[49,20]],[[8881,14654],[43,-11],[46,24],[41,-55],[-28,-34],[2,-48],[27,-117],[20,3]],[[9650,14773],[-33,-89],[4,-109]],[[9621,14575],[5,-81],[18,-31],[-6,-53],[-26,-38],[75,-21]],[[9687,14351],[40,-86]],[[9727,14265],[-97,25],[-41,-4],[-108,36],[-75,13],[-67,-36]],[[9339,14299],[-41,38]],[[9298,14337],[-4,49],[31,49],[-51,36],[-55,-48],[-44,-5],[-52,-33],[-33,22],[-58,9]],[[8881,14654],[48,147],[-3,90],[60,5],[-3,78]],[[9227,14549],[89,-4],[33,-14],[20,45],[32,5],[47,-74],[25,19],[20,81],[-24,25],[-70,17],[-26,54]],[[9373,14703],[-66,58]],[[9307,14761],[-54,57],[-46,-107]],[[9207,14711],[1,-69]],[[9208,14642],[2,-2]],[[9210,14640],[-64,-20],[3,-51],[62,-44],[16,24]],[[9298,14337],[-16,-54],[57,16]],[[9727,14265],[10,-27]],[[9737,14238],[-124,6],[-49,-37],[-166,-14],[-27,-24],[57,-90],[-17,-99],[-22,-48]],[[9135,14064],[-100,69],[38,40],[-43,106],[23,41],[-1,44],[-48,-6]],[[8917,13823],[-58,16],[-42,30],[-63,18],[-52,-3],[-69,60],[-49,5],[-15,113],[-16,25],[84,52],[-2,52]],[[9766,14122],[8,-50],[43,-100],[-4,-73],[18,-39]],[[9737,14238],[7,-69],[22,-47]],[[9292,14636],[-5,27]],[[9287,14663],[56,14],[30,26]],[[9227,14549],[65,87]],[[9210,14640],[37,12]],[[9247,14652],[45,-16]],[[9245,14673],[-38,38]],[[9307,14761],[-24,-14],[-26,-78]],[[9257,14669],[-12,4]],[[9247,14653],[-39,-11]],[[9245,14673],[2,-20]],[[9247,14653],[0,-1]],[[9257,14669],[30,-6]],[[11976,12277],[-106,-10],[16,-152],[-52,-76],[30,-111]],[[11864,11928],[-42,-24],[21,-121],[22,-166],[-57,-58],[-46,6],[-24,-32],[-116,-17]],[[11622,11516],[-93,-2],[-63,11],[-39,-52],[-56,-148],[-58,-26],[-52,3],[-19,54]],[[11242,11356],[34,69],[-24,32],[77,80],[39,19],[-8,63],[23,50],[-22,36],[9,79],[-12,37],[43,60],[-14,53],[-39,63],[-41,-3],[-44,70],[-105,-50],[-136,69],[-95,-11],[-184,-4]],[[10743,12068],[-80,26]],[[10663,12094],[-7,190],[21,41]],[[10677,12325],[43,39],[48,5],[104,-33],[50,10],[18,62],[-30,79],[65,118],[-52,123]],[[10923,12728],[67,10],[74,70],[98,-28],[97,18],[129,-35],[49,-23],[73,58],[127,26],[65,-4]],[[11702,12820],[9,-69],[41,-60],[105,-85],[134,-135],[-37,-109],[22,-85]],[[11323,12121],[31,-51],[34,-17],[100,143],[-56,-4],[-109,-71]],[[12553,11865],[-181,37],[-47,29]],[[12325,11931],[-41,19],[-22,66],[-99,88],[-43,52],[-61,52],[-32,70],[-51,-1]],[[11702,12820],[19,31],[-36,71],[101,41],[-57,53],[23,145],[65,28],[26,29],[-7,74],[-119,87],[-18,27],[6,84]],[[11705,13490],[147,-53],[179,-101],[79,69],[-28,165],[252,160],[121,-16],[535,-120],[53,-2]],[[13043,13592],[21,-18],[152,-189],[54,-86],[101,-57],[70,-69],[-86,-106],[-44,-129],[-76,-65],[-124,-183],[-59,-69],[-98,-166],[-157,-231],[-82,-63],[-89,-47],[-73,-249]],[[12325,11931],[-82,-32],[-5,-98],[48,-136],[5,-70],[-59,15],[-61,-15],[-19,-21],[-22,-116]],[[12130,11458],[-37,81],[-46,149],[36,35],[-82,119],[-116,38],[-21,48]],[[11981,11917],[75,-60],[2,136],[-77,-76]],[[12601,11013],[-32,6]],[[12569,11019],[-37,4],[-34,-32],[-225,-9],[-91,4]],[[12182,10986],[-16,181],[-36,291]],[[12553,11865],[-26,-90],[48,-185],[26,-178],[-16,-330],[-15,-34],[31,-35]],[[11242,11356],[-71,-27],[-7,-43],[-32,-15]],[[11132,11271],[-79,51],[-36,91],[42,72],[-20,20],[-137,15],[59,45],[-14,26],[-239,71],[-58,49],[-29,-1]],[[10621,11710],[68,39],[-22,47],[76,272]],[[10621,11710],[-5,41],[-115,-16],[-71,26],[-116,-32],[-57,-35],[-72,-146],[-8,-70]],[[10177,11478],[-63,32],[-6,155]],[[10108,11665],[-8,61],[-97,159],[31,90]],[[10034,11975],[-30,52],[-35,-25],[-61,50]],[[9908,12052],[49,8],[54,-23],[127,35],[51,22],[90,-25],[109,62],[51,-55],[23,10],[23,66],[34,-102],[143,-45],[1,89]],[[10923,12728],[-23,88],[-36,86]],[[10864,12902],[89,45]],[[10953,12947],[115,109],[115,130],[100,216],[37,132],[-28,34],[-6,90]],[[11286,13658],[196,-84],[152,11],[67,-33],[4,-62]],[[11132,11271],[-38,-155],[-64,-64]],[[11030,11052],[-26,28],[-9,80],[-16,28],[-110,9],[-133,-82]],[[10736,11115],[-118,63],[-29,35],[-106,65],[-49,-25],[-134,-5]],[[10300,11248],[-40,137],[-39,23],[-44,70]],[[10114,14797],[4,-101],[78,-66],[18,31],[42,1],[-8,-148],[73,16],[35,-8],[8,-81],[-31,-177],[28,-127],[94,-18],[32,-28],[38,-67],[65,-24],[103,40],[56,-20]],[[10749,14020],[-71,-91],[-100,-147]],[[10578,13782],[-59,31],[-81,4],[-57,-41],[20,-143],[17,-41],[-55,-20],[-52,64],[-54,29],[-68,-14]],[[10189,13651],[-40,117],[-23,3],[-75,93],[-72,28],[-9,140],[12,35]],[[9982,14067],[15,54],[-21,39],[20,47],[-46,123],[12,108],[-80,-27],[4,45]],[[9886,14456],[-8,83],[55,15],[22,39],[-9,77],[113,52],[7,37]],[[10066,14759],[48,38]],[[10017,15514],[-49,-65],[-12,-52],[-56,-45],[10,-74],[-50,-107],[-81,-22]],[[9787,15540],[15,-4],[75,65],[140,-87]],[[9982,14067],[-128,50],[-88,5]],[[9687,14351],[61,13],[32,49],[-14,46],[76,9]],[[9842,14468],[44,-12]],[[10189,13651],[-25,-35],[-15,-105],[-77,-195]],[[10072,13316],[-24,-6],[-160,42],[-99,-26],[8,-40]],[[9797,13286],[-60,71],[36,55],[-17,36],[21,69]],[[10967,15704],[-425,-238],[-92,-41],[65,-156],[-119,-126],[-61,-32],[-119,-40],[-34,-158],[-1,-76],[-57,-12],[-10,-28]],[[10066,14759],[-100,-8],[-56,23],[-8,96],[-57,5],[-23,-22]],[[10017,15514],[6,56],[68,-10],[45,15],[94,-9],[119,63],[50,77],[46,3],[114,191],[351,-147]],[[10910,15753],[57,-49]],[[9990,16025],[37,11],[65,69],[121,16],[118,-28],[154,-80],[77,-49],[86,-39],[144,-90],[118,-82]],[[12098,14672],[-28,-20],[-377,-346],[-20,-131],[-194,-164],[-91,-84],[-262,31],[-165,7],[-98,12],[-109,42]],[[10754,14019],[-5,1]],[[10967,15704],[5,3],[236,-188],[344,-298],[247,-241],[91,-120],[208,-188]],[[11286,13658],[-251,105],[-197,21],[-84,235]],[[12098,14672],[102,-99],[115,-124],[180,-169],[70,-82],[132,-124],[134,-155],[111,-203],[101,-124]],[[9621,14575],[91,-25],[36,21],[73,-45],[21,-58]],[[10624,8575],[-144,-220],[-117,-116],[-11,-113],[-97,-48]],[[10255,8078],[24,83],[-11,22]],[[10268,8183],[-7,62],[-36,46],[-60,206],[-21,14]],[[10144,8511],[18,88],[94,-8]],[[10256,8591],[21,-46],[48,-56],[42,61],[-25,83],[-59,32],[-48,-5]],[[10235,8660],[-1,83],[44,41]],[[10278,8784],[16,-24],[117,-95],[77,-53],[53,-23],[83,-14]],[[10268,8183],[-43,17],[-55,-84],[2,-47],[64,-28]],[[10236,8041],[-86,-108]],[[10150,7933],[-64,-35],[-58,23],[37,73],[21,80],[-24,48],[-50,18],[-74,-5],[6,38],[-47,56],[-14,92],[-45,19],[-86,-12]],[[9752,8328],[-7,50],[86,82],[-23,62],[42,-1]],[[9850,8521],[45,26],[53,-15],[68,-42],[39,19],[89,2]],[[11098,10006],[-17,-34],[5,-83],[-128,-41],[11,-78],[44,-64],[-17,-30],[-84,-47],[-90,-77],[-16,-32]],[[10806,9520],[-63,16]],[[10743,9536],[64,50],[3,35],[50,33],[-26,38],[15,50],[-58,66],[-10,57],[11,45],[57,7],[2,64],[-40,57]],[[10811,10038],[-17,83]],[[10794,10121],[33,-54],[39,-21],[14,-39],[41,-38],[79,44],[48,-25],[50,18]],[[10439,9038],[-9,-66],[16,-43],[-31,-59],[-63,-27],[-11,-32],[-63,-27]],[[10235,8660],[21,-69]],[[9850,8521],[-37,55],[-29,11]],[[9784,8587],[23,33],[73,20],[13,89],[58,70],[-22,81],[-44,-6],[-5,69],[-61,17]],[[9819,8960],[28,57],[-14,32]],[[9833,9049],[10,57],[58,18]],[[9901,9124],[99,-8],[32,7],[85,-51],[97,7],[225,-41]],[[11384,9553],[76,-28],[-24,-45],[-213,-202],[-64,-91]],[[11159,9187],[-67,-100]],[[11092,9087],[-38,4],[-140,54],[-138,39],[-163,57],[-119,51],[-15,17],[-109,22]],[[10370,9331],[51,110],[81,36],[13,38]],[[10515,9515],[49,32],[57,-28],[52,20],[70,-3]],[[10806,9520],[35,-18],[96,7],[48,71],[88,1],[19,-21],[66,-10],[96,23],[59,2],[71,-22]],[[9784,8587],[-80,-10]],[[9704,8577],[-48,84]],[[9656,8661],[59,6],[-9,38],[52,31],[73,-28],[0,89],[-36,32],[-1,43],[25,88]],[[9833,9049],[-24,33],[-26,99],[15,37]],[[9798,9218],[37,6],[112,-33]],[[9947,9191],[-46,-67]],[[11092,9087],[-76,-178],[-9,-131]],[[11007,8778],[-52,-61],[-77,-19],[-110,-8],[-82,-45],[-62,-70]],[[10439,9038],[2,38],[-65,31],[-17,58],[25,42],[-45,69],[31,55]],[[11411,9862],[-6,-51],[-54,-177],[33,-81]],[[11098,10006],[52,-1],[12,60],[66,-24],[52,13],[66,-47],[93,-12]],[[11439,9995],[-28,-133]],[[10515,9515],[-25,77],[1,45]],[[10491,9637],[78,134],[4,116],[56,72],[-36,80],[38,18],[82,-31],[70,12]],[[10783,10038],[28,0]],[[10255,8078],[-19,-37]],[[10677,12325],[-48,56],[-71,-2],[-99,-26],[-63,79],[-113,-20],[-106,9],[-40,-36],[-107,-45],[-157,-27],[-34,9]],[[9839,12322],[12,31],[-15,100],[-31,78]],[[9805,12531],[37,-24],[49,2],[40,51],[18,61],[50,18],[75,-10],[78,39],[79,19],[40,136]],[[10271,12823],[74,-10],[24,-55],[97,-54],[129,19],[22,60],[55,7],[32,63],[103,14],[57,35]],[[9908,12052],[-74,117],[5,153]],[[10578,13782],[-9,-46],[-55,-133],[-17,-105],[130,-119],[83,-52],[-15,-125],[7,-72],[145,-78],[106,-105]],[[10271,12823],[1,34],[-139,102],[-106,-41]],[[10027,12918],[-52,55],[46,33],[66,4],[4,39],[42,52],[-39,105],[-22,110]],[[10027,12918],[-28,-29],[-117,-59],[-28,36],[-85,50],[-1,34],[-16,21]],[[9752,12971],[19,39],[-23,72],[95,112],[-46,92]],[[9805,12531],[-19,37],[29,51],[-47,16],[-41,139],[11,63],[28,3],[-4,112],[-10,9]],[[9752,12961],[0,10]],[[10736,11115],[-39,-42],[-44,-86],[11,-122],[-12,-103]],[[10652,10762],[-97,13],[-70,-22],[-27,-25],[-62,38],[-13,33],[-132,17]],[[10251,10816],[20,71],[-45,-2],[-37,61],[30,21],[61,107],[10,103],[26,18],[-16,53]],[[9947,9191],[79,4],[-26,35],[24,43]],[[10024,9273],[4,46],[60,35],[15,87],[37,47],[-43,62],[-39,25],[-121,-1],[-25,18]],[[9912,9592],[-7,12]],[[9905,9604],[24,42],[-11,41]],[[9918,9687],[21,19],[64,-11],[108,3],[91,-11],[30,23]],[[10232,9710],[24,-18],[130,-7],[105,-48]],[[10731,10484],[2,-28]],[[10733,10456],[-74,4],[-40,-12],[-12,43],[-64,52],[-57,1],[-39,39],[-39,0],[-102,-98],[-100,-71]],[[10206,10414],[-23,142]],[[10183,10556],[-24,102],[28,42],[64,53],[0,63]],[[10652,10762],[-13,-35],[4,-103],[20,-47],[68,-93]],[[10783,10038],[-49,42],[-62,9],[-61,57],[-23,43],[-107,18],[8,115],[-27,22],[-45,-50],[-80,-26],[-75,5],[-33,-15]],[[10229,10258],[-23,156]],[[10733,10456],[26,-149],[50,-60],[-2,-93],[-13,-33]],[[10232,9710],[-35,125],[38,122],[7,63],[1,196],[-14,42]],[[12182,10986],[-155,-10],[-25,12],[-132,-4],[-46,-9],[-25,-34]],[[11799,10941],[-14,-19]],[[11785,10922],[-103,91],[0,30],[-38,66],[-12,51],[-47,86],[-62,21],[0,77],[178,-2],[-18,102],[-61,72]],[[11785,10922],[-12,-83],[-59,-98],[-34,-24]],[[11680,10717],[-50,18],[-158,-52],[-1,-39]],[[11471,10644],[-54,23],[-88,-28],[8,55],[-51,104],[-45,50],[-63,-37],[-24,-50],[-58,32],[-28,48],[-4,84],[-34,127]],[[11471,10644],[-44,-57],[-48,-189],[-21,-39],[-74,27],[-193,53],[-32,14],[-32,103],[-53,65],[-95,11],[-37,-42],[10,-59],[-84,-13],[-37,-34]],[[11680,10717],[-128,-144],[14,-117],[-57,-179],[-24,-112],[-46,-170]],[[6835,14864],[12,-66],[-22,-37],[34,-61],[23,-2],[12,-81],[70,17],[54,-41],[61,29],[31,39],[57,11],[18,-29],[55,-20],[80,39],[43,-33],[40,32],[39,-20],[41,15]],[[7483,14656],[10,-42],[-28,-31],[57,-39],[5,-91]],[[7527,14453],[-88,-9],[-26,-34],[16,-82],[41,9],[30,-61],[-18,-40],[-90,31]],[[7392,14267],[-41,24],[-86,-7],[-50,-46],[-92,23],[-31,-23],[-42,14],[-8,56],[27,30],[-20,37],[-42,-33],[-125,22],[-34,55],[-78,1],[-44,106],[34,32],[12,45],[-58,41]],[[6714,14644],[51,119],[28,23]],[[6793,14786],[42,78]],[[7623,14386],[9,41],[56,42],[46,-23],[46,76],[99,22],[44,-7],[44,34],[75,-22]],[[8042,14549],[40,-29],[64,-11]],[[8146,14509],[-89,-34],[8,-59],[46,-1],[6,-41]],[[8117,14374],[-61,19],[-83,-24],[1,-75],[-35,-25],[-16,-43]],[[7923,14226],[-40,-21],[3,-45],[-31,-67],[-36,-26],[-107,-13],[-12,-98],[-40,-29]],[[7660,13927],[-48,31],[-19,83],[-35,80],[46,20],[7,55],[75,95],[-17,66],[-46,29]],[[7527,14453],[29,9],[29,-53],[38,-23]],[[7660,13927],[-25,-53],[50,-9],[39,-37],[-52,-21],[-46,-153],[1,-59]],[[7627,13595],[-26,-8]],[[7601,13587],[-23,90],[-49,12],[4,107],[-63,-26],[-40,22],[-12,40],[-38,22],[-7,-59],[-35,17],[-2,85],[-55,19],[-53,-65],[-40,41],[-31,91],[61,68]],[[7218,14051],[50,80],[-44,21],[57,69],[111,46]],[[6475,14481],[124,60],[38,4],[56,54],[21,45]],[[7218,14051],[-72,47],[-79,-71],[-47,-22]],[[7020,14005],[-64,39],[-2,29],[-50,64],[-107,-70],[-5,51],[-46,20],[-12,30],[-85,26],[-72,59],[10,84],[-82,52]],[[6505,14389],[-30,92]],[[7020,14005],[-16,-62],[26,-137],[-111,29]],[[6919,13835],[-89,-6],[-83,-64],[-74,25],[-82,89],[-37,-15],[-45,30],[-12,44]],[[6497,13938],[-11,116],[-35,36],[-72,-4]],[[6379,14086],[-1,26],[83,107],[40,8],[8,37],[-26,102],[22,23]],[[7483,14656],[71,-7],[58,24],[9,51]],[[7621,14724],[48,23],[67,-19],[84,41],[127,-26],[-17,-35],[-65,-28],[21,-49],[72,15],[40,33],[47,-15],[56,52]],[[8120,14649],[-39,-6],[-46,-43],[7,-51]],[[8146,14509],[50,20]],[[8212,14370],[-95,4]],[[7080,12552],[31,79],[-18,20],[-9,94],[31,39],[-19,25]],[[7096,12809],[2,124]],[[7098,12933],[86,6],[57,36],[24,-32],[58,39],[46,-11],[76,55],[88,42],[36,28],[45,80],[35,22],[36,65],[71,30]],[[7756,13293],[13,-70],[0,-83],[19,-66],[66,-84],[-23,-55]],[[7831,12935],[-21,-25]],[[7810,12910],[-94,0],[-82,-34],[-42,-1],[-20,-50],[11,-63],[-81,-6],[-41,-50],[34,-62],[-1,-29],[-46,-24],[-36,-44],[-51,-6],[-7,-49]],[[7354,12492],[-35,-61]],[[7319,12431],[-67,39],[-23,29],[-41,0],[-37,61],[-32,-3]],[[7119,12557],[-39,-5]],[[6325,12629],[5,4]],[[6330,12633],[167,-15],[125,76],[96,18],[93,58],[-85,71],[-41,63],[-6,54],[91,19],[36,36]],[[6806,13013],[80,-85],[27,-72],[47,4],[40,45],[39,-16],[30,-78],[27,-2]],[[7080,12552],[-138,-12],[-72,1],[-80,-21],[-84,-54],[-78,-18],[-47,47],[-59,-7],[-207,128]],[[6315,12616],[10,13]],[[6297,12593],[18,23]],[[7119,12557],[15,-28],[-35,-82],[-43,-40],[-32,-140],[-29,-9],[-26,-55],[8,-47],[-44,-47],[51,-32]],[[6984,12077],[-24,-41],[-34,-6]],[[6926,12030],[-115,4],[-42,19],[6,42],[-56,89],[-49,7],[-40,94],[-47,29],[-111,0],[-41,45],[-131,66]],[[6300,12425],[9,123],[-12,45]],[[7319,12431],[13,-22],[-30,-51],[71,-90],[42,-102],[-28,-53],[50,-41]],[[7437,12072],[-66,3],[-111,28],[-64,-65],[-82,14],[-45,22],[-25,-38],[-60,41]],[[7080,12324],[98,-129],[67,66],[33,57],[-90,46],[-34,-25],[-64,5],[-10,-20]],[[7492,12066],[-3,60],[43,75],[25,70],[0,44],[88,50],[59,81],[10,45],[68,120]],[[7782,12611],[26,110],[20,15]],[[7828,12736],[22,-59],[95,-27],[24,-36],[56,-13],[47,-68]],[[8072,12533],[-18,-90],[-37,-18],[-76,-151],[35,-41],[-27,-46],[10,-27],[50,-22],[17,-43]],[[8026,12095],[-66,0],[-45,-62],[-92,1],[-35,-24],[-37,20],[-48,-65],[-55,10],[-19,-44]],[[7629,11931],[-59,-25],[-20,-64]],[[7550,11842],[-35,25]],[[7515,11867],[21,20],[-43,80],[-14,71],[13,28]],[[8026,12095],[40,-39],[-7,-101],[24,-44],[32,-15]],[[8115,11896],[63,-54],[11,-40],[-23,-25],[-1,-135]],[[8165,11642],[-77,-50],[-11,-25]],[[8077,11567],[-77,47],[-20,55],[-53,69],[-102,58],[-36,36],[-70,27],[-75,47],[-15,25]],[[7550,11842],[88,-164],[21,-23],[45,-104],[170,-213],[24,-12],[7,-75]],[[7905,11251],[-62,-76],[-13,-80]],[[7830,11095],[-41,58],[-68,5]],[[7721,11158],[-74,37],[-69,60],[-33,-11],[-51,15],[-84,-17],[-34,26]],[[7376,11268],[39,157],[-37,92],[-64,98],[-7,27],[20,71],[95,0],[26,127],[26,51],[41,-24]],[[7437,12072],[55,-6]],[[7376,11268],[-53,-5]],[[7323,11263],[-59,2],[-78,22],[-39,41]],[[7147,11328],[10,47],[-21,23],[21,59],[44,62],[-15,44],[-3,114],[19,106],[-87,59],[-52,-10],[-42,12]],[[7021,11844],[28,38],[-103,69],[-40,55],[20,24]],[[7209,11935],[49,11],[53,90],[-38,9],[-38,-45],[-26,-65]],[[6621,11735],[26,16],[-39,53],[-26,-21],[-36,53],[-43,17]],[[6503,11853],[-44,83],[42,35],[-55,81],[-10,48],[-81,-17],[-85,102],[-8,59]],[[6262,12244],[43,78],[-5,103]],[[7021,11844],[-34,-45],[-35,-85],[-73,-46],[-16,-44],[-51,1],[38,-130],[-20,-48]],[[6830,11447],[-67,51]],[[6763,11498],[-57,75],[-44,79]],[[6662,11652],[-41,83]],[[7147,11328],[-69,-12],[-42,30],[-52,3],[-37,35]],[[6947,11384],[-36,26],[-55,10],[-26,27]],[[7354,12492],[52,-14],[56,-74],[45,28],[45,-2],[91,34],[64,126],[75,21]],[[7810,12910],[-19,-90],[24,-20],[13,-64]],[[8077,11567],[-21,-91],[-30,-52]],[[8026,11424],[-51,-54],[3,-62],[-73,-57]],[[7831,12935],[67,-33],[40,19],[121,-15],[80,-19],[72,36],[119,-42],[72,14]],[[8402,12895],[118,-37],[40,1]],[[8560,12859],[-25,-70],[-44,-22],[8,-60],[33,-55],[-117,-95],[-80,-13],[-15,-19]],[[8320,12525],[-62,23],[-49,-20],[-48,15],[-89,-10]],[[9839,12322],[-100,26],[-44,35],[-59,-33]],[[9636,12350],[-111,-21],[-27,-20]],[[9498,12309],[-90,-11]],[[9408,12298],[-78,23],[-28,79]],[[9302,12400],[14,108],[29,86],[-109,-20],[-38,63],[-17,81],[-35,57],[23,50],[-37,40],[-13,63]],[[9119,12928],[64,-7],[52,42],[96,2],[29,-90],[42,-13],[46,21],[39,54],[106,-2],[75,20]],[[9668,12955],[4,-24],[80,30]],[[9302,12400],[-58,16],[-45,48],[-34,-25],[-88,-142]],[[9077,12297],[-4,21],[-85,4]],[[8988,12322],[-49,25],[-83,-26],[-124,50]],[[8732,12371],[89,30],[-17,67],[37,40],[11,68],[41,79],[35,9],[33,153],[42,104]],[[9003,12921],[41,12],[75,-5]],[[8320,12525],[33,-61],[-4,-44],[35,-51],[75,-27]],[[8459,12342],[-5,-110],[-23,-63],[9,-32],[-9,-82]],[[8431,12055],[18,-16],[-22,-56]],[[8427,11983],[-138,51],[-33,-34],[-32,-66],[6,-26]],[[8230,11908],[-87,25],[-28,-37]],[[8877,12237],[31,-54],[35,-6]],[[8943,12177],[13,-42],[-7,-58],[-66,-42],[-40,-7],[-46,-56],[-41,-6],[-94,-98],[-112,-68]],[[8550,11800],[-62,-1],[-97,40],[-29,-8],[-80,62],[-52,15]],[[8427,11983],[54,0],[21,47]],[[8502,12030],[114,51],[14,65],[66,22],[38,30],[48,-33],[22,49],[43,-23],[30,46]],[[9653,12247],[-9,32]],[[9644,12279],[9,-32]],[[9408,12298],[-31,-61],[11,-69]],[[9388,12168],[-36,-53],[19,-42]],[[9371,12073],[-6,-54],[-50,-14],[-37,-86],[-57,-27],[-160,12]],[[9061,11904],[36,91],[52,41],[51,17],[42,44],[-44,57],[3,80],[-83,10],[-37,25]],[[9081,12269],[-4,28]],[[9636,12350],[8,-71]],[[9653,12247],[23,-29],[-3,-63],[-64,21],[-40,-28],[-86,7]],[[9483,12155],[-31,84],[46,70]],[[10034,11975],[-73,-27],[-89,-76],[-54,-28],[-27,-61],[-58,-43],[-54,-6]],[[9679,11734],[-44,-13],[-41,15],[-50,-11]],[[9544,11725],[-14,53],[-53,28],[-52,-10],[26,58],[-40,71],[18,45],[-22,97],[-36,6]],[[9388,12168],[95,-13]],[[8732,12371],[-25,-23],[-62,-14],[-99,34],[-31,-22],[-56,-4]],[[8560,12859],[50,-18],[52,-43],[-18,-60],[90,-15],[52,-48],[33,37],[-5,69],[50,3],[36,91],[62,94]],[[8962,12969],[41,-48]],[[8577,11616],[-54,-7],[-49,-71],[-45,46],[-66,13],[-31,-23],[-91,33],[-53,40],[-23,-5]],[[8550,11800],[50,-90],[-37,-57],[14,-37]],[[8988,12322],[-28,-25],[-81,-35],[-2,-25]],[[8502,12030],[-35,36],[-36,-11]],[[9081,12269],[-47,-45],[-72,-23],[-19,-24]],[[10161,10856],[-94,-21],[-105,-14],[-32,-21]],[[9930,10800],[-12,106],[-71,-8]],[[9847,10898],[-33,36],[11,79],[22,22],[43,-10],[27,30],[22,60],[64,-19]],[[10003,11096],[25,-44],[56,-43],[-45,-64],[106,-64],[16,-25]],[[9087,11678],[20,-54],[-69,-198]],[[9038,11426],[-6,-161],[-12,-71],[21,-55],[53,-44],[-4,-42]],[[9090,11053],[-5,-59],[-50,-28],[-60,39]],[[8975,11005],[-17,15]],[[8958,11020],[-47,21],[-86,-83],[-20,20],[-85,-14]],[[8720,10964],[12,151],[57,95],[-29,22],[52,75],[-30,23],[47,96],[-65,81],[-77,47],[-39,79]],[[8648,11633],[53,32],[167,40],[96,51]],[[8964,11756],[117,-52],[6,-26]],[[9433,11454],[22,-55],[-17,-68],[27,-60],[-12,-46],[-57,24]],[[9396,11249],[-42,-2],[-4,44],[-93,82],[10,-97],[-11,-38],[-68,7],[-26,-19],[-38,47],[-48,110],[-38,43]],[[9087,11678],[54,-10],[97,4],[47,-12],[26,-76],[68,-51],[15,-42],[39,-37]],[[9544,11725],[-75,-50],[34,-100],[-32,-54],[6,-38],[-44,-29]],[[8964,11756],[61,133],[36,15]],[[9679,11734],[-33,-58],[14,-63],[-30,-116],[38,-18],[21,-53]],[[9689,11426],[9,-62],[-34,-42],[5,-33]],[[9669,11289],[-51,-2]],[[9618,11287],[-46,31],[-29,-9],[-30,58],[-37,16],[-43,71]],[[8648,11633],[-25,-23],[-46,6]],[[9794,11505],[56,-117],[96,-45],[23,-37],[1,-48],[-22,-45],[51,-89],[4,-28]],[[9847,10898],[-82,-40],[-117,23],[-38,-26],[-64,30]],[[9546,10885],[-14,48],[23,29],[10,78]],[[9565,11040],[80,-13],[5,71]],[[9650,11098],[53,69]],[[9703,11167],[50,52],[-31,60],[-37,7]],[[9685,11286],[-16,3]],[[9689,11426],[65,0],[-7,63],[47,16]],[[9546,10885],[51,-137],[5,-92]],[[9602,10656],[-63,-19],[-19,23],[-92,-67],[-25,-40],[-67,-50],[-46,67]],[[9290,10570],[35,125],[101,104],[-14,67],[33,37],[-25,33]],[[9420,10936],[34,126],[111,-22]],[[9420,10936],[-20,26],[-58,-31],[-8,-50],[-58,-18],[-19,25],[-46,-31]],[[9211,10857],[-44,-2],[-22,64],[-39,18],[-16,116]],[[9396,11249],[5,-62],[23,-55],[30,19],[52,-44],[20,12]],[[9526,11119],[18,-35],[106,14]],[[9703,11167],[-42,25],[24,94]],[[8958,11020],[17,-15]],[[9211,10857],[-65,-97],[-48,-31]],[[9098,10729],[-14,43],[-39,-8],[-48,28],[-48,-25],[-42,11],[-11,-66],[-28,-84],[-22,0]],[[8846,10628],[-99,3],[-31,46],[-75,-24],[-13,24],[-66,28],[-59,-9]],[[8503,10696],[-52,14]],[[8451,10710],[18,42],[-5,54],[18,60]],[[8482,10866],[49,9],[37,44],[63,4],[27,-17],[42,47]],[[8700,10953],[20,11]],[[8026,11424],[132,-22],[51,-43],[77,-9],[70,-58],[57,-26],[42,-47],[77,-32],[91,-84],[49,-123],[28,-27]],[[8482,10866],[-154,4]],[[8328,10870],[-3,36],[-82,142],[-107,18],[-101,63],[-100,-62],[-68,-95]],[[7867,10972],[-37,123]],[[7836,10509],[55,87],[-11,74],[29,58],[-6,26]],[[7903,10754],[64,12],[97,57],[93,26],[171,21]],[[8451,10710],[-11,-54],[-30,0],[-30,-48],[-115,-14],[-43,-70],[-40,-6],[-87,-44],[-173,0],[-97,-63]],[[7825,10411],[-10,37],[21,61]],[[8846,10628],[-4,-38],[50,-90],[10,-47],[-100,70],[-21,33],[-47,-18],[-6,-54],[19,-52],[62,-28],[25,-41]],[[8834,10363],[-53,-109],[-51,-29],[-8,-61],[-44,-19]],[[8678,10145],[-61,-26],[-72,-52],[-47,28],[-134,13]],[[8364,10108],[-106,7],[-45,28]],[[8213,10143],[36,88],[22,21],[18,63],[65,48],[45,48],[41,100],[-29,69],[37,28],[60,18],[-35,33],[30,37]],[[9166,10088],[-12,-15]],[[9154,10073],[-59,-54],[-52,-23],[-32,-38],[-42,-94],[-60,-35]],[[8909,9829],[-80,24]],[[8829,9853],[43,80],[64,58],[-87,8],[-57,78],[-99,-37],[-2,90],[-13,15]],[[8834,10363],[18,26],[98,56],[57,-24],[56,27]],[[9063,10448],[46,-15],[54,-101],[20,-111],[-18,-32],[1,-101]],[[9290,10570],[-15,-8],[-13,-173],[34,-67],[-44,-56],[-4,-36]],[[9248,10230],[-43,-66],[0,-27],[-39,-49]],[[9063,10448],[24,62],[29,30],[-22,134],[4,55]],[[8213,10143],[-40,3],[-80,-20],[-37,13],[-100,-9],[-92,-18]],[[7864,10112],[-21,129],[11,46],[-32,91]],[[7822,10378],[3,33]],[[9526,11119],[9,73],[73,41],[10,54]],[[7903,10754],[-22,53],[27,57],[-41,108]],[[10108,11665],[-75,-12],[-56,-71],[-68,-34],[-54,-10],[-61,-33]],[[8829,9853],[-96,-47],[-103,-20],[-90,12],[-23,-15],[-76,3],[-32,-39],[-38,12]],[[8371,9759],[-25,59],[3,93],[36,76],[-21,121]],[[8909,9829],[52,-49],[14,-61]],[[8975,9719],[-86,-19],[-87,-47],[-75,-80],[-113,-71],[-30,-27],[-94,-26]],[[8490,9449],[-71,11],[-29,34],[-91,34]],[[8299,9528],[-117,50]],[[8182,9578],[-72,36]],[[8110,9614],[-8,53]],[[8102,9667],[84,-9],[128,62],[57,39]],[[8490,9449],[65,-70],[57,-28],[66,-8]],[[8678,9343],[-8,-63],[-60,-30],[-20,-29]],[[8590,9221],[-43,15],[-32,-33],[11,-34]],[[8526,9169],[-35,19],[-37,-28],[-101,73]],[[8353,9233],[-44,88],[-24,92],[17,39],[-3,76]],[[8966,9415],[-60,-26],[-14,-66],[-80,-4],[-47,38],[-87,-14]],[[8975,9719],[60,-42],[-22,-79]],[[9013,9598],[-57,-86],[10,-97]],[[9248,10230],[30,-14],[46,19],[94,0],[39,33],[102,52],[20,-8],[74,56]],[[9653,10368],[44,38],[33,-38],[29,-93]],[[9759,10275],[-31,-33],[24,-191],[17,-38],[-16,-62]],[[9753,9951],[-38,13],[-131,-10],[-46,-33]],[[9538,9921],[-67,4],[-53,-12],[-96,-43],[-37,22]],[[9285,9892],[7,26],[-51,63],[33,29],[-9,39],[-74,-27],[-37,51]],[[9602,10656],[41,-33]],[[9643,10623],[-57,-49],[13,-47],[-24,-33],[43,-20],[1,-52],[32,-10],[2,-44]],[[9823,10566],[-47,-32],[10,-50],[33,-6],[2,-59],[79,-71],[3,-19]],[[9903,10329],[-70,-40],[-34,-51],[-40,37]],[[9643,10623],[99,23],[10,-60],[71,-20]],[[9938,10157],[15,-53]],[[9953,10104],[-12,-31]],[[9941,10073],[-35,-45],[5,-72],[33,-57],[-8,-71],[-24,-57],[1,-43]],[[9913,9728],[-70,54],[-64,80]],[[9779,9862],[5,66],[-31,23]],[[9903,10329],[23,-45],[-3,-105],[15,-22]],[[9779,9862],[-41,-35],[-50,-77],[-6,-64]],[[9682,9686],[-51,-32],[-93,-30],[-30,-24]],[[9508,9600],[-81,-4],[-60,-20],[-87,18],[-68,-40],[-59,10],[-39,-41],[-42,43]],[[9072,9566],[56,28],[37,44],[94,-3],[110,75],[49,76],[100,59],[75,26],[-55,50]],[[9798,9218],[-42,23],[-81,-3],[-22,-16]],[[9653,9222],[-22,12],[12,110]],[[9643,9344],[19,38],[-91,66],[-14,35],[47,90],[-70,4],[-26,23]],[[9682,9686],[-27,-71],[7,-47],[-27,-38],[5,-59],[51,38],[84,11],[48,-30],[31,15],[26,-59],[-26,-79],[48,16],[32,-52],[-11,-51],[74,-22],[27,15]],[[9643,9344],[-58,15],[-7,37],[-109,-10],[-102,-31],[-143,17],[-88,36],[-122,106],[12,70]],[[9026,9584],[24,-6]],[[9050,9578],[22,-12]],[[9905,9604],[7,-12]],[[9913,9728],[5,-41]],[[9240,9010],[28,-19]],[[9268,8991],[30,-30],[77,24],[18,28],[91,-24],[-5,-91],[17,-88]],[[9496,8810],[-52,-18],[-38,-67],[-74,-31],[-2,-21],[-82,-75]],[[9248,8598],[-85,4],[-67,-86],[-51,-31],[-35,54],[-33,2]],[[8977,8541],[-13,12]],[[8964,8553],[38,79]],[[9002,8632],[46,51],[46,-17],[54,33],[37,-29],[47,43],[-33,47],[-79,49],[-86,0],[-30,45]],[[9004,8854],[27,54],[68,15],[24,51]],[[9123,8974],[73,47],[44,-11]],[[9510,8807],[111,-90],[35,-56]],[[9704,8577],[-62,-32],[-41,30],[-109,-6],[-31,-31],[-18,-66],[-55,-29],[-59,-2]],[[9329,8441],[-28,36],[29,57],[-82,64]],[[9496,8810],[14,-3]],[[9510,8807],[-2,42],[32,43],[10,66],[33,62],[43,5],[11,71],[-8,76],[24,50]],[[9309,8293],[-41,-58],[-58,2],[-61,-55],[-55,38]],[[9094,8220],[-48,126],[-116,-5]],[[8930,8341],[-39,41]],[[8891,8382],[59,69],[13,35]],[[8963,8486],[14,55]],[[9329,8441],[21,-36],[-45,-71],[4,-41]],[[9752,8328],[-43,-40]],[[9709,8288],[-47,9],[-34,-27],[-107,-14],[-44,-27],[-45,-54],[-57,26],[-66,92]],[[9709,8288],[-64,-26],[7,-40],[1,-223],[-24,-96],[-21,-41],[-80,-6]],[[9528,7856],[-63,-36],[-78,45],[-15,-71],[-73,-79],[-73,55],[-45,90],[-57,-34],[-1,-87],[-50,-6],[-25,29],[-45,-42]],[[9003,7720],[-28,7]],[[8975,7727],[-17,35],[15,52],[-41,74]],[[8932,7888],[-4,80],[35,49],[-10,58],[43,53],[12,79],[86,13]],[[9268,8991],[35,6],[35,53],[65,-1],[50,80],[-44,12],[-30,35],[-91,-11],[-35,-33],[-31,-72],[18,-50]],[[9123,8974],[12,73],[-48,-13],[27,70],[-10,45],[-30,37]],[[9074,9186],[15,11],[29,96],[-33,48],[-34,10],[-34,43],[-51,21]],[[9013,9598],[13,-14]],[[9285,9892],[-33,-74],[-47,-30],[-14,-44],[-57,-42],[-39,-86],[-45,-38]],[[9074,9186],[-50,25],[-57,-6],[-26,-51],[-71,6],[-78,-23],[-9,69],[-48,-11]],[[8735,9195],[-19,44],[-34,-15],[-92,-3]],[[8891,8382],[-38,52],[36,27],[-51,63],[48,30]],[[8886,8554],[32,2],[45,-70]],[[9953,10104],[-12,-31]],[[6654,10601],[102,28],[10,53],[-23,24],[-6,65],[-19,25],[-1,76],[27,65],[14,109],[35,14],[19,63],[-12,32]],[[6800,11155],[71,-93],[1,-28],[-35,-77],[-12,-98],[15,-97],[77,-78],[20,-66]],[[6937,10618],[-39,-56]],[[6898,10562],[-78,13],[-55,-19]],[[6765,10556],[-53,-2],[-55,19]],[[6657,10573],[-3,28]],[[7323,11263],[0,-28],[-50,-62],[-98,-57],[-2,-66],[20,-43]],[[7193,11007],[-9,-44],[27,-46],[-19,-102],[-30,-35],[20,-35]],[[7182,10745],[-51,-53],[-30,-8],[-41,-75]],[[7060,10609],[-60,25],[-63,-16]],[[6800,11155],[-89,-47]],[[6711,11108],[-34,83],[39,-8],[16,53],[131,22],[33,22],[10,90],[41,14]],[[7193,11007],[64,-17],[67,2],[28,19],[83,-30],[93,11]],[[7528,10992],[-34,-73],[0,-75],[-14,-43],[33,-46],[6,-49]],[[7519,10706],[-33,25],[-45,-8],[-76,54],[-88,1],[-50,-28],[-45,-5]],[[7836,10509],[-84,23],[-43,37],[-49,101],[-53,-3],[-88,39]],[[7528,10992],[-2,21],[116,55],[-7,40],[78,26],[8,24]],[[7822,10378],[-39,16],[-57,-14],[-40,10]],[[7686,10390],[-38,26],[-102,-5],[-79,21],[-144,80],[-55,66],[-34,18],[-105,-13]],[[7129,10583],[-41,0],[-28,26]],[[7686,10390],[-52,-30],[-44,-82],[4,-51],[-45,-23],[2,-71],[-59,12],[29,-65]],[[7521,10080],[-77,4],[-38,-55],[-54,5],[-31,60]],[[7321,10094],[-3,64],[27,39],[-31,42],[6,33],[-18,84],[-40,25],[-30,68],[-89,97],[-14,37]],[[7321,10094],[-90,-15]],[[7231,10079],[-35,63],[-55,62],[-32,79],[-36,24],[-18,66],[-52,60]],[[7003,10433],[-25,31]],[[6978,10464],[-57,57],[-23,41]],[[6021,9722],[-55,99],[43,73],[-23,40],[-96,14],[-52,18],[-46,36]],[[5792,10002],[101,60]],[[5893,10062],[45,16],[82,-28],[67,5],[40,53]],[[6127,10108],[80,48],[115,9],[80,-4],[50,-16],[12,-61]],[[6464,10084],[-19,-10],[-3,-191],[-80,-61],[-18,0],[-44,-74],[-13,-97]],[[6287,9651],[-50,-9],[-16,-48]],[[6221,9594],[-33,1],[-32,43]],[[6156,9638],[-18,37],[-68,18],[-49,29]],[[6127,10108],[18,93],[25,54],[91,14],[70,29],[41,-8],[63,61],[105,34],[15,49],[42,49],[12,47],[48,43]],[[6765,10556],[-24,-65],[3,-91],[-36,-23],[-3,-45],[-54,-131]],[[6651,10201],[-23,16],[-110,-105],[-11,-40],[-43,12]],[[6651,10201],[55,-18],[23,43],[82,16],[53,-51],[66,108],[48,165]],[[7003,10433],[-13,-25],[30,-116],[18,-27],[-2,-55]],[[7036,10210],[-80,-24],[-29,-75],[-11,-87],[-53,-13],[-34,22]],[[6829,10033],[-30,13],[20,64],[-76,20],[-25,-33],[7,-91],[80,-2]],[[6805,10004],[-17,-45]],[[6788,9959],[-39,-47],[-68,-44],[-15,-36],[-76,-60],[-81,-128],[-49,-32],[-54,-7]],[[6406,9605],[-44,-1],[-75,47]],[[6788,9959],[51,-61],[41,-3],[10,-109],[103,-86],[5,-55],[-27,-39],[7,-41],[-34,-132]],[[6944,9433],[-41,-33]],[[6903,9400],[-107,-26],[-68,-28],[-45,34]],[[6683,9380],[-73,49],[-45,66],[-49,28],[-33,55],[-77,27]],[[7231,10079],[30,-65],[14,-70],[21,-19],[-23,-85],[26,-224]],[[7299,9616],[-29,-11],[-52,-66],[-91,-30]],[[7127,9509],[-43,151],[-5,58],[32,57],[-10,68],[-49,25],[-26,38],[-3,68],[22,58],[30,28],[8,58],[-12,57],[-35,35]],[[7521,10080],[16,-84],[53,-84],[-3,-39],[-33,-86],[-45,-56]],[[7509,9731],[-110,-64],[-29,-33],[-36,12],[-35,-30]],[[7864,10112],[-51,-107],[-9,-63],[-50,-49],[16,-29],[-47,-71],[-56,0],[-16,20]],[[7651,9813],[-36,-74],[-38,-26],[-68,18]],[[6829,10033],[-24,-29]],[[7127,9509],[-67,-46]],[[7060,9463],[-34,19],[-42,-13],[-40,-36]],[[5842,11247],[35,-21],[59,4],[114,-18],[25,-31],[43,48],[64,-1]],[[6182,11228],[53,-10]],[[6235,11218],[17,-80],[-64,-81],[10,-81],[-29,-42]],[[6169,10934],[-30,-33],[-27,18],[-40,-48],[-7,-40],[-55,-15],[-25,-53]],[[5985,10763],[-89,24]],[[5896,10787],[-8,120],[-43,54]],[[5845,10961],[73,19],[-72,117]],[[5846,11097],[-17,59],[13,91]],[[6471,11207],[57,-62],[2,-88]],[[6530,11057],[-100,-114],[27,-117],[-35,-51]],[[6422,10775],[-58,-67],[-44,8],[4,84],[-30,14],[5,63],[-17,54],[-60,-34],[-53,37]],[[6235,11218],[39,7],[57,-61],[31,-9],[35,50],[74,2]],[[6530,11057],[99,-13],[82,64]],[[6654,10601],[-123,-24],[-14,40],[-77,4]],[[6440,10621],[6,33],[-24,121]],[[5890,10127],[39,92],[94,124],[81,85],[73,10],[43,55],[42,16],[44,-16],[53,37],[53,78],[28,13]],[[5893,10062],[-3,65]],[[5890,10127],[-22,27],[3,107],[-19,69],[83,114],[-30,11],[-25,53],[4,44],[33,40],[1,58],[36,-4],[41,95],[-10,22]],[[6043,10580],[41,-53],[72,43],[-65,73],[-48,-63]],[[5693,10617],[9,42],[43,-5],[39,36],[88,53],[24,44]],[[5792,10002],[-47,-5],[-47,43],[-117,-2],[-41,40]],[[5540,10078],[25,33],[70,7],[54,49],[44,59],[9,75],[-17,15],[14,73],[-9,124],[-37,104]],[[5050,10285],[3,19],[115,61],[46,12]],[[5214,10377],[69,15],[54,-47],[68,80],[68,58],[3,65],[58,22],[77,-17],[24,84]],[[5635,10637],[5,3]],[[5640,10640],[53,-23]],[[5540,10078],[-77,0]],[[5463,10078],[-100,28],[-77,-3],[-9,-58]],[[5277,10045],[-24,-6],[-45,48],[-68,32],[-72,-5],[-27,59],[37,74],[-28,38]],[[7819,13573],[109,47],[28,32],[79,2],[41,28],[52,7],[-35,78],[5,49],[-43,35],[-76,2],[-4,24],[54,94],[21,1],[33,72]],[[8083,14044],[18,57],[35,38],[42,-4],[40,-84],[66,-34],[5,-51],[135,-107],[-3,-49],[60,20],[32,-10],[-35,-81],[18,-37]],[[8496,13702],[-41,-49],[-56,-40],[-53,-2],[22,-112],[-28,-50],[-78,-65],[58,-57]],[[8320,13327],[-51,-47],[-153,103],[-20,-53],[-37,-8],[-132,34],[-84,50]],[[7843,13406],[-42,68],[18,99]],[[8929,13074],[-62,30],[-109,-46],[6,83],[38,23],[-34,41],[-148,14],[-48,34],[-31,-40],[-46,-8]],[[8495,13205],[-41,46],[-121,83],[-13,-7]],[[8496,13702],[31,37],[66,26],[17,48],[37,-36]],[[8647,13777],[28,-135],[33,-49],[6,-39],[110,-120],[12,-3]],[[8836,13431],[86,-253],[7,-90]],[[8929,13088],[0,-14]],[[8541,13337],[10,-12],[111,11],[39,81],[-46,66],[-58,-28],[-15,-67],[-41,-51]],[[7756,13293],[85,81],[2,32]],[[8495,13205],[3,-32],[-44,-28],[5,-28],[-24,-89],[41,-30],[-25,-53],[-49,-50]],[[8929,13074],[6,-71],[27,-34]],[[8985,13695],[-79,21],[-40,-20],[-92,20],[-42,52],[-8,35],[-77,-26]],[[8083,14044],[-41,20],[-51,129],[-68,33]],[[7819,13573],[-53,-6],[-99,32],[-40,-4]],[[8929,13456],[-93,-25]],[[8992,13514],[-7,-24],[-56,-34]],[[5411,11633],[38,-9],[25,-50],[52,-31],[32,-48],[44,4],[51,-35],[-31,-53],[71,0]],[[5693,11411],[43,-71],[0,-34]],[[5736,11306],[-72,-65],[-44,27],[-34,-4],[-50,30],[-111,-63],[-94,-29],[-31,-46],[-45,1]],[[5255,11157],[-16,28],[-71,24],[-44,-12]],[[5124,11197],[-41,40]],[[5083,11237],[38,57],[24,114],[32,26],[96,17],[36,65],[37,8],[50,45],[15,64]],[[5273,11114],[130,-45],[60,-36],[42,-54],[76,53]],[[5581,11032],[11,-60],[65,-21],[-26,86]],[[5631,11037],[22,44],[41,-13],[19,29],[64,-28],[69,28]],[[5845,10961],[-15,-45],[-53,-41],[-70,15],[-30,-37]],[[5677,10853],[-115,75],[-126,34],[-76,-7],[-60,29]],[[5300,10984],[-96,14],[15,39],[50,35],[4,42]],[[5635,10637],[-83,-16],[-61,74],[-148,55],[-44,40]],[[5299,10790],[-16,48],[32,48],[-15,98]],[[5677,10853],[-49,-73],[28,-87],[-16,-53]],[[4903,10246],[-47,17],[-12,32],[-55,45],[-37,11],[-17,72],[-35,39],[61,83],[-9,61],[19,33],[61,47],[5,39],[-51,5],[-44,-61],[-37,-4],[-4,87],[40,33],[-2,52],[35,53]],[[4774,10890],[46,68],[75,80],[7,44],[67,35],[65,72],[57,-17],[33,25]],[[5255,11157],[18,-43]],[[5299,10790],[-25,-24],[20,-48],[-26,-21],[-48,-100],[-43,-60],[83,-40],[-11,-60],[-35,-60]],[[5050,10285],[-91,-5],[-56,-34]],[[4990,10988],[17,-44],[59,17],[-44,44],[-32,-17]],[[5736,11306],[71,-2],[35,-57]],[[5631,11037],[-50,-5]],[[4213,12448],[4,60],[44,-10],[78,25],[112,13],[93,-41],[79,-2],[22,24],[57,12],[30,28],[55,7],[108,-51]],[[4895,12513],[107,-39],[75,-14],[36,-26],[-68,-47],[64,-42],[53,-61],[16,-64],[-59,-55],[50,-19],[38,-48],[34,1],[3,-97],[-11,-33]],[[5233,11969],[-81,-74],[-66,-98],[102,15],[41,-36],[16,-64],[-18,-88],[100,23],[37,33],[47,-47]],[[5083,11237],[-67,0],[-50,30]],[[4966,11267],[-1,155],[136,77],[-33,40],[35,18],[-44,52],[-4,59],[-46,14],[-125,-44],[-1,28]],[[4883,11666],[0,37],[50,50],[-45,57],[-48,93],[-44,14],[-23,88],[10,104],[-15,86],[-29,9],[-37,-44],[-108,-75],[-60,-63],[-67,41],[4,22]],[[4471,12085],[-6,77],[-17,61],[-80,72],[-40,70],[-36,19],[-43,84],[-36,-20]],[[9930,10800],[16,-153],[39,-57],[11,-61],[48,-29]],[[10044,10500],[-53,-42],[-87,47],[-25,41],[-56,20]],[[10251,10816],[-71,20],[-19,20]],[[9938,10157],[52,18],[30,41],[136,6],[73,36]],[[10044,10500],[46,12],[93,44]],[[5805,13566],[151,-7],[47,-41],[51,26]],[[6054,13544],[3,-47],[-60,-55],[-14,-80]],[[5983,13362],[31,-57],[-38,-105],[-52,41],[-30,-36]],[[5894,13205],[-60,31],[-68,-6],[-36,-20],[-99,34],[-26,25]],[[5605,13269],[-83,78],[74,-12],[41,20],[-21,57],[14,19],[-20,66],[98,4],[60,12],[37,53]],[[5043,14805],[55,-43],[18,-59],[36,-26],[-27,-33],[-14,-82],[58,-73],[56,7],[94,-19],[68,10],[110,101]],[[5497,14588],[94,-80],[138,-46],[54,-8],[42,-49],[43,-2],[124,-49],[27,-39],[73,57],[35,-14],[59,18],[41,43],[21,48],[78,12],[30,-21],[51,20],[68,3]],[[6379,14086],[-49,-26],[-121,43],[-79,1],[-48,55],[1,49],[-68,61],[-39,2],[-82,34],[-65,-23],[-51,12],[-117,-9]],[[5661,14285],[-113,19],[-15,-13],[-155,30],[-36,-5],[-66,19]],[[5276,14335],[-12,16],[-179,58],[-51,42],[-48,197],[22,110],[35,47]],[[5998,13699],[85,-29],[60,23],[35,92],[1,90],[47,-15],[58,22],[31,30],[61,-18]],[[6376,13894],[65,-58],[-19,-79],[40,-34],[-14,-58],[9,-70],[25,-22],[12,-55],[30,-6],[-8,-76]],[[6516,13436],[-24,1]],[[6492,13437],[-50,57],[-60,-2],[-56,-20],[10,-62],[-56,-69],[-39,4]],[[6241,13345],[-73,33],[-24,-20]],[[6144,13358],[-95,19],[-66,-15]],[[6054,13544],[0,37],[-46,64],[1,25]],[[6009,13670],[-11,29]],[[6376,13894],[56,1],[65,43]],[[6919,13835],[-2,-90],[42,5],[35,-50],[-32,-19],[0,-92],[20,-64]],[[6982,13525],[-42,-49],[-54,17],[-24,-70],[-35,-56],[-46,-30],[-47,28],[-83,-15]],[[6651,13350],[-11,38],[-42,16],[-24,-22],[-41,15],[-17,39]],[[6651,13350],[-15,-69],[28,-20],[17,-79],[36,-36],[-50,-48],[39,-29],[43,38],[57,-94]],[[6330,12633],[43,100],[51,210],[-10,34],[-45,12],[2,55],[-29,70],[-24,22]],[[6318,13136],[53,70],[55,-26],[6,57],[-19,20],[39,43],[-14,32],[49,52],[5,53]],[[6241,13345],[16,-72],[23,-22],[17,-120],[21,5]],[[6325,12629],[-98,142],[-58,106],[-35,42],[23,71],[31,45],[-34,36],[-5,81],[-27,71],[30,52],[-45,42],[37,41]],[[5501,13028],[47,54],[-16,56],[73,131]],[[5894,13205],[-33,-66],[-55,14],[27,-73],[41,-1],[-2,-116]],[[5872,12963],[-109,9],[-100,-6],[-50,24],[-107,19],[-5,19]],[[5738,13656],[-54,42],[56,51],[156,-15],[26,-64],[87,0]],[[5805,13566],[-67,90]],[[5002,12645],[98,-20],[103,60],[86,9],[58,29],[48,-23],[7,-46],[34,-22],[42,15],[78,-11],[119,-103],[74,16],[199,-21]],[[5948,12528],[-15,-46]],[[5933,12482],[-48,-50]],[[5885,12432],[-36,-54],[-113,-38],[-29,16],[-55,-58],[-59,-7],[-51,-29],[-15,-79],[34,-45],[-52,-21],[-84,-97],[-111,16],[-78,-66]],[[5236,11970],[-3,-1]],[[4895,12513],[78,78],[29,54]],[[6982,13525],[83,-22],[79,-56],[78,10],[28,-51],[-54,-46]],[[7196,13360],[-73,-47],[-60,-144],[4,-42],[32,-98],[-1,-96]],[[7196,13360],[38,-39],[51,13],[57,-33],[78,-26],[50,69],[75,14],[40,34],[9,84],[-18,30],[-2,61],[27,20]],[[5429,13928],[-51,66],[113,63],[-28,109],[-24,15],[-70,84],[-68,3],[-25,67]],[[5661,14285],[56,-94],[119,-124],[-40,-79],[51,-11],[47,-70],[64,-13],[33,-43],[7,-152]],[[5738,13656],[-143,-8],[-52,41],[-53,-30],[-50,28]],[[5440,13687],[-20,93],[0,66],[62,-22],[-53,104]],[[4976,12960],[79,46],[-5,58],[77,3]],[[5127,13067],[93,-11],[59,19],[37,-20],[48,27],[21,-17],[116,-37]],[[5872,12963],[30,-72],[-25,-48],[25,-145],[77,-129]],[[5979,12569],[-31,-41]],[[5002,12645],[-81,60],[-31,39],[101,71],[-11,63],[30,38],[-34,44]],[[6297,12593],[-224,-1],[-94,-23]],[[5127,13067],[23,54],[-13,74],[-40,38],[-5,59],[25,19],[40,-40],[64,62],[24,-4],[58,120],[3,46],[-20,62],[-49,58],[122,86],[81,-14]],[[4946,15053],[39,-41],[-4,-43]],[[4981,14969],[3,-21]],[[4984,14948],[0,-1]],[[4984,14947],[34,-37],[31,-85],[-6,-20]],[[5429,13928],[-118,16],[-29,116],[-29,34],[-67,4],[-4,74],[-140,100],[-130,51],[-176,11],[-83,145]],[[4653,14479],[213,290],[20,69],[-4,61],[64,154]],[[4976,12960],[-47,35],[-56,-5],[-72,64],[4,79],[100,35],[12,36],[-47,12],[-20,35],[-129,56],[-87,48],[-57,-7],[-18,-22],[-91,-27],[-102,33],[-58,67],[-41,-9],[-80,27],[-104,2],[-194,43]],[[3889,13462],[358,68],[104,-1],[50,14],[57,-44],[43,30],[24,242],[-34,64],[23,67],[25,27],[-16,63],[130,487]],[[4213,12448],[-6,-73],[-89,-51],[-5,-30],[-68,-55],[-28,16],[-95,-8],[-45,-15],[-56,5],[-30,-65],[-98,-20],[-85,-72],[-63,27],[-73,-10],[-83,34],[-55,60],[-40,19],[-18,57],[-3,63],[-31,55]],[[3242,12385],[33,81],[142,265],[377,619],[56,15],[39,97]],[[4984,14948],[0,-1]],[[5885,12432],[24,-131],[-21,-60],[24,-66],[70,-13],[29,-95],[-50,-3],[-40,-29],[-45,-79]],[[5876,11956],[-56,-84]],[[5820,11872],[-77,29],[-99,-23],[-28,-19],[-48,15],[-26,-58],[-63,2],[-55,53],[-12,41],[-67,10],[-109,48]],[[6763,11498],[-117,-22],[-47,-29],[-60,-71],[18,-37],[-20,-82],[-66,-50]],[[6182,11228],[-22,69],[-2,75],[36,-1],[54,62],[-13,40]],[[6235,11473],[45,-23],[20,77],[38,66],[75,53],[50,-38],[48,-11],[55,52],[36,-17],[60,20]],[[5876,11956],[12,-84],[77,3],[39,-76],[45,-41],[14,-35]],[[6063,11723],[19,-52],[49,1]],[[6131,11672],[33,-8],[-7,-47]],[[6157,11617],[-78,-4],[-56,-44],[-69,-16],[-145,-1],[-34,10]],[[5775,11562],[-6,62],[-35,101],[48,43],[4,49],[34,55]],[[5775,11562],[-52,-28],[-22,-54],[-8,-69]],[[6157,11617],[69,-68],[9,-76]],[[5933,12482],[70,-178],[259,-60]],[[6503,11853],[-35,-29],[-8,-101],[43,-45],[44,-4],[27,41],[47,20]],[[6131,11672],[18,50],[-38,22],[-48,-21]],[[6200,12001],[-46,-42],[-31,-53],[109,-137],[59,10],[31,57],[31,-24],[47,7],[20,42],[-43,43],[31,56],[-44,22],[-91,22]],[[6273,12004],[14,69],[-44,61],[-56,-63],[-59,-28],[72,-42]],[[6200,12001],[73,3]],[[3379,9351],[-49,3],[-136,-95],[-36,-55],[10,-55],[-47,-12],[-28,-28],[-5,-87]],[[3088,9022],[-109,-37],[-71,-49],[-58,2],[-71,-106]],[[2779,8832],[-5,69],[-27,31],[-76,28],[-50,-52],[-59,45]],[[2562,8953],[10,54],[27,39],[-1,104],[-20,50],[51,97],[54,26],[40,88],[-14,39],[28,65]],[[2737,9515],[51,-28],[64,92],[39,-3],[6,-96],[88,-10],[10,41],[102,-3],[88,-33],[14,-47],[68,20],[27,23],[40,-56]],[[3334,9415],[35,-26],[10,-38]],[[2974,9289],[26,-42],[70,48],[-51,45],[-38,-14],[-7,-37]],[[3814,8904],[-30,-48],[-34,-9],[-140,-106],[-30,-55],[-46,-33]],[[3534,8653],[-114,25]],[[3420,8678],[52,137],[31,23],[-80,89]],[[3423,8927],[8,55],[92,49],[15,73]],[[3538,9104],[53,27],[80,5],[47,-53],[58,-6],[27,-24],[-14,-59],[5,-60],[20,-30]],[[3544,8869],[50,-51],[42,32],[-8,30],[-50,16],[-34,-27]],[[4374,8306],[-28,-20],[-8,-75],[33,-56]],[[4371,8155],[-14,-68],[-28,-43]],[[4329,8044],[-35,36],[-88,24],[-68,138],[-102,4],[-15,43],[-45,-36]],[[3976,8253],[-44,23]],[[3932,8276],[16,39],[-45,46],[10,96],[-4,95],[70,46]],[[3979,8598],[45,-19],[74,23],[73,-13],[9,-44],[45,-53],[118,-23],[18,-56],[13,-107]],[[3994,8406],[35,-30],[11,-41],[69,1],[-17,77],[-35,21],[-63,-28]],[[4485,8166],[-53,3]],[[4432,8169],[-14,46],[35,31],[32,-80]],[[3932,8276],[-43,9],[-77,-27]],[[3812,8258],[-69,22],[-28,34],[-77,16]],[[3638,8330],[24,56]],[[3662,8386],[50,47],[38,-2],[52,80]],[[3802,8511],[13,56],[53,83],[45,26],[35,-16]],[[3948,8660],[2,-60],[29,-2]],[[3448,9286],[-38,-44],[-18,-52]],[[3392,9190],[21,-106],[-70,-1],[-74,-19],[-31,-35],[-47,7],[-14,-78]],[[3177,8958],[-43,19],[-10,43],[-36,2]],[[3379,9351],[10,-40],[59,-25]],[[3814,8904],[71,-67],[77,-19],[18,-49],[-34,-34],[2,-75]],[[3802,8511],[-42,8],[-51,52],[9,42],[-47,4],[-48,-36],[-34,61],[-55,11]],[[3048,8443],[18,18]],[[3066,8461],[63,-18],[10,20],[74,7],[24,-29],[38,11],[173,-70],[13,-40],[50,-35],[-1,-27],[60,-39]],[[3570,8241],[-18,-35],[-97,-46],[-111,10]],[[3344,8170],[-56,45]],[[3288,8215],[-72,66],[-78,1]],[[3138,8282],[-36,87],[-54,74]],[[3191,8938],[65,-33],[69,46],[43,-34],[55,10]],[[3420,8678],[-60,-28],[-17,-46]],[[3343,8604],[-53,-4],[-28,-24],[-69,-8]],[[3193,8568],[-27,30],[33,124],[31,10],[3,50],[-62,104],[20,52]],[[2438,8383],[-38,116],[-36,7],[-74,86],[-47,115],[0,36],[70,16],[-27,80],[32,16],[13,76],[27,47]],[[2358,8978],[133,-56],[71,31]],[[2779,8832],[35,-66],[-52,-47]],[[2762,8719],[-17,-36],[13,-47],[-72,-84],[-2,-40],[-128,-51],[-3,-77]],[[2553,8384],[-115,-1]],[[3662,8386],[-43,22],[-37,62],[-33,-11],[-41,32],[-32,74],[-58,54],[-75,-15]],[[3177,8958],[14,-20]],[[3193,8568],[-36,-22],[-52,59],[-66,9],[-15,-66],[-40,2]],[[2984,8550],[-32,31],[-72,9],[-77,67],[-32,-4],[-9,66]],[[3570,8241],[38,-25]],[[3608,8216],[-17,-27],[45,-92],[46,-60]],[[3682,8037],[-62,-79],[-30,-21],[-55,80],[-33,-12]],[[3502,8005],[-97,34],[-53,32],[12,38],[-20,61]],[[3812,8258],[18,-36],[-5,-55],[68,-24]],[[3893,8143],[-15,-40]],[[3878,8103],[-99,4],[-23,-66],[-74,-4]],[[3608,8216],[6,68],[24,46]],[[4329,8044],[-6,-48],[-57,9],[-28,-40]],[[4238,7965],[-32,-15]],[[4206,7950],[-26,46],[-29,1],[-62,-54],[-45,51],[-51,8],[-27,63],[-50,20]],[[3916,8085],[-38,18]],[[3893,8143],[39,12],[8,54],[36,44]],[[3742,7679],[2,39],[28,62],[47,0],[52,110],[-12,30],[1,112],[46,17],[10,36]],[[4206,7950],[-27,-70],[-42,17],[-21,-31],[32,-50],[39,-7],[-16,-56],[-78,-65],[0,-23]],[[4093,7665],[-33,-12],[-110,20],[-23,71],[-39,-25],[-82,0],[-34,-53],[-30,13]],[[1982,8320],[-55,55],[87,26],[54,42],[19,61],[-1,74],[21,83],[-21,122],[87,-2],[-20,96],[35,39],[36,129],[27,0]],[[2251,9045],[26,1],[81,-68]],[[2438,8383],[-140,-47],[-104,68],[-59,-56],[-93,5],[-60,-33]],[[3498,7871],[-20,30],[26,47],[-2,57]],[[3742,7679],[-45,11]],[[3697,7690],[-104,53],[-17,37],[-57,-5],[-21,96]],[[3066,8461],[-16,46],[-66,43]],[[3392,9190],[64,-23],[82,-63]],[[4751,8909],[78,69],[45,21],[18,33],[-78,53],[1,72],[-22,45],[1,81],[44,47],[-77,122],[1,30]],[[4762,9482],[65,-6],[71,19],[68,-25],[76,12]],[[5042,9482],[-11,-71],[89,-56],[16,-38],[-16,-38],[28,-70],[-29,-56],[13,-65],[-1,-84],[-29,-27],[25,-56],[-62,-18],[-23,-145]],[[5042,8758],[-14,0]],[[5028,8758],[-24,112],[-47,27],[-87,-25],[-29,-44],[-36,21],[-54,60]],[[5068,9967],[2,-129],[52,-84],[-6,-77],[20,-67],[-75,-68],[-19,-60]],[[4762,9482],[-22,52],[20,31],[-46,29],[-12,30],[27,59],[36,39],[8,63]],[[4773,9785],[53,33],[108,123],[65,-17],[69,43]],[[5283,10030],[25,-58],[36,-40],[2,-79],[-20,-35],[34,-32],[-5,-100],[-20,-51],[16,-55],[-18,-44],[18,-121],[70,-74],[-19,-19],[27,-88]],[[5429,9234],[-13,-75],[-28,-29],[-69,-2],[-31,-17],[-28,-61],[-17,-179]],[[5243,8871],[-60,-18],[-38,20],[-39,-82],[-64,-33]],[[5068,9967],[102,-7],[70,26],[43,44]],[[4751,8909],[-23,28],[-104,37]],[[4624,8974],[-39,50],[-13,106],[-47,85],[-77,39],[45,49],[-12,65],[34,21],[-46,138],[29,70],[64,58],[49,6],[57,36],[18,51],[87,37]],[[5705,8181],[25,-32],[46,11]],[[5776,8160],[65,-48],[69,-11],[23,-56],[32,-25]],[[5965,8020],[29,-10],[16,-55]],[[6010,7955],[-32,-20],[-124,5],[-42,-95],[-25,7],[-77,-26]],[[5710,7826],[-29,47],[-16,66],[-54,64],[-8,59]],[[5603,8062],[35,61],[56,25],[11,33]],[[5315,8376],[28,21],[23,-58],[45,10],[28,-23],[-58,-89],[-98,-12],[46,-99],[19,-67],[66,-27]],[[5414,8032],[-4,-124]],[[5410,7908],[-56,47]],[[5354,7955],[-14,39],[-48,8],[-73,59],[-100,-4],[-13,16]],[[5106,8073],[43,103],[-25,37]],[[5124,8213],[42,-10],[-3,55]],[[5163,8258],[84,41],[19,47],[49,30]],[[5309,8774],[77,-43],[48,-3],[51,31],[-2,41],[78,39],[36,-37]],[[5597,8802],[12,-31],[66,25],[96,0],[38,-42]],[[5809,8754],[-7,-90],[28,-27],[23,-68],[97,-50],[6,-24]],[[5956,8495],[-61,-48],[-7,-36],[-90,19]],[[5798,8430],[-31,23],[-85,20],[-8,111],[-44,35],[-43,-37]],[[5587,8582],[-121,15],[-6,56],[-27,37],[-84,-15]],[[5349,8675],[-17,6],[-23,93]],[[5798,8430],[4,-54],[-23,-43],[24,-37],[-27,-45],[-18,-68],[18,-23]],[[5705,8181],[-63,28],[-28,55],[31,45],[-15,62],[-55,70],[40,97],[-28,44]],[[5603,8062],[-45,13],[-66,-24],[-49,27],[-29,-46]],[[5315,8376],[2,45],[-44,31],[-19,60],[-64,29],[-19,84],[56,-14],[81,-56],[-1,81],[42,39]],[[4594,8371],[141,-11],[46,-71],[97,-39],[50,5]],[[4928,8255],[60,-38]],[[4988,8217],[24,-45]],[[5012,8172],[25,-26],[-14,-44]],[[5023,8102],[-41,5],[-126,-44],[-55,5],[-83,47],[-79,-38]],[[4639,8077],[-73,15],[-56,43],[12,25]],[[4522,8160],[28,34],[71,-19],[-27,52],[-32,7],[-19,53],[51,84]],[[4963,8652],[1,-40],[42,-42],[37,-66],[42,-24],[-34,-71],[16,-38],[-80,-41],[3,-41],[-52,-5],[-10,-29]],[[4594,8371],[31,92],[-4,62],[63,82],[36,-39],[34,6],[21,50],[58,26],[130,2]],[[5023,8102],[83,-29]],[[5354,7955],[-11,-9]],[[5343,7946],[-38,-13],[-18,64],[-72,16],[-24,-114],[-83,24],[-33,-17],[-5,-39],[-72,12],[-87,-19],[-45,5],[-32,-35]],[[4834,7830],[-34,19],[-40,109],[-44,18],[-28,44]],[[4688,8020],[-49,57]],[[5243,8871],[66,-97]],[[5163,8258],[-92,45],[-32,-13],[-51,-73]],[[4963,8652],[14,51],[51,55]],[[5012,8172],[73,41],[39,0]],[[5343,7946],[-78,-38],[-44,-39],[-8,-43],[-64,-11],[14,-71],[59,-36],[39,-55],[9,-118],[-76,-64]],[[5194,7471],[-55,44],[-50,-20]],[[5089,7495],[-39,38],[-124,59]],[[4926,7592],[-92,238]],[[5410,7908],[41,-82],[1,-49],[30,-40],[43,-23],[8,-42]],[[5533,7672],[-101,-45],[-51,-82],[-31,-76],[-108,-20]],[[5242,7449],[-19,-11]],[[5223,7438],[-29,33]],[[5710,7826],[44,-46],[-45,-99],[-18,-86],[-27,-11]],[[5664,7584],[-26,-22],[-58,27],[-15,51],[-32,32]],[[5463,10078],[29,-36],[2,-40],[40,-55],[-17,-104],[48,-23],[11,-71],[5,-122],[23,-27],[-27,-51],[34,-42],[-16,-118],[14,-84]],[[5609,9305],[-7,-6]],[[5602,9299],[-46,-15],[-49,-39],[-34,11],[-44,-22]],[[5283,10030],[-6,15]],[[3030,7595],[16,44],[56,67]],[[3102,7706],[61,36],[15,34]],[[3178,7776],[51,-2],[47,-28],[31,16],[79,-14],[69,63],[11,56],[32,4]],[[3697,7690],[-27,-57],[19,-52],[40,-37],[41,-11],[2,-50],[-47,-88]],[[3725,7395],[-199,-16],[-21,-20],[-55,-1],[-46,28],[-44,0]],[[3360,7386],[-232,33]],[[3128,7419],[12,43],[-37,58],[-30,6],[-43,69]],[[4093,7665],[63,-6],[57,-44],[57,-19],[14,-61]],[[4284,7535],[2,-36]],[[4286,7499],[-4,-109]],[[4282,7390],[-57,1],[-51,-44],[-70,72],[-32,-18],[-48,8],[-83,42],[-73,-29],[-57,-53]],[[3811,7369],[-41,0],[-45,26]],[[3949,7207],[15,22],[108,12],[94,25],[111,6],[22,-10]],[[4299,7262],[31,-29],[32,-67],[60,-30],[-6,-74]],[[4416,7062],[-22,-35],[20,-98],[-35,-48]],[[4379,6881],[-65,8],[-81,-74],[-61,-18]],[[4172,6797],[-5,105],[-36,79],[-97,52],[-14,74],[-51,-14],[-16,22],[23,51],[-27,41]],[[3101,7414],[27,5]],[[3360,7386],[15,-72],[44,-10],[32,-62],[32,-12],[53,24],[41,-63],[71,27],[135,-16]],[[3783,7202],[27,-80],[-32,-22]],[[3778,7100],[-16,-9],[37,-78],[-38,-45]],[[3761,6968],[-91,40],[-4,36],[-87,-13],[-51,41],[-37,-66]],[[3491,7006],[-46,14],[14,63],[-67,7],[-65,21]],[[3327,7111],[-47,18],[-15,71],[-24,15],[-46,86],[-41,14],[-53,99]],[[3630,7155],[50,-86],[32,-19],[36,50],[-8,64],[-64,13],[-46,-22]],[[3433,6771],[21,86],[44,65],[-7,84]],[[3761,6968],[-2,-123],[15,-17],[-9,-66]],[[3765,6762],[-4,-77],[-29,-20],[-64,51],[-70,-5],[-35,-76],[-32,37],[-84,25],[52,47],[-16,29],[-50,-2]],[[2819,7036],[25,114],[-42,32],[37,140],[24,32]],[[2863,7354],[6,30],[43,13],[29,36],[82,-30],[78,11]],[[3327,7111],[-7,-39],[-58,4],[-24,-26],[24,-133],[-24,-74]],[[3238,6843],[-31,7],[-74,55],[-52,1]],[[3081,6906],[-42,62],[-65,28],[-79,0],[-76,40]],[[2778,6349],[-6,77],[27,91],[71,-41],[18,29],[-7,60],[57,45],[86,4],[47,46],[-1,48],[-52,136],[63,62]],[[3238,6843],[145,-85]],[[3383,6758],[9,-62],[-20,-16],[119,-136],[5,-41]],[[3496,6503],[-55,-74],[-60,19],[-23,-31],[-2,-65],[-73,-43]],[[3283,6309],[-20,-2],[-76,-62],[-15,-75],[-56,4],[-81,-14]],[[3035,6160],[-56,125],[-109,24]],[[2870,6309],[-98,-28],[6,68]],[[3778,7100],[54,-37],[22,-33],[44,7],[82,-75],[52,-62],[5,-57],[22,-50]],[[4059,6793],[-96,1],[-61,-85],[22,-49],[81,-59],[7,-23],[-71,-84]],[[3941,6494],[-64,35],[-56,95],[-22,90],[-34,48]],[[3811,7369],[35,-54],[0,-41]],[[3846,7274],[-63,-72]],[[3846,7274],[103,-67]],[[4172,6797],[24,-96],[-64,-1]],[[4132,6700],[-33,89],[-40,4]],[[3383,6758],[50,13]],[[3941,6494],[-48,-28],[-33,13],[-80,-55]],[[3780,6424],[-66,-26]],[[3714,6398],[-52,17],[-49,110],[-87,-34],[-30,12]],[[4282,7390],[23,-93],[-6,-35]],[[5453,6936],[-24,69],[7,30],[-72,31],[6,39],[-19,72],[-21,173],[-37,17],[-51,82]],[[5664,7584],[46,-89],[-3,-98],[30,-42],[42,37],[65,-55],[42,13]],[[5886,7350],[25,-52],[-50,-36],[-5,-32],[-63,-13],[-35,-86],[6,-31],[-27,-54]],[[5737,7046],[8,-64],[-108,-82],[0,-50],[-30,-52],[-56,37],[-17,38],[-56,7]],[[5478,6880],[-25,56]],[[5737,7046],[45,-73],[68,-30],[83,-4],[6,-57],[65,-2],[40,57],[52,27]],[[6096,6964],[-29,-81],[4,-45]],[[6071,6838],[-38,-39],[-24,15],[-76,-14],[-20,-44],[9,-92],[-45,-18]],[[5877,6646],[-96,-25],[-19,-38],[-44,-11],[-27,-80],[12,-49],[-76,-27],[-81,12]],[[5546,6428],[-15,36],[-78,24],[-34,26],[-33,-14],[-43,30]],[[5343,6530],[-7,40],[55,129],[-29,77]],[[5362,6776],[23,56],[64,12],[29,36]],[[6483,6625],[-22,51],[-33,25],[-115,-27]],[[6313,6674],[-27,55]],[[6286,6729],[15,40],[-13,158],[33,53],[55,56],[38,16]],[[6414,7052],[70,10],[66,-48],[59,-12]],[[6609,7002],[9,-35],[-35,-104]],[[6583,6863],[-11,-79],[14,-128]],[[6586,6656],[2,-31],[-65,-24],[-40,24]],[[6129,6381],[103,68],[1,67],[70,89]],[[6303,6605],[42,-39]],[[6345,6566],[2,-38],[-42,-103],[-5,-210],[24,-67]],[[6324,6148],[-69,-7],[-91,25],[46,25],[25,41],[-63,93],[-78,-7],[35,63]],[[6053,6391],[-50,68],[-67,24],[17,29],[-16,71],[-51,23],[-9,40]],[[6071,6838],[73,54],[-2,-129],[14,-51],[62,-23],[7,42],[61,-2]],[[6313,6674],[-27,-8],[17,-61]],[[6129,6381],[-76,10]],[[5657,6077],[-38,-3],[-45,39],[-31,56]],[[5543,6169],[-12,29],[40,41],[-53,27]],[[5518,6266],[40,90],[-12,72]],[[6053,6391],[-57,-72],[2,-39],[-66,-51],[-97,9],[-50,-30],[-52,-54],[11,-32]],[[5744,6122],[-17,-34],[-70,-11]],[[5197,6312],[43,71],[29,114],[74,33]],[[5518,6266],[-70,-33],[-2,-38],[-48,-29]],[[5398,6166],[-38,6],[-76,76],[2,45],[-66,-22],[-23,41]],[[4964,6194],[3,82],[-41,128],[-21,37]],[[4905,6441],[2,32],[71,121],[69,25],[10,36],[38,28],[35,-1]],[[5130,6682],[81,-13],[4,38],[36,47],[57,21],[54,1]],[[5197,6312],[-28,15],[-69,-68],[-73,-9],[7,-47],[-70,-9]],[[5098,6493],[21,-57],[71,6],[2,46],[-94,5]],[[4602,5940],[-81,71],[-41,19],[-93,3],[-43,49],[28,91],[-45,56],[-33,77],[-76,40]],[[4218,6346],[80,9],[68,-70],[42,52],[130,67],[20,22]],[[4558,6426],[93,26],[36,62],[53,-6]],[[4740,6508],[74,-13],[63,-25],[28,-29]],[[4964,6194],[-100,-36]],[[4864,6158],[-106,-10],[-20,-28],[15,-40],[-57,-76],[42,-42],[-30,-71]],[[4708,5891],[-106,49]],[[5202,5772],[-76,125],[7,67],[71,3],[14,25],[-37,72],[-65,-15],[34,59],[-98,54],[-79,-57],[-109,53]],[[5398,6166],[54,-58]],[[5452,6108],[-24,-31],[-27,-85],[-36,-26],[17,-64],[-14,-61],[20,-23],[-83,-37],[-16,-68],[-24,-18]],[[5265,5695],[-63,77]],[[5452,6108],[83,35],[8,26]],[[5657,6077],[-6,-77],[-21,-16],[29,-55],[-19,-23],[19,-94],[-46,-40],[44,-77],[12,-50],[-23,-28]],[[5646,5617],[-92,85],[-55,-5],[-71,-107]],[[5428,5590],[-41,19],[-122,86]],[[6324,6148],[13,-34]],[[6337,6114],[-35,-21],[-81,4],[-100,-78],[-66,14],[-16,-39],[-88,-23],[-39,-36],[-65,38]],[[5847,5973],[-43,1],[-18,136],[-42,12]],[[4379,6881],[18,-43],[-21,-49],[3,-57],[60,-8],[51,-24],[-19,-52],[56,-45],[-14,-43],[45,-26],[-13,-84],[13,-24]],[[4218,6346],[-136,96],[54,78],[26,78],[-30,102]],[[4416,7062],[20,-36],[90,-35],[42,23],[64,5],[16,31],[53,-44]],[[4701,7006],[-21,-72],[28,-4],[57,-82],[48,27],[44,-88],[45,-38]],[[4902,6749],[-38,-37],[-111,-51],[-74,-78],[44,-21],[17,-54]],[[5007,5819],[-62,11],[-67,-13],[-45,10],[-37,43],[-88,21]],[[5202,5772],[-49,-13],[-146,60]],[[5886,7350],[-7,71],[56,18],[102,113]],[[6037,7552],[94,-30]],[[6131,7522],[30,-33]],[[6161,7489],[-31,-19],[15,-72],[-66,-4],[-7,-96],[-29,-28],[-13,-59],[-45,-44],[58,-32],[25,-45],[-94,-30],[66,-32],[29,29],[30,-17],[-3,-76]],[[4902,6749],[99,3],[85,14],[44,-4],[28,-39],[-28,-41]],[[5676,5550],[-30,67]],[[5847,5973],[36,-92],[-6,-79],[48,-69],[53,-57],[51,-27]],[[6029,5649],[-82,-76],[-33,-16]],[[5914,5557],[-38,-8],[-93,23],[-107,-22]],[[6337,6114],[25,-71]],[[6362,6043],[-54,-105],[-17,-98]],[[6291,5840],[-22,-65],[-43,-32]],[[6226,5743],[-89,-34],[-108,-60]],[[6161,7489],[29,-77],[42,-39],[66,-140],[92,-96]],[[6390,7137],[0,-50],[24,-35]],[[6010,7955],[20,-79]],[[6030,7876],[-13,-67],[-74,-56],[-18,-76],[53,-8],[-1,-54],[60,-63]],[[5965,8020],[58,48],[56,86],[21,105],[22,23]],[[6122,8282],[51,-30],[104,-10],[-13,-32],[39,-84],[-18,-65],[18,-32],[-35,-34]],[[6268,7995],[-62,13],[-51,-27],[-51,-57],[-74,-48]],[[6609,8986],[16,48],[-18,71],[37,117],[-13,59],[5,57],[47,42]],[[6903,9400],[93,-109],[-3,-49],[-38,-93],[15,-51],[57,-52],[-27,-49],[5,-91],[-10,-47],[-47,-51]],[[6948,8808],[-53,-15],[-79,21],[-60,-17],[20,-79],[1,-81]],[[6777,8637],[-101,0]],[[6676,8637],[-18,59]],[[6658,8696],[8,40],[-32,54],[1,90],[-22,41],[-4,65]],[[7075,8764],[53,49],[75,38],[89,-27],[26,7]],[[7318,8831],[58,-168],[-25,-53],[26,-24],[35,-86],[60,36],[35,-74]],[[7507,8462],[23,-65],[-8,-24]],[[7522,8373],[-59,-43],[-35,28]],[[7428,8358],[-43,30],[-68,-56],[-39,0]],[[7278,8332],[-26,56],[-54,6],[-45,26],[-42,55],[-42,27]],[[7069,8502],[104,33],[8,73],[-66,62],[-40,94]],[[6777,8637],[19,-85],[44,-27]],[[6840,8525],[31,-131],[41,-48],[50,-13],[52,-43],[72,-10],[10,-32],[49,-34],[20,20]],[[7165,8234],[36,-2],[27,-40],[-83,-47],[-15,-75],[33,-53],[-4,-46],[-36,-79],[-88,-52]],[[7035,7840],[-36,32],[-52,-1]],[[6947,7871],[-17,76],[-45,32],[-25,66],[31,19]],[[6891,8064],[113,-19],[44,19],[-34,78],[-86,7],[-63,-13]],[[6865,8136],[-33,61],[-34,4],[-68,61],[-10,40]],[[6720,8302],[38,52],[1,136],[-30,28],[6,47],[-59,72]],[[6720,8302],[-19,-40],[-44,-43],[-87,-27]],[[6570,8192],[-31,24],[-51,-17]],[[6488,8199],[-57,50],[-24,46],[-91,-8],[-33,44],[2,36]],[[6285,8367],[68,172],[40,55]],[[6393,8594],[60,11]],[[6453,8605],[97,-15],[108,106]],[[6111,8402],[97,-41],[77,6]],[[6488,8199],[-60,-106],[-16,-52],[-75,-51]],[[6337,7990],[-22,23],[-47,-18]],[[6122,8282],[8,17],[-56,61],[37,42]],[[5956,8495],[68,-41]],[[6024,8454],[87,-52]],[[6337,7990],[-9,-66],[-60,-23],[40,-42]],[[6308,7859],[4,-67],[-77,-95],[13,-43]],[[6248,7654],[-82,-62],[-35,-70]],[[6248,7654],[40,-48],[109,-47],[109,-17],[1,22],[62,28],[15,-18]],[[6584,7574],[7,-42],[-36,-34],[-12,-74],[-52,-35],[-22,-58],[7,-43]],[[6476,7288],[-37,-25],[-39,-77],[-10,-49]],[[6638,7979],[59,-52],[57,2],[30,-38],[45,-10],[21,-50]],[[6850,7831],[-38,-69],[-64,-18],[-101,-49],[-16,-27]],[[6631,7668],[-6,22],[-74,-11],[-62,101],[21,49],[-29,82],[-19,14]],[[6462,7925],[47,-12],[7,51],[37,-12],[85,27]],[[7165,8234],[59,70],[23,-26],[31,54]],[[7428,8358],[-5,-101],[46,-44],[3,-64],[-51,-47],[33,-43],[-24,-20],[8,-64]],[[7438,7975],[-48,11],[-61,44],[-59,-56],[52,-7],[39,-103],[-78,34],[-90,-42],[-12,-81],[-100,24]],[[7081,7799],[-46,41]],[[7507,8462],[162,13]],[[7669,8475],[62,11],[18,-79]],[[7749,8407],[-3,-67],[39,-56],[53,-23]],[[7838,8261],[-31,-60]],[[7807,8201],[3,-47],[-41,-71],[-53,-65],[66,-67]],[[7782,7951],[-32,-35]],[[7750,7916],[-69,53],[-68,20]],[[7613,7989],[-35,33],[-52,8],[83,62],[18,127],[-38,26],[-1,38],[-44,38],[-22,52]],[[7838,8261],[63,19],[35,-46]],[[7936,8234],[-28,-52]],[[7908,8182],[-44,-14],[-57,33]],[[7568,8819],[-18,85],[56,69],[86,10],[23,40]],[[7715,9023],[75,-13]],[[7790,9010],[43,-35],[60,-10]],[[7893,8965],[31,-42],[22,-69],[21,-9]],[[7967,8845],[-68,-38],[49,-35],[-30,-28],[19,-44]],[[7937,8700],[-3,-35],[-39,-10],[-28,-39],[-20,-118],[31,-35]],[[7878,8463],[-41,-4],[-88,-52]],[[7669,8475],[-18,93],[-72,154],[-11,97]],[[7344,8867],[98,-93],[53,-30],[73,75]],[[7318,8831],[26,36]],[[6891,8064],[-28,27],[2,45]],[[7060,9463],[54,-69],[36,2],[53,-33],[24,-40]],[[7227,9323],[7,-73],[29,-46],[48,-121],[30,-26]],[[7341,9057],[16,-79],[-14,-41],[1,-70]],[[7075,8764],[-127,44]],[[6947,7871],[-64,-45]],[[6883,7826],[-33,5]],[[6638,7979],[-6,36],[-37,22],[-46,106],[21,49]],[[6308,7859],[49,10],[36,35],[69,21]],[[6631,7668],[-35,-20],[-12,-74]],[[6840,8525],[67,7],[49,23],[29,-27],[84,-26]],[[7878,8463],[84,-88],[101,27]],[[8063,8402],[53,-20]],[[8116,8382],[-1,-1]],[[8115,8381],[-52,-21]],[[8063,8360],[-130,-62],[3,-64]],[[7908,8182],[34,-35]],[[7942,8147],[-39,-40],[-3,-42],[24,-36],[-34,-103]],[[7890,7926],[-77,27],[-31,-2]],[[7613,7989],[-37,-13],[-27,-53],[-33,-8]],[[7516,7915],[-19,39],[-59,21]],[[7341,9057],[28,9],[40,64],[98,7],[85,-31],[123,-83]],[[7651,9813],[49,-100],[38,12],[40,-62]],[[7778,9663],[-37,-30],[14,-101],[-32,-25],[30,-91]],[[7753,9416],[-22,-28],[-61,7],[-51,-24],[-20,-39],[-173,-20],[-20,29],[-68,-4],[-46,-20],[-65,6]],[[8102,9667],[-75,30],[-43,-4],[-64,-44],[-61,-3],[-81,17]],[[8110,9614],[-96,-79],[-23,-76],[-34,-34],[-41,18],[16,-105],[-30,-38]],[[7902,9300],[-115,37],[-34,79]],[[7902,9300],[-45,-48],[24,-75],[-2,-62],[-89,-105]],[[7715,9304],[31,-29],[41,37],[-52,23],[-20,-31]],[[8182,9578],[28,-80],[-71,-159],[17,-71],[-61,-25],[-83,-71],[-27,-44]],[[7985,9128],[1,-53],[-86,-53],[-7,-57]],[[8353,9233],[-36,-37],[10,-56],[-112,-24],[-24,-40]],[[8191,9076],[-81,51],[-59,-44],[-33,48],[-33,-3]],[[8526,9169],[-38,-12],[12,-46],[-7,-132],[-99,65],[-29,-42],[-51,-10],[-80,41]],[[8234,9033],[-43,43]],[[8735,9195],[-15,-41],[61,-72],[-34,-102],[-36,-40],[-34,18]],[[8677,8958],[-28,21],[-54,-22],[21,-62],[-66,-91]],[[8550,8804],[-82,23],[-45,-10],[-15,-29],[-65,-6],[-66,-22],[-91,31],[-95,87]],[[8091,8878],[72,73],[8,35],[63,47]],[[9004,8854],[-34,14],[-43,-54],[-64,17],[-88,9],[-8,16]],[[8767,8856],[-12,29],[-73,39],[-5,34]],[[9002,8632],[-65,-51],[27,-28]],[[8886,8554],[19,49],[-58,2],[-34,-18],[-158,35]],[[8655,8622],[-18,40],[77,55],[-43,76],[72,16],[24,47]],[[8091,8878],[-124,-33]],[[8655,8622],[-14,-26],[-1,-113],[-34,-21]],[[8606,8462],[9,21],[-47,63],[-47,-33],[-61,37],[-91,-23]],[[8369,8527],[13,59],[32,3],[21,58],[28,11],[47,91],[40,55]],[[8930,8341],[-48,-47],[-73,-46],[-46,26],[-33,-22]],[[8730,8252],[-64,46]],[[8666,8298],[37,43],[-5,73],[-45,28],[-69,0]],[[8584,8442],[22,20]],[[8584,8442],[-68,-39]],[[8516,8403],[-22,23],[-64,-22],[-79,9]],[[8351,8413],[1,1]],[[8352,8414],[-7,84],[24,29]],[[8730,8252],[2,-90],[-56,-2],[-64,-63],[-17,-62],[-43,-56]],[[8552,7979],[2,-10]],[[8554,7969],[-19,9]],[[8535,7978],[5,63]],[[8540,8041],[30,30],[-19,63],[29,21],[-10,73],[19,37]],[[8589,8265],[23,-14],[54,47]],[[8352,8414],[-58,35],[-65,16],[-56,-33],[-9,-30],[-48,-20]],[[8063,8402],[20,59],[12,105],[-53,18],[22,108],[-77,36],[-50,-28]],[[8191,8546],[61,-29],[5,70],[-27,23],[-42,-10],[3,-54]],[[8589,8265],[-61,90],[-12,48]],[[10121,7858],[20,-46],[-51,-105],[-45,-37]],[[10045,7670],[-46,-32]],[[9999,7638],[-56,23],[-12,40],[-54,16],[-62,-46],[-69,-27]],[[9746,7644],[19,74],[-35,35],[-55,-8],[-35,35],[-103,43],[-9,33]],[[10150,7933],[-29,-75]],[[9746,7644],[-43,-27],[-39,5],[-54,-24],[-38,-69]],[[9572,7529],[-56,-27],[-37,-58],[-76,-6],[-13,-24]],[[9390,7414],[-83,-77],[-17,-31],[-61,-25]],[[9229,7281],[-58,8]],[[9171,7289],[15,73],[-92,53],[72,52],[-41,80]],[[9125,7547],[21,37],[-94,105],[-49,31]],[[8935,7029],[-90,-11]],[[8845,7018],[12,51],[-37,77],[-77,12],[-47,57],[-28,2]],[[8668,7217],[135,143]],[[8803,7360],[-26,-108],[120,-1],[23,-58],[41,12]],[[8961,7205],[-3,-68],[-23,-108]],[[9125,7547],[-47,35],[-83,31],[-47,-63],[-23,23]],[[8925,7573],[-45,38],[33,49],[52,24],[10,43]],[[8925,7573],[-59,-56],[-61,-110],[-2,-47]],[[8668,7217],[-62,51]],[[8606,7268],[13,23],[-15,74],[22,60],[54,96],[-10,35]],[[8670,7556],[17,48]],[[8687,7604],[33,56],[-22,34]],[[8698,7694],[22,43],[78,45],[16,58],[34,36]],[[8848,7876],[84,12]],[[8705,7585],[51,-112],[28,30],[47,-10],[-63,89],[-63,3]],[[8848,7876],[-16,28],[7,64],[-10,45],[-74,-48],[-11,83],[-82,-23],[-14,30],[-96,-76]],[[8698,7694],[-40,97],[50,7],[12,65],[-64,6],[-69,25],[-8,49],[-25,26]],[[8670,7556],[-45,-4],[-44,-49],[-75,31],[-28,-10],[-5,77],[-45,-15],[-58,20],[-60,-9]],[[8310,7597],[30,69]],[[8340,7666],[24,-9],[101,12],[46,-23],[104,19],[9,-45],[63,-16]],[[8464,6729],[-57,-26],[-44,-2],[-132,21]],[[8231,6722],[-58,17]],[[8173,6739],[-75,25],[-65,-16]],[[8033,6748],[-23,55]],[[8010,6803],[-20,30],[4,70],[-64,102],[2,33]],[[7932,7038],[24,25],[47,-9],[60,-185],[54,-62],[16,47],[-3,99],[48,42],[-20,37],[-73,59],[24,95]],[[8109,7186],[41,48],[98,14]],[[8248,7248],[1,-13]],[[8249,7235],[-14,-53],[30,-37],[70,-20],[35,-61],[48,-32],[51,-11],[-5,-51],[42,-37],[-46,-65],[32,-38]],[[8492,6830],[-28,-101]],[[8407,6230],[-40,21],[-54,-12],[-17,-59],[-89,54],[-37,-23]],[[8170,6211],[-19,5],[-121,-23],[-95,26],[-67,-74],[-34,-17],[-20,-43],[-60,-35]],[[7754,6050],[-26,38],[28,42],[-12,81]],[[7744,6211],[38,57],[24,71]],[[7806,6339],[53,40],[29,78],[37,23]],[[7925,6480],[15,9]],[[7940,6489],[53,98],[16,76],[43,62],[-19,23]],[[8173,6739],[-16,-41],[-39,-14],[-10,-37],[-47,-23],[20,-124],[38,-75],[41,-16],[38,22],[34,55],[-39,101],[35,63],[3,72]],[[8464,6729],[-31,-56],[-31,-18],[-94,-110],[-42,-32],[27,-33],[48,-16],[39,-57],[-6,-25],[54,-99]],[[8428,6283],[-21,-53]],[[8340,7666],[15,49],[-39,15],[30,76],[-6,22]],[[8340,7828],[47,23],[27,38]],[[8414,7889],[65,-1],[56,90]],[[8249,7235],[38,-20],[30,31],[61,8],[29,-33],[108,66],[91,-19]],[[8668,7217],[-4,-76],[-37,-16]],[[8627,7125],[-40,-24],[-29,-69],[10,-66],[-61,-54],[-15,-82]],[[8248,7248],[-23,141],[20,80]],[[8245,7469],[39,99],[26,29]],[[8245,7469],[-64,32]],[[8181,7501],[-36,51],[8,47]],[[8153,7599],[78,11],[-15,102],[-46,81]],[[8170,7793],[72,34],[98,1]],[[9171,7289],[-20,-47],[-60,-17],[-38,33],[-53,-19],[-39,-34]],[[9999,7638],[-44,-73],[6,-60],[37,-97],[-61,-41],[-15,-28]],[[9922,7339],[-80,-38],[-60,-43],[-17,-42],[34,-30],[-59,-70],[-71,7]],[[9669,7123],[-43,19],[15,48],[35,37],[-7,62],[-37,30],[-6,93],[-34,48],[-20,69]],[[10127,7287],[-9,-3]],[[10118,7284],[-45,-31],[-47,27],[-45,-20],[-59,79]],[[10045,7670],[29,-73],[75,3],[36,-25],[34,13],[46,-18],[-13,-86],[43,-14]],[[10295,7470],[-45,-106],[-88,-42],[-35,-35]],[[10548,6808],[-72,2],[-51,-39],[-87,-31],[-54,-38]],[[10284,6702],[-22,97],[-183,24],[10,33],[-68,14],[30,48],[-51,23],[-14,81]],[[9986,7022],[-11,31],[2,89],[31,41],[79,11],[64,33],[-33,57]],[[10127,7287],[56,-7],[71,-49],[59,-61],[50,-26],[75,-87],[15,-67],[42,-88],[32,-33]],[[10527,6869],[21,-61]],[[9524,6941],[-26,10],[-69,-17]],[[9429,6934],[-81,89],[45,37],[0,86],[21,46],[-40,73],[31,36],[-15,113]],[[9669,7123],[31,-63]],[[9700,7060],[-105,-130],[-30,30],[-41,-19]],[[8995,6958],[-60,71]],[[9229,7281],[-14,-49],[-41,-47],[2,-43],[-24,-66]],[[9152,7076],[-42,-35],[-26,-55],[-44,-37],[-45,9]],[[8988,7129],[14,-20],[69,1],[-27,56],[-56,-37]],[[8727,6924],[-35,71],[38,7],[-6,49],[-94,1],[-3,73]],[[8845,7018],[-38,-11],[-21,-73],[-59,-10]],[[8727,6924],[12,-82],[-23,-80],[46,7],[19,-38]],[[8781,6731],[-95,-86],[-63,-131],[-45,-6],[-70,-45],[-11,-42],[19,-29]],[[8516,6392],[-9,-46],[-45,-60],[-34,-3]],[[9111,6531],[-69,10]],[[9042,6541],[-39,-19],[-73,13],[-3,75],[-46,93],[-75,34],[-25,-6]],[[8995,6958],[49,-80],[-33,-79],[34,-60],[76,-53],[-3,-30],[40,-40],[-47,-85]],[[9422,6633],[29,17],[29,112],[82,87],[-38,92]],[[9700,7060],[28,-18],[12,-76]],[[9740,6966],[-4,-39],[22,-92],[83,-70],[63,-30],[117,-18],[38,-22],[88,-3]],[[10147,6692],[-45,-54],[-11,-87],[-48,-28],[-112,31],[-31,-41],[-79,-44],[-90,35]],[[9731,6504],[-59,-5],[-54,37],[-64,-27],[-35,65],[-37,7],[-60,52]],[[10284,6702],[-99,-21],[-38,11]],[[9740,6966],[54,62],[82,-33],[110,27]],[[10864,6478],[-50,-56],[-66,-25],[-24,13],[-85,89],[-92,45],[-68,-4],[-63,-33],[-98,5]],[[10318,6512],[-50,23],[-89,-15],[-35,-19],[-38,-89],[34,-37],[-44,-19],[-41,16],[-96,-38],[-42,-78],[-47,-24]],[[9870,6232],[-89,76],[-41,-9],[-44,65],[29,49],[51,13],[-47,44],[2,34]],[[10548,6808],[51,-130],[40,-16],[43,-60],[87,-49],[95,-75]],[[11029,6445],[-54,-48],[-49,-10],[-108,-147],[-22,-74],[-77,8],[-44,-32],[-49,0],[-125,-90]],[[10501,6052],[-43,-32],[-28,-48],[-81,-38],[-67,-48]],[[10282,5886],[-11,53]],[[10271,5939],[9,83],[-141,63],[-33,-7],[1,68],[56,-37],[56,43],[-73,94],[5,46],[56,34],[20,43],[-24,34],[66,16],[49,93]],[[10864,6478],[63,42],[133,10]],[[11060,6530],[-31,-85]],[[9940,5934],[-65,40],[-84,1],[-58,31],[11,38],[-47,56],[-50,-28],[-59,66],[-82,56]],[[9506,6194],[-9,98],[-40,53],[-35,5],[-25,104],[-51,69],[-65,0],[-52,31],[-54,-16]],[[9175,6538],[26,26]],[[9201,6564],[45,18],[73,-6],[37,-28],[54,6],[12,79]],[[9870,6232],[20,-42],[-18,-31],[61,-52],[122,-71],[69,-9],[147,-88]],[[10282,5886],[-84,-33],[-62,15],[-88,48],[-70,0],[-38,18]],[[9506,6194],[-84,44],[-123,-5],[-63,38],[-87,22]],[[9149,6293],[19,150],[-16,20],[19,63]],[[9171,6526],[4,12]],[[9815,5899],[-51,5],[-33,-35],[-44,-10],[-27,23],[-78,29],[-40,-8],[-46,15]],[[9496,5918],[-48,15],[-82,-24],[-25,-30],[-63,5],[-19,25],[-62,29]],[[9197,5938],[-143,54],[24,104]],[[9078,6096],[6,45],[28,29],[37,123]],[[9940,5934],[-99,-17],[-26,-18]],[[9078,6096],[-81,13],[-86,57],[-69,7],[-45,-16]],[[8797,6157],[-55,27],[-34,-41],[-69,32],[-61,81],[18,20],[-10,71]],[[8586,6347],[79,63],[31,-12],[90,9],[112,-22],[109,85],[35,71]],[[9111,6531],[60,-5]],[[8586,6347],[-70,45]],[[8758,5748],[-136,-45],[-82,-11],[-33,20],[-57,-15]],[[8450,5697],[-30,30],[-51,8]],[[8369,5735],[17,24],[-8,59],[15,132],[36,153],[-10,43],[17,47],[-29,37]],[[8797,6157],[1,-23],[-78,-64],[-7,-87],[26,-55],[-27,-31],[18,-81],[28,-27],[0,-41]],[[9172,5481],[-104,107],[-64,36],[-31,42],[-73,-15],[-17,50],[-66,51],[-53,-10]],[[8764,5742],[-6,6]],[[9197,5938],[-63,-13],[-49,-30],[-51,-81],[56,-52],[54,-26],[154,5]],[[9298,5741],[9,-57],[-46,-77],[-42,-112],[-47,-14]],[[8891,5975],[58,-34],[35,77],[-83,4],[-10,-47]],[[9341,6825],[-52,50],[-40,103],[-98,35],[1,63]],[[9429,6934],[-17,-71],[-43,6],[-28,-44]],[[9341,6825],[-23,-71],[-70,-6],[-32,-147],[-15,-37]],[[9496,5918],[-50,-47],[-47,1],[-66,-70]],[[9333,5802],[-35,-61]],[[10295,7470],[35,29],[51,8],[1,51],[40,6]],[[10422,7564],[21,-44],[10,-137],[-11,-79],[34,-140],[64,-125]],[[10540,7039],[29,-100],[-10,-41],[-32,-29]],[[11062,8776],[182,27],[40,-21],[54,-63],[-99,-29],[-87,15],[-7,-41],[29,-82],[45,-9],[118,26],[72,42]],[[11409,8641],[3,-44],[-30,-27],[-9,-74],[-76,-43]],[[11297,8453],[-70,-55],[-108,-116],[-52,70],[-31,-77],[-60,11],[-41,-28]],[[10935,8258],[-63,46],[-3,45],[-35,4],[-26,-48],[-54,-27],[-12,30],[12,65],[-20,30],[-3,67],[-41,-12],[-37,-89],[-59,-30],[46,153],[-27,16],[11,67]],[[11007,8778],[55,-2]],[[11670,8761],[45,37]],[[11715,8798],[42,-75],[44,-136]],[[11801,8587],[-70,-59],[-78,3],[-108,-49],[-11,-72],[-58,-61],[-60,-37]],[[11416,8312],[-49,46],[-11,54],[-59,41]],[[11409,8641],[33,5]],[[11442,8646],[80,52],[148,63]],[[11837,8530],[-8,-36]],[[11829,8494],[-22,-13],[-70,-91]],[[11737,8390],[-63,-68],[-87,-70],[-10,-81]],[[11577,8171],[-31,26],[-100,35],[-39,54],[9,26]],[[11801,8587],[36,-57]],[[11737,8390],[49,-9],[47,-31],[21,-95],[-13,-79],[-49,-97],[-25,-134],[-31,-76],[-47,-76]],[[11689,7793],[-94,84],[-36,105],[0,127]],[[11559,8109],[18,62]],[[10519,7886],[8,-34],[-21,-42]],[[10506,7810],[-2,-61],[16,-53]],[[10520,7696],[-27,-6],[-71,-98],[0,-28]],[[10121,7858],[151,-4],[-9,44],[23,51],[35,-46],[107,-64],[6,57],[42,22],[43,-32]],[[10978,8042],[14,-54]],[[10992,7988],[-48,6],[-102,-6],[-62,-46],[-47,-10],[-96,-63],[-41,8],[-34,-61],[-56,-6]],[[10519,7886],[36,14],[39,66],[74,63],[53,-16],[38,55],[-42,47],[27,55],[59,11],[62,32],[65,-83]],[[10930,8130],[48,-88]],[[10992,7988],[-2,-50],[-27,-71]],[[10963,7867],[-28,-5],[-50,-102],[-47,-48],[-24,-58],[37,-97],[8,-59]],[[10859,7498],[-122,83],[-80,-13],[-84,30],[-34,83],[-19,15]],[[11083,7255],[-58,3],[-62,-15],[-17,-57],[-95,0],[36,-64],[-106,-40],[-28,-22],[-13,85],[-41,74],[-55,3],[-29,-39],[-7,-95],[-68,-49]],[[10859,7498],[42,-74],[142,-129]],[[11043,7295],[40,-40]],[[10963,7867],[12,-79],[93,-2],[111,-116],[31,-17],[70,0],[57,-20],[91,-98],[11,-52]],[[11439,7483],[-29,-35],[-98,-56],[6,54],[-52,58],[-34,-10],[2,-51],[-44,-9],[-32,-47],[-67,-20],[-48,-72]],[[11199,8113],[7,-86],[23,-30],[-26,-35],[14,-80],[-12,-45],[29,-18],[5,-64],[41,-20],[54,13],[-4,-44],[98,-47],[54,27],[42,45],[48,-29],[143,23]],[[11715,7723],[27,-52],[47,-36],[36,-72],[6,-148]],[[11831,7415],[-39,-76]],[[11792,7339],[-170,-15],[-57,17],[-49,40],[-21,46],[-56,56]],[[10978,8042],[24,33],[116,24],[26,-10],[55,24]],[[11689,7793],[26,-70]],[[11199,8113],[62,14],[39,48],[56,-1],[34,31],[53,7],[20,-35],[37,-2],[11,-37],[48,-29]],[[10930,8130],[27,54],[-58,29],[36,45]],[[11083,7255],[114,-165],[53,-2],[128,-42],[90,-76],[56,-28],[24,-47],[108,-78]],[[11656,6817],[-91,-50],[-50,-74],[-86,-23],[-50,-43],[-157,-18],[-68,11],[-84,-50],[-10,-40]],[[11792,7339],[11,-39],[66,-68],[63,-36],[74,-6],[25,-35],[42,-20],[25,-73],[27,-4]],[[12125,7058],[15,-70],[69,-73],[57,-23],[-11,-106],[15,-45],[-23,-78],[-39,-31]],[[12208,6632],[-17,65],[4,55],[-20,76],[-51,45],[-86,-32],[-78,30],[-41,34],[-64,-8],[-76,-35],[-49,3],[-74,-48]],[[13092,9043],[34,-25],[7,-48],[70,-58],[-39,-71],[20,-18],[-21,-69],[36,-68]],[[13199,8686],[-88,-29]],[[13111,8657],[-15,19]],[[13096,8676],[-41,19],[-48,-64]],[[13007,8631],[-31,67],[21,54],[-11,38],[-45,58]],[[12941,8848],[26,-28],[101,87],[20,31],[-25,36]],[[13063,8974],[-15,49],[44,20]],[[13389,9171],[13,-145],[13,-22],[-5,-96],[103,-25]],[[13513,8883],[-64,-41],[-55,-17],[-36,-74],[-26,19],[-57,-20],[-37,-71]],[[13238,8679],[-39,7]],[[13092,9043],[65,36],[83,-2],[115,99]],[[13355,9176],[34,-5]],[[13640,8673],[23,-66]],[[13663,8607],[-12,-34],[70,-162],[56,-51],[-46,-70]],[[13731,8290],[-47,2],[-104,56],[-84,57],[-27,30],[-83,35],[-27,72],[-41,11],[-16,42],[13,45],[-65,2]],[[13250,8642],[-12,37]],[[13513,8883],[28,-46],[66,-74],[33,-90]],[[14106,7863],[-30,-85],[-17,-91],[9,-45],[86,-90],[20,-117],[-22,-93],[2,-71],[-20,-16],[-166,-51],[-48,-100],[-48,-167],[-61,-72]],[[13811,6865],[-61,43],[-70,140],[-53,289]],[[13627,7337],[-39,54],[-256,65],[-66,110]],[[13266,7566],[172,-15],[26,-11],[58,23],[1,51],[-40,88],[18,71],[-80,15],[-2,37],[-66,89],[-37,19],[-9,70],[-29,61]],[[13278,8064],[-17,61],[10,89],[-37,65],[-78,37],[-64,3],[-19,80],[17,33]],[[13090,8432],[62,17],[52,-49],[55,43],[-24,59]],[[13235,8502],[-7,43],[22,35],[0,62]],[[13731,8290],[24,-30]],[[13755,8260],[36,-24],[84,-134],[145,-161],[64,-38],[22,-40]],[[13278,8064],[-127,-25],[-43,56],[-99,-30],[-38,16],[-71,-84]],[[12900,7997],[-16,62],[8,105],[-6,115],[-13,26]],[[12873,8305],[3,16]],[[12876,8321],[65,121],[14,45]],[[12955,8487],[20,-36],[51,13]],[[13026,8464],[64,-32]],[[12754,8671],[53,-10],[11,-29],[76,-52],[-2,-28],[71,-6]],[[12963,8546],[-3,-14]],[[12960,8532],[-5,-45]],[[12876,8321],[-24,30],[-8,55],[-58,90],[-82,44],[-16,28]],[[12688,8568],[30,65],[36,38]],[[12873,8305],[-89,43],[-10,42],[-108,15],[-61,-19],[-27,66],[-37,15],[-36,42]],[[12505,8509],[99,81],[22,-37],[37,-14],[25,29]],[[12491,8815],[55,28],[60,-20],[64,16],[45,-14]],[[12715,8825],[9,-65],[43,-66],[-13,-23]],[[12505,8509],[-17,11]],[[12488,8520],[-91,56]],[[12397,8576],[33,104],[70,8],[-23,69],[-1,53]],[[12476,8810],[15,5]],[[12397,8576],[-48,-75],[-34,-20]],[[12315,8481],[-11,121],[-33,22],[-36,-23],[-34,26]],[[12201,8627],[-31,66]],[[12170,8693],[-28,11],[14,68],[-53,34]],[[12103,8806],[40,-11],[71,61],[145,22],[40,-64],[77,-4]],[[12170,8693],[-116,-41],[-36,-28],[-49,-10],[-2,-39],[-46,-23],[-76,4],[-8,-26]],[[11715,8798],[68,57],[99,6],[110,-24]],[[11992,8837],[111,-31]],[[12201,8627],[6,-90],[-26,-68],[10,-83],[-22,-53],[25,-17],[-18,-66],[41,-21]],[[12217,8229],[4,-42],[-29,-56]],[[12192,8131],[-111,41],[-20,102],[-58,102],[-90,65],[-87,-9],[3,62]],[[12192,8131],[-68,-58],[-20,-42]],[[12104,8031],[-28,-75],[-84,-141],[-16,-123],[0,-64],[-91,-157],[-11,-40],[-43,-16]],[[12488,8520],[-9,-121],[16,-73],[-18,-32],[20,-107],[-8,-71],[-38,-47],[35,-87],[28,-2]],[[12514,7980],[-18,-48]],[[12496,7932],[-101,36],[-21,26],[-131,16],[-136,-4],[-3,25]],[[12217,8229],[39,69],[-4,36],[24,69],[26,23],[13,55]],[[13266,7566],[-54,40],[-91,-87]],[[13121,7519],[-109,-87]],[[13012,7432],[-5,58],[-80,131],[-30,70],[12,125],[-22,79]],[[12887,7895],[13,102]],[[13974,9149],[-32,-65],[-2,-99],[-49,-85],[21,-67]],[[13912,8833],[-68,-20],[-58,-33],[-146,-107]],[[13389,9171],[194,7],[99,23],[113,55],[67,-9],[47,-63]],[[13909,9184],[65,-35]],[[12887,7895],[-85,36],[-45,-29],[-82,49],[-12,23],[-97,-54],[-15,113],[-30,-2],[-7,-51]],[[12496,7932],[-2,-57],[15,-154],[-61,26],[9,-85],[25,-52],[-5,-48]],[[12477,7562],[-69,23],[-25,-20],[-56,-1],[-101,35],[20,-85],[-15,-124],[-34,-91],[-3,-98],[-26,-36],[-17,-86],[-26,-21]],[[13012,7432],[-42,-38],[-63,-99],[2,-149],[-113,-178],[-31,-175],[-5,-119]],[[12760,6674],[0,-6]],[[12760,6668],[-33,19],[-88,114],[-19,51],[-58,55],[-47,25],[-34,44],[-21,66],[56,147],[-4,125],[8,84],[-43,164]],[[12715,8825],[31,-9],[57,23]],[[12803,8839],[42,30],[52,-1],[44,-20]],[[13007,8631],[-8,-12]],[[12999,8619],[-7,-11]],[[12992,8608],[-29,-62]],[[14199,8965],[-30,-17],[-42,32],[-95,-18],[-37,-72],[-83,-57]],[[13974,9149],[72,-39],[107,-35],[53,43],[23,-11],[38,-64],[-13,-53],[-55,-25]],[[12760,6668],[-15,-218],[64,-101],[-128,-354]],[[12681,5995],[-31,37],[-38,7],[-95,75],[-75,30],[8,36],[-42,17],[-4,37],[-73,58],[-23,39],[-4,114],[-59,55],[-4,59],[-33,22],[0,51]],[[10149,5661],[-8,-20],[-71,-27],[-60,1],[-57,-68],[5,-51],[-67,-25]],[[9891,5471],[-30,-21],[-43,8],[-30,-23],[-56,46],[-50,-13],[-114,74]],[[9568,5542],[-58,25],[-43,97],[-45,34],[-27,55],[-46,-19],[-16,68]],[[9815,5899],[-8,-82],[116,-66],[20,-50],[96,-20],[77,17],[33,-37]],[[10434,5505],[-63,32],[-19,-12],[-90,10],[-56,80],[-57,46]],[[10501,6052],[61,-118],[-58,-129],[28,-60],[-53,-6],[15,-61]],[[10494,5678],[-86,-86],[26,-87]],[[10572,5390],[-83,-15],[-37,-87],[-82,-48],[-33,-71],[-11,-56]],[[10326,5113],[-29,-14]],[[10297,5099],[-32,26],[-6,62],[10,91],[-40,5],[-9,33],[-59,2],[-42,18],[-3,-69],[-58,-25],[-48,12]],[[10010,5254],[2,63],[-49,-9]],[[9963,5308],[-22,8],[-93,-42]],[[9848,5274],[-38,36],[95,71],[15,48],[-29,42]],[[10434,5505],[94,-34],[44,-81]],[[10000,5438],[6,-91],[88,12],[15,33],[-45,71],[-64,-25]],[[9507,4714],[-33,55]],[[9474,4769],[30,37],[-34,65],[15,38],[78,76],[79,50],[43,64]],[[9685,5099],[80,51],[47,51],[69,43],[-33,30]],[[9963,5308],[-43,-45],[55,-72],[35,63]],[[10297,5099],[6,-37],[-30,-24],[-104,5],[40,53],[-96,-15],[-52,-76],[-41,-8],[-10,-76],[-60,-70]],[[9950,4851],[-55,-14],[-97,-4],[3,-56],[-109,-64],[-49,2],[-25,-24],[-111,23]],[[9390,3962],[-80,37],[-60,80],[-3,48],[-71,51],[-16,101],[-50,19],[-35,-11],[-92,19]],[[8983,4306],[37,96],[43,67],[8,56],[86,52],[28,37],[10,56],[60,66],[57,14],[15,57]],[[9327,4807],[12,9],[73,-71],[62,24]],[[9507,4714],[-13,-62],[34,-102],[10,-64],[39,-8],[22,-118],[45,-37],[-5,-62],[-24,-30],[27,-51],[50,-58]],[[9692,4122],[-28,-30],[-104,-23],[-35,-65],[-82,14],[-53,-56]],[[9950,4851],[-103,-59],[103,-85],[38,-71],[46,-1],[112,-54],[93,0],[98,-60],[38,29],[25,-17],[96,-147]],[[10496,4386],[-3,-92],[-33,-44],[-51,-26],[13,-33],[13,-103],[-20,-56],[55,-128],[72,-32],[35,-35],[42,-105],[32,-28],[62,-121]],[[10713,3583],[-41,20],[-30,-18],[-74,35],[-159,-42],[-28,-30],[-89,11],[-17,-15],[-73,14],[-21,19],[-84,-3],[-106,52],[-13,42],[-69,9],[-96,79],[20,75],[46,81],[-1,68],[-74,112],[-74,12],[-38,18]],[[10326,5113],[77,-55],[90,-5],[23,-45]],[[10516,5008],[28,-53],[-36,-27],[12,-73],[-18,-36],[-58,-48],[51,-61],[-24,-154],[30,-90],[-5,-80]],[[11289,3422],[-95,54],[-44,15],[-47,70],[-28,-6],[-88,29],[-107,-20],[-30,16],[-94,-17],[-43,20]],[[10516,5008],[14,48],[45,-4],[5,-43],[110,-31],[30,41],[66,-22],[49,-69],[48,-27],[11,-39],[38,-42]],[[10932,4820],[28,-79],[-23,-26],[20,-63],[-25,-64],[2,-39],[28,-31],[12,-55],[130,-101],[8,-32],[51,-84],[41,33],[43,1]],[[11247,4280],[22,-123],[-2,-115],[-14,-53],[-2,-108],[17,-130],[-6,-261],[27,-68]],[[11044,5145],[-29,-40],[76,-72],[-2,-134],[-88,-68],[-69,-11]],[[10572,5390],[13,15],[101,-23],[51,16],[37,47],[49,-61],[66,-13],[5,-104],[36,-12],[18,-45],[74,-26],[22,-39]],[[9685,5099],[-36,20],[-20,62],[-68,65],[-40,95],[-50,17],[-37,73],[47,7],[87,104]],[[7712,1697],[-111,70],[-118,-74],[-66,18],[-90,40],[-95,-13],[-115,24]],[[7117,1762],[-12,118],[14,134],[-28,78],[108,42],[-185,50],[-37,26],[63,46],[-27,83],[26,82],[36,5],[40,62],[99,-14]],[[7214,2474],[-30,-103],[43,-28],[67,-8],[14,-85],[112,-6],[25,30],[34,121],[56,34],[50,-24],[47,14],[32,-75],[54,49],[81,-17]],[[7799,2376],[9,-86],[-2,-157],[-8,-52],[26,-62],[-39,-32],[-1,-172]],[[7784,1815],[-72,-118]],[[8236,222],[-8,135],[27,33],[-5,57],[69,50]],[[8319,497],[26,12],[145,-3],[46,-46],[66,28],[391,146],[300,172]],[[9293,806],[-138,-241],[-164,-250],[-92,-30],[-185,-104]],[[8714,181],[-253,-25],[-225,66]],[[7075,519],[110,134],[48,128],[65,123],[34,0],[-105,199],[-10,98]],[[7217,1201],[78,12],[66,37],[24,68],[205,-52],[35,-17],[97,1]],[[7722,1250],[54,-9],[-20,-80],[36,-37],[7,-69]],[[7799,1055],[-33,-24],[12,-61],[31,-27],[-76,-42],[38,-37],[-11,-79],[-98,-32],[-7,-63],[-30,2],[-3,-80],[31,-9],[8,-61],[-33,-101],[-38,-22],[-9,-125]],[[7581,294],[-253,4],[-93,58],[-32,68],[-128,95]],[[5318,1493],[-81,213],[34,35],[-50,154],[260,-2],[38,39],[12,83],[-3,270],[14,66]],[[5542,2351],[32,124],[80,124],[77,6]],[[5731,2605],[113,-18],[142,11],[50,27],[47,-21]],[[6083,2604],[61,-6],[69,-50],[38,-7],[93,29]],[[6344,2570],[147,76]],[[6491,2646],[0,-79],[83,-154],[-13,-96],[-99,-106],[-31,-50],[-91,14],[-14,-53],[-63,-45],[-1,-54],[-23,-44],[-8,-149],[63,-4],[112,-60],[91,-28]],[[6497,1738],[16,-90],[-16,-10],[-8,-89],[-18,-27],[-8,-78],[9,-76],[-7,-129],[-14,-61],[39,-131],[-3,-40],[16,-110]],[[6503,897],[-376,248],[-214,134],[-45,65],[-85,64],[-217,86],[-248,-1]],[[7799,1055],[61,2],[86,29],[42,-1],[171,-122],[60,-26],[27,29],[47,-77]],[[8293,889],[-44,-138],[-24,-32],[24,-132],[70,-90]],[[8236,222],[-192,61],[-150,37],[-99,-40],[-214,14]],[[6497,1738],[110,36],[69,-12],[80,-42],[71,-5],[113,57],[26,-3]],[[6966,1769],[-21,-310],[29,-187],[70,46],[51,-110],[36,-54],[86,47]],[[7075,519],[-572,378]],[[7299,2674],[2,73],[52,-10],[30,39],[87,-6],[15,-30],[121,-9],[31,-37],[84,-30],[-5,-36],[66,-55],[7,-47],[33,-30],[78,-2],[65,40],[56,-11],[37,-51]],[[8058,2472],[-54,-49],[-69,-8],[-31,-32],[-105,-7]],[[7214,2474],[0,87],[56,7],[58,-26],[-3,55],[-26,77]],[[8293,889],[59,3],[265,-28],[96,88],[38,52],[33,17],[225,0],[133,37],[46,22],[59,50]],[[9247,1130],[94,75],[65,62]],[[9406,1267],[-51,-63],[-18,-104]],[[9337,1100],[-70,-179],[26,-115]],[[6966,1769],[54,7],[79,-24],[18,10]],[[7712,1697],[80,-179],[51,-64],[-22,-12]],[[7821,1442],[-6,-47],[-102,-78],[9,-67]],[[6491,2646],[135,56],[23,46]],[[6649,2748],[79,12],[66,-42],[37,10],[53,-22],[61,-49],[48,1]],[[6993,2658],[30,11],[16,32],[134,-74],[23,27],[103,20]],[[6883,7826],[30,-24],[-1,-60],[-23,-46],[18,-94],[-24,-29],[24,-73],[-19,-73]],[[6888,7427],[-71,-132],[-40,-42],[-84,-26]],[[6693,7227],[-15,7],[-77,-43],[-51,87],[-74,10]],[[7081,7799],[25,-57],[32,-20]],[[7138,7722],[-25,-59],[-5,-74],[-40,-120],[-27,18],[-58,-26],[-39,-67]],[[6944,7394],[-20,58],[-36,-25]],[[7138,7722],[77,-17],[68,7],[78,-36]],[[7361,7676],[-22,-40],[15,-86],[-15,-60],[27,-24]],[[7366,7466],[28,-36],[-22,-29],[-1,-55],[-28,-25],[-2,-52]],[[7341,7269],[-29,-25],[-72,-16]],[[7240,7228],[-53,8]],[[7187,7236],[5,47],[-75,23],[-87,69],[-86,19]],[[7092,7455],[15,-39],[46,33],[1,61],[-66,-32],[4,-23]],[[7516,7915],[25,-23],[-27,-117]],[[7514,7775],[-100,-76],[-53,-23]],[[7750,7916],[6,-53],[30,-55]],[[7786,7808],[-43,-18]],[[7743,7790],[-67,15],[-77,-29],[-85,-1]],[[7890,7926],[44,-45],[123,-34]],[[8057,7847],[12,-43],[48,-22],[47,15]],[[8164,7797],[6,-4]],[[8153,7599],[-48,5],[-52,40],[-36,55],[-54,10],[-99,-15]],[[7864,7694],[-5,35],[-46,24],[-27,55]],[[7846,7325],[-22,-16],[-40,-148]],[[7784,7161],[-39,38],[-35,108],[-45,47],[-10,67]],[[7655,7421],[46,2],[56,-53],[41,39],[-56,56],[46,46],[68,31],[-10,60],[-60,12],[-11,71],[34,24],[55,-15]],[[8181,7501],[-32,-24],[-38,25],[-57,-15],[-52,43],[-39,-97],[-73,-22],[-51,-42],[7,-44]],[[7655,7421],[-46,-22],[-32,31],[-8,78]],[[7569,7508],[1,46],[48,52],[35,108],[45,5],[45,37],[0,34]],[[7569,7508],[-10,40],[-63,-32],[-5,-40],[-51,-12],[-74,2]],[[7773,7129],[-15,-33],[-79,-38]],[[7679,7058],[-58,6]],[[7621,7064],[-27,48],[6,102],[-64,53],[-70,3],[-54,-23],[-22,22],[-49,0]],[[7784,7161],[-11,-32]],[[7187,7236],[-49,-37],[-86,27],[-93,-62],[-66,-5],[-71,21]],[[6822,7180],[-27,8],[-62,-22],[-40,61]],[[8109,7186],[-19,64],[-54,53],[-128,38],[-62,-16]],[[8116,3600],[-30,4],[-65,60],[-77,54],[-40,47]],[[7904,3765],[-5,74],[-26,37],[39,20],[-18,82]],[[7894,3978],[30,11],[17,50],[35,5],[27,41],[38,-21],[43,65]],[[8084,4129],[4,-4]],[[8088,4125],[39,-31],[-10,-70],[9,-64]],[[8126,3960],[12,-56],[32,-18],[1,-49],[40,-56],[3,-62]],[[8214,3719],[-56,-4],[11,-45],[-53,-70]],[[8084,4129],[-19,49],[-52,56],[-33,15],[-24,-66],[-43,106],[-44,-39],[-57,22],[-46,55]],[[7766,4327],[34,46]],[[7800,4373],[34,22],[131,15],[46,-20]],[[8011,4390],[80,-8]],[[8091,4382],[75,-42],[72,24],[37,-31]],[[8275,4333],[68,-64]],[[8343,4269],[-38,-9],[-24,-37],[-41,17],[-84,-27],[-74,-40],[6,-48]],[[8709,3382],[-99,29],[-24,25],[-87,12]],[[8499,3448],[-40,23]],[[8459,3471],[-30,42],[15,81],[-10,60],[-50,39],[-29,-11],[-75,22],[-49,-2]],[[8231,3702],[65,27],[21,101],[38,21],[-9,57],[76,86]],[[8422,3994],[43,15],[28,51]],[[8493,4060],[46,-64]],[[8539,3996],[20,-85],[39,-38],[13,-47],[50,-23],[57,37],[38,-8],[33,25],[59,-37]],[[8848,3820],[-8,-32],[45,-76],[0,-28],[-47,-22],[-6,-64],[-76,-64],[2,-42],[-49,-110]],[[8509,3605],[50,-60],[51,66],[-49,26],[-52,-32]],[[8914,3284],[-11,126],[-28,38],[-63,-57],[-73,-23]],[[8739,3368],[-30,14]],[[8848,3820],[47,-30],[146,-15],[10,-23],[57,-25],[23,15]],[[9131,3742],[38,-73],[82,-68],[-33,-56],[22,-51],[-8,-39]],[[9232,3455],[-19,-36],[-82,-47],[-24,22],[-61,-22],[-28,-68],[-51,1],[-53,-21]],[[8739,3368],[-32,-54],[-75,-20],[-71,-72],[-15,-28]],[[8546,3194],[-51,42],[-107,-5],[4,-75],[-38,-31],[-26,15],[-1,91],[-83,15],[-29,-47]],[[8215,3199],[-88,38],[-11,36],[-48,18]],[[8068,3291],[-19,39],[-10,109],[-25,10],[-41,57]],[[7973,3506],[21,33],[50,-24],[25,-50],[89,31],[-42,104]],[[8214,3719],[17,-17]],[[8459,3471],[-29,-24],[38,-38],[31,39]],[[7894,3978],[-113,118]],[[7781,4096],[-18,95],[-2,114]],[[7761,4305],[5,22]],[[8126,3960],[42,11],[63,-12],[118,92],[41,1],[32,-58]],[[8539,3996],[94,-27],[65,23],[48,34],[-27,82]],[[8719,4108],[-5,55],[41,41],[8,84]],[[8763,4288],[19,-44],[56,-62],[41,21]],[[8879,4203],[19,-28],[78,-9],[62,-104],[-1,-50],[27,-16],[-8,-46],[30,-23],[-16,-73],[49,-39],[12,-73]],[[8343,4269],[61,-62],[89,-147]],[[8741,2390],[-51,-7],[-81,72],[-20,54],[-31,13],[-49,-33],[-66,-14],[-44,65],[-33,11]],[[8366,2551],[-6,15]],[[8360,2566],[-13,59],[36,42],[-16,23]],[[8367,2690],[38,20],[2,100],[11,26],[-2,119],[-43,91],[110,34],[28,-27],[54,5],[-19,136]],[[8914,3284],[-17,-86],[25,-130],[34,-31],[-35,-68],[-3,-66],[-27,-53],[-35,-152],[-23,-28],[-12,-65],[-80,-215]],[[8367,2690],[-17,62],[-56,14],[-42,86],[-40,22],[-34,94],[-1,34],[49,40],[7,106],[-18,51]],[[7904,3765],[-64,44],[-25,-1],[-51,69],[-42,31],[-48,-31],[-30,12]],[[7644,3889],[33,88],[41,57],[58,24],[5,38]],[[7449,3194],[-5,50]],[[7444,3244],[38,-61],[30,7],[11,118],[-51,-15]],[[7472,3293],[-9,40],[-94,69]],[[7369,3402],[7,166],[64,-2]],[[7440,3566],[12,-29],[45,6],[45,35],[59,-6]],[[7601,3572],[-9,-48],[39,-121],[21,46],[46,-46],[-10,-80],[71,-6],[93,-168]],[[7852,3149],[-33,-15],[-2,-65],[-33,-6],[-12,-123],[-32,9]],[[7740,2949],[-118,12],[7,51],[-108,31],[-7,64],[-58,12],[24,52],[-31,23]],[[7601,3572],[66,55],[54,26]],[[7721,3653],[36,-21],[58,28],[30,-43],[-1,-47],[39,-50]],[[7883,3520],[-11,-45],[3,-78],[63,-38],[11,-135]],[[7949,3224],[-82,9],[9,-55],[-24,-29]],[[7973,3506],[-41,18],[-49,-4]],[[7721,3653],[-30,34],[-68,17],[-33,36],[-45,7]],[[7545,3747],[9,31],[50,32],[40,79]],[[6905,4088],[22,42],[17,82],[-17,108],[-61,73],[3,71],[19,44]],[[6888,4508],[84,108],[39,17]],[[7011,4633],[48,-54],[52,-12],[71,36]],[[7182,4603],[47,-56],[56,-13],[34,-39],[50,-4],[-9,-56],[39,-12],[65,20]],[[7464,4443],[50,-1]],[[7514,4442],[45,-36]],[[7559,4406],[15,-58]],[[7574,4348],[-7,-56]],[[7567,4292],[-57,-34],[-49,-9],[-39,-45]],[[7422,4204],[-21,-64],[37,-71],[-38,-57],[-66,-17],[-51,13]],[[7283,4008],[-52,6],[-31,-38],[-90,-23],[-22,-32],[-111,92],[-72,75]],[[6993,2658],[21,14],[5,86],[-6,95]],[[7013,2853],[31,9],[82,-48],[132,73],[-7,80],[23,98],[65,-20],[26,97],[84,52]],[[7740,2949],[-14,-27],[29,-67],[-23,-38],[22,-36],[99,-109],[50,-22],[43,65],[77,45],[49,-16],[-1,-65],[74,-44],[31,-53],[95,-12],[12,14],[77,-18]],[[8366,2551],[-35,-16],[-24,-47],[-59,-61],[-69,-13],[-31,55],[-46,22],[-44,-19]],[[7369,3402],[-34,-41],[-53,30]],[[7282,3391],[-98,73],[-19,86],[-35,56],[-20,99],[-92,7],[-87,73],[-56,-26],[-30,26]],[[6845,3785],[10,56],[-20,93]],[[6835,3934],[3,53],[67,101]],[[7283,4008],[-14,-69],[25,-40]],[[7294,3899],[35,-105],[36,-20]],[[7365,3774],[10,-13]],[[7375,3761],[23,-54],[31,-27]],[[7429,3680],[32,-68]],[[7461,3612],[-14,-29]],[[7447,3583],[-7,-17]],[[7949,3224],[53,6],[15,32],[51,29]],[[7444,3244],[28,49]],[[7013,2853],[50,78],[16,74],[2,92],[-26,115],[20,33]],[[7075,3245],[92,16],[96,56],[19,74]],[[4286,7499],[54,-30],[154,-4],[58,-63],[77,14]],[[4629,7416],[29,5]],[[4658,7421],[2,-30],[-42,-60],[29,-26],[4,-159],[65,-3],[14,-40],[-5,-74]],[[4725,7029],[-24,-23]],[[4284,7535],[62,21],[81,97],[69,61]],[[4496,7714],[39,-56],[47,7],[34,-25],[-4,-56],[34,-57],[-20,-60],[3,-51]],[[4926,7592],[-42,-41],[-43,5],[-30,-39],[-110,-56],[-43,-40]],[[4496,7714],[-66,90]],[[4430,7804],[82,3],[65,-16],[26,-26],[37,87],[-1,51],[49,117]],[[4730,7030],[62,72],[12,112],[76,32],[57,78],[65,11],[15,26],[119,43],[-47,91]],[[5223,7438],[2,-38],[-54,-65],[17,-86],[-71,-2],[-73,-47],[10,-59],[-27,-72],[6,-93]],[[5033,6976],[-55,17],[-43,-18],[-76,20],[-26,39],[-103,-4]],[[5453,6936],[-54,-19],[-87,25],[-24,-12],[-54,31],[-25,-43],[-57,8],[-52,65],[-67,-15]],[[4725,7029],[5,1]],[[4238,7965],[72,-38],[52,-15],[61,-82],[7,-26]],[[4371,8155],[61,14]],[[4485,8166],[37,-6]],[[7245,5334],[15,90]],[[7260,5424],[7,61],[33,40]],[[7300,5525],[123,75]],[[7423,5600],[29,10]],[[7452,5610],[9,-42],[151,1],[34,-54]],[[7646,5515],[18,-78]],[[7664,5437],[-49,21],[-24,-58],[-72,-90],[-19,-46]],[[7500,5264],[-102,-40],[-57,-39]],[[7341,5185],[-40,53],[-54,48],[-2,48]],[[7963,5733],[-80,-24],[-13,-86],[-19,-14],[-94,-1],[-20,-65],[44,-51]],[[7781,5492],[-135,23]],[[7452,5610],[82,59],[23,46],[-6,34]],[[7551,5749],[46,57],[46,112],[94,37]],[[7737,5955],[179,-68],[35,-34],[12,-120]],[[8450,5697],[-79,-20],[4,-70],[-44,-44],[19,-57],[-24,-33],[10,-37]],[[8336,5436],[-30,5]],[[8306,5441],[-65,39],[-41,69],[-66,56]],[[8134,5605],[-29,39]],[[8105,5644],[56,87],[-19,53],[-51,-14],[-29,-99]],[[8062,5671],[-38,45],[-61,17]],[[7737,5955],[28,16],[-11,79]],[[8170,6211],[-11,-101],[-19,-39],[-7,-67],[46,-30],[50,-7],[-19,-70],[65,-83],[43,-22],[51,-57]],[[8664,5269],[-64,-28],[-67,-88],[-40,9],[-49,-31]],[[8444,5131],[-77,-5],[-22,16],[-103,-29],[-44,-93],[-43,-16]],[[8155,5004],[20,16],[-20,62],[-7,79],[23,24],[-1,57],[-47,-10]],[[8123,5232],[5,61]],[[8128,5293],[56,13],[-53,74]],[[8131,5380],[49,-21],[51,49],[47,-38],[28,71]],[[8336,5436],[97,-96],[47,-31],[18,45],[63,28]],[[8561,5382],[32,-52],[71,-61]],[[8243,5330],[41,-37],[37,13],[-24,58],[-54,-34]],[[8764,5742],[-23,-3],[-87,-61],[-28,-62],[59,-49],[-74,-23],[-27,-24],[-40,16],[-29,-48],[31,-15],[20,-49],[-5,-42]],[[9055,5377],[-62,0],[-33,-50],[-75,-20],[-101,-43],[-65,12],[-55,-7]],[[9172,5481],[11,-43],[-44,-38],[-50,9],[-34,-32]],[[9123,4794],[-44,-26],[-49,13],[-38,48],[-63,-6],[-21,57],[-63,-28],[-18,-61],[-45,84],[-79,48],[-62,-62],[-53,-6]],[[8588,4855],[-70,11],[-49,63],[-34,1],[-19,43],[-52,-6],[-15,42],[66,63],[29,59]],[[9055,5377],[0,-52],[44,-68],[-40,-26],[50,-89],[-14,-38],[14,-113],[-15,-118],[37,-41],[-8,-38]],[[8477,4725],[-2,1]],[[8475,4726],[-98,15],[-27,19]],[[8350,4760],[-26,32],[-91,-10],[-48,49],[-64,34]],[[8121,4865],[-57,52]],[[8064,4917],[5,34],[50,33]],[[8119,4984],[36,20]],[[8588,4855],[-75,-68],[-36,-62]],[[8983,4306],[-39,4],[-24,-58],[-41,-49]],[[8763,4288],[-9,48]],[[8754,4336],[-34,119],[2,72],[-15,35],[-48,17],[17,61],[-46,19],[-52,-9]],[[8578,4650],[-17,-3]],[[8561,4647],[-60,9],[11,49],[-35,20]],[[9123,4794],[92,5],[22,28],[90,-20]],[[8134,5605],[26,-97],[-87,-94],[-30,37],[-46,-45]],[[7997,5406],[-37,-24]],[[7960,5382],[-25,-27],[-94,-1],[-28,39]],[[7813,5393],[-26,14],[-59,-8],[-64,38]],[[7781,5492],[71,24],[34,75],[94,-11],[32,56],[34,-7],[28,34]],[[8074,5663],[31,-19]],[[8062,5671],[12,-8]],[[8131,5380],[-104,23]],[[8027,5403],[-30,3]],[[8128,5293],[-63,26],[13,43],[-51,41]],[[2914,7814],[46,-48],[-4,-26],[52,-71],[-9,-34],[31,-40]],[[2863,7354],[-28,24],[-15,55],[-104,63],[-13,61],[-72,22],[-32,-5],[-15,121]],[[2584,7695],[34,24],[76,9],[17,27],[86,19],[49,-17],[68,57]],[[2464,7955],[64,16],[67,-10],[39,67]],[[2634,8028],[-14,-67],[64,7]],[[2684,7968],[62,-9],[57,33],[34,-24]],[[2837,7968],[46,-43],[31,-111]],[[2584,7695],[-52,12],[-34,42],[-32,-62]],[[2466,7687],[-21,19],[7,50],[34,10],[-9,57],[-33,28]],[[2444,7851],[24,48],[-4,56]],[[2684,7968],[108,93],[85,15],[2,25],[-47,69],[-24,-1],[-4,72],[55,-13],[69,7],[33,53],[2,80],[17,42],[68,33]],[[3138,8282],[-48,-46],[14,-61],[-95,-38],[53,-117],[-9,-38]],[[3053,7982],[-89,-6],[-78,7],[-49,-15]],[[2634,8028],[3,73],[16,53],[-68,61],[-32,169]],[[2479,7243],[2,39],[-50,54],[-45,5],[-14,33],[8,128],[63,5],[-22,57],[54,38],[9,43],[-18,42]],[[2819,7036],[-157,5],[-41,16],[-58,61],[-1,75],[-83,50]],[[2559,7489],[5,-60],[42,-8],[-6,59],[-41,9]],[[1848,7700],[96,-4],[44,38],[61,17],[35,54],[107,-2],[49,43],[57,-3],[35,21],[82,-31],[30,18]],[[2479,7243],[-138,18],[-80,2],[-25,75],[-49,29],[-123,-78],[-75,-38]],[[1989,7251],[-52,-27],[-49,19],[63,160],[-17,145],[-47,120],[-39,32]],[[3288,8215],[-32,-41],[23,-29],[5,-118],[-28,-44],[1,-41],[-41,-46],[-3,-46],[-35,-74]],[[3102,7706],[-27,46],[7,43],[-19,65],[15,45],[-29,38],[4,39]],[[1632,8075],[424,7],[104,54],[-29,62],[-36,38],[-45,-2],[-68,86]],[[2438,8383],[13,-67],[-30,-45],[31,-161],[-37,-135],[49,-20]],[[1848,7700],[-42,-2],[-46,-48],[-49,-27],[-93,0]],[[1618,7623],[14,452]],[[5709,9083],[37,3],[16,-50],[69,-55],[25,63],[114,8],[17,-21],[64,8]],[[6051,9039],[-29,-97],[-46,-18]],[[5976,8924],[-36,8],[-98,-25],[-14,-122],[-19,-31]],[[5597,8802],[79,52],[47,19],[-22,191],[8,19]],[[6396,8983],[112,14],[20,-47],[81,36]],[[6453,8605],[5,25],[-50,88],[-100,46],[-125,14],[-199,6]],[[5984,8784],[7,65],[-22,50]],[[5969,8899],[122,3],[14,33],[106,28],[46,-24]],[[6257,8939],[57,-56],[27,48],[55,52]],[[6396,8983],[7,69],[35,58],[-15,30],[10,157],[128,65],[16,35],[-127,75],[-108,121],[-121,1]],[[6051,9039],[1,48],[-26,56],[51,25],[22,84]],[[6099,9252],[61,-14],[30,-41],[-16,-77],[19,-32],[68,-15],[-4,-134]],[[5969,8899],[7,25]],[[5984,8784],[-14,-34],[3,-123],[136,-58]],[[6109,8569],[-85,-115]],[[6109,8569],[64,-4],[36,59],[77,7],[107,-37]],[[5609,9305],[36,47],[-6,34],[81,69],[89,26],[29,59],[-12,40],[93,38],[23,39],[54,20],[25,45]],[[6156,9638],[-40,-46],[15,-42],[-19,-69],[-64,-53],[-96,16],[-26,-130],[60,-16],[37,-30]],[[6023,9268],[-46,13],[-63,-15],[-19,-28],[-87,24],[-49,-41],[-9,-73],[-41,7]],[[5709,9155],[-29,16],[-13,77],[-65,51]],[[5709,9155],[0,-72]],[[6023,9268],[26,-20],[50,4]],[[8111,8271],[61,-18]],[[8172,8253],[-38,-18]],[[8134,8235],[-2,-31]],[[8132,8204],[-54,12]],[[8078,8216],[-11,45],[44,10]],[[8347,8329],[79,15],[53,-25],[11,-25],[-15,-80],[-27,-72]],[[8448,8142],[-41,106],[-53,-5]],[[8354,8243],[-35,3]],[[8319,8246],[19,49]],[[8338,8295],[9,34]],[[8075,8057],[-50,35]],[[8025,8092],[61,45]],[[8086,8137],[-12,-57],[54,-23]],[[8128,8057],[32,-36]],[[8160,8021],[-47,-25],[-38,61]],[[8216,7937],[-41,77]],[[8175,8014],[43,-29]],[[8218,7985],[1,-31]],[[8219,7954],[-3,-17]],[[8164,7797],[-18,39],[14,55],[56,46]],[[8219,7954],[51,-63],[63,8],[4,31]],[[8337,7930],[77,-41]],[[8057,7847],[2,87],[21,18],[-32,91],[27,14]],[[8160,8021],[15,-7]],[[8063,8360],[48,-89]],[[8078,8216],[-35,-39],[-43,-84]],[[8000,8093],[-13,32],[-45,22]],[[8337,7930],[61,26],[14,55],[-34,29]],[[8378,8040],[51,-6],[17,49]],[[8446,8083],[48,-8],[46,-34]],[[8446,8083],[2,59]],[[8347,8329],[4,84]],[[8115,8381],[19,-40],[52,1],[79,-33],[-1,-25],[74,11]],[[8319,8246],[-43,9]],[[8276,8255],[-19,17],[-85,-19]],[[8132,8204],[-22,-34]],[[8110,8170],[-24,-33]],[[8025,8092],[-25,1]],[[11126,5814],[-108,-9],[-72,8],[-47,-84],[-1,-38],[-94,-10],[-30,-20],[-11,-60],[-40,-13],[-31,60],[-62,72],[-30,-46],[-58,-11],[-48,15]],[[11029,6445],[35,-9],[53,-59],[-1,-23],[50,-52],[45,-75],[-2,-32],[58,-50]],[[11267,6145],[-32,-44],[-7,-61],[5,-92],[-7,-69],[-35,-12],[-65,-53]],[[12681,5995],[41,-175],[292,-117]],[[13014,5703],[-76,-16],[-32,-21],[-75,35],[-36,-4],[-64,48],[-78,40],[-44,-14],[-98,9],[-17,32],[-64,15],[-48,28],[-13,43],[-66,44],[-52,2],[-56,30],[-128,31],[-2,36],[-92,173],[-78,24],[-82,10],[-19,51],[-97,-4],[-32,52],[-74,-33],[-54,-9],[-57,-50],[-44,-15],[-44,16],[-60,-78],[-65,-33]],[[11559,4778],[-3,-1]],[[11556,4777],[-7,1]],[[11549,4778],[-109,94],[2,47],[-40,13],[-43,55],[-85,13],[9,41],[-35,41],[-83,22],[-10,52],[-73,-24],[-38,13]],[[11126,5814],[26,-58],[-64,-63],[22,-51],[-5,-111],[40,-39],[109,9],[1,-56],[82,-55],[53,-20],[41,44],[63,-6],[22,23],[43,-12]],[[11559,5419],[-77,-67],[-8,-33],[-66,-18],[3,-71],[-15,-58],[91,-75],[-24,-56],[17,-42],[-5,-64],[83,-51],[24,-79],[-23,-27]],[[11014,5422],[3,-28],[54,-8],[42,59],[-65,21],[-34,-44]],[[12327,4295],[-143,160]],[[12184,4455],[-117,105],[-83,31],[-31,0],[-185,84],[-139,99],[-70,4]],[[11559,5419],[106,0],[84,-72],[87,-19],[65,-58],[46,-24],[166,-20],[48,28],[80,16],[39,-23],[95,42],[-50,93],[-51,22],[1,68],[23,35],[78,-18],[82,-33],[-5,-42],[-45,-86],[33,-101],[46,-1],[45,-88],[19,-8],[10,-88],[75,41],[80,-46],[21,-122],[-23,-67],[-3,-97],[-22,-139],[-14,-22],[48,-38]],[[12723,4552],[-52,-5],[-10,49],[-49,2],[-88,-43],[-37,-50]],[[12487,4505],[-59,-112],[-82,-55],[-19,-43]],[[12885,4721],[-16,-94],[-90,-54],[-56,-21]],[[13014,5703],[141,-57],[15,-39],[-5,-82]],[[13165,5525],[-2,-97],[-26,-65],[-42,-66],[7,-64]],[[13102,5233],[-38,-70]],[[13064,5163],[-42,-42],[-43,-63],[-19,-88],[-11,-112],[-43,-62],[-21,-75]],[[11549,4778],[-85,-72],[-37,-58],[-128,-135],[-21,-57],[-36,-53],[-5,-73],[10,-50]],[[9783,2384],[-34,49],[3,63],[-48,-18],[-114,18],[-129,-12],[-45,29],[13,38],[-30,44],[-75,-19],[-92,-69],[-29,17],[-38,-62],[1,-54],[-65,-44],[-61,40],[-35,-1],[-88,-97]],[[8917,2306],[-53,40],[11,69],[83,73],[9,59],[-20,39],[59,41],[48,85],[91,-36],[35,8],[-11,49],[37,84],[-6,29],[35,74],[65,33],[30,-48],[29,50],[63,37],[37,39],[12,40],[78,48]],[[9549,3119],[13,-39],[41,-29],[26,12],[105,8],[60,-16],[72,-44],[50,-90],[48,-26],[97,-2]],[[10061,2893],[-131,-163],[-50,-95],[-97,-251]],[[10597,2886],[-335,-57],[-109,17],[-92,47]],[[9549,3119],[9,58],[67,86],[-37,53]],[[9588,3316],[12,101],[19,24],[1,91],[-38,-39],[-39,16],[-80,-9],[-32,-40],[-41,57],[9,38],[-40,33],[0,61],[41,22],[2,64],[37,31],[-29,68],[32,44],[-52,84]],[[11289,3422],[41,-113]],[[11330,3309],[-128,-40],[-114,-89],[-83,-40],[-21,-38],[-67,-16],[-39,-58],[-35,-20],[-69,-95],[-177,-27]],[[9588,3316],[-86,48],[-47,-10],[-52,12],[-16,-34],[-70,33],[-85,90]],[[8814,2225],[-16,59],[-35,36],[-22,70]],[[8917,2306],[-103,-81]],[[9647,1886],[-52,-72],[-64,14],[-49,32],[-33,-4],[-26,36],[-76,17],[-40,-12],[-28,21],[-75,-6],[-32,49],[-34,8]],[[9138,1969],[-19,32],[-16,100],[-90,30],[-46,-16],[-63,30],[-90,80]],[[9783,2384],[-38,-65],[-12,-74],[-56,-152],[-30,-199]],[[9647,1894],[0,-8]],[[9138,1969],[-47,-69],[-159,-95],[-137,-30],[-47,-2],[-14,36],[-53,-8],[-64,19],[-45,-6],[-104,37],[1,-25],[74,-60],[-33,-59],[-77,-65],[-47,28],[-81,-40],[-58,129],[-6,38],[-68,67],[-48,-2],[-58,-39],[-102,-10],[-9,33],[-51,-3],[-121,-28]],[[9635,1805],[-46,-117],[-88,-192],[-33,-98],[-62,-131]],[[9247,1130],[-182,95],[-63,60],[-128,73],[-183,22],[-102,5],[-27,-16],[-98,-3],[-67,43],[-62,16],[-197,-31],[-97,-57],[-166,91],[-54,14]],[[9647,1886],[-12,-81]],[[14043,10023],[-163,-266]],[[13880,9757],[-252,14],[-134,-20]],[[13494,9751],[41,320],[-46,207],[-17,141],[-29,88],[-506,272]],[[12937,10779],[-153,83],[-121,108],[-56,8],[-38,41]],[[12601,11013],[152,-44],[106,-16],[39,3],[151,80],[66,1],[268,28],[203,64],[199,49],[154,-28],[30,-80],[60,-50],[114,-9],[76,29],[-38,-68],[-113,-119],[-106,-135],[-142,-215],[23,-73],[59,-94],[91,-91],[16,-47],[13,-106],[21,-69]],[[13880,9757],[38,-112],[74,-96],[84,-49],[58,-50],[-7,-43],[-85,-59],[-40,-51]],[[14002,9297],[-12,-48],[-77,-25],[-4,-40]],[[13355,9176],[-126,93],[-54,0],[-69,-45]],[[13106,9224],[-59,61],[15,95],[218,337]],[[13280,9717],[214,34]],[[12586,9929],[86,-12],[253,-106],[58,-44],[116,-65],[181,15]],[[13106,9224],[-189,-192]],[[12917,9032],[-20,-4],[-161,89],[-63,-2]],[[12673,9115],[-13,-6]],[[12660,9109],[-22,-17]],[[12638,9092],[-31,-24]],[[12607,9068],[-79,-2]],[[12528,9066],[-17,-41]],[[12511,9025],[-140,140],[-52,231],[-50,94],[15,74],[-48,275]],[[12236,9839],[132,-14],[110,19],[108,85]],[[12511,9025],[-24,-156]],[[12487,8869],[4,-54]],[[11992,8837],[-29,97],[-48,42],[-52,69],[-74,284],[-43,100],[-64,-11],[-24,47],[-45,45]],[[11613,9510],[18,54],[-111,203],[-10,116]],[[11510,9883],[48,-7],[187,20],[80,15],[65,37],[84,67],[101,183]],[[12075,10198],[135,-212],[26,-147]],[[11613,9510],[-52,-38],[-84,-87],[4,-91],[23,-105],[46,-127],[60,-128],[60,-173]],[[11442,8646],[6,146],[-18,118],[-28,68],[-54,45],[-176,69]],[[11172,9092],[-13,95]],[[11411,9862],[37,29],[62,-8]],[[12586,9929],[37,102],[71,121],[0,128],[24,45],[81,93],[0,45],[72,83],[66,233]],[[11062,8776],[111,66],[99,48],[-96,161],[-4,41]],[[11799,10941],[21,-39],[34,-114],[13,-132],[208,-458]],[[13713,8557],[49,1],[46,-86],[54,-27],[25,-86],[-57,-69],[-75,-30]],[[13663,8607],[50,-50]],[[13627,7337],[-222,-5],[-209,34]],[[13196,7366],[-75,153]],[[14162,8065],[19,-276]],[[14181,7789],[-75,74]],[[13713,8557],[17,48],[72,96],[77,41]],[[13879,8742],[-4,-64],[32,-54],[83,-19],[40,-52],[59,72],[101,-54]],[[14190,8571],[32,-24],[109,-43],[106,-85]],[[14437,8419],[-124,-40],[-75,-97],[-54,-47],[-22,-170]],[[14774,9023],[-48,-5],[-73,-90],[21,-34],[162,-11],[35,21]],[[14871,8904],[38,-78]],[[14909,8826],[-86,-66],[-136,-122],[-75,-90],[-32,30]],[[14580,8578],[-25,31],[-55,200],[-83,16],[-112,49],[-27,2]],[[14278,8876],[-5,59],[-74,30]],[[14002,9297],[50,-17],[125,-89],[132,-33],[43,15],[110,141],[41,21],[74,98]],[[14577,9433],[43,-49],[51,-259],[33,-73],[70,-29]],[[15077,8645],[-74,-119],[22,-31],[-17,-89],[-95,-424]],[[14913,7982],[-57,1],[-72,-30],[-20,-29],[-1,-84],[-132,-10]],[[14631,7830],[-80,4],[-35,53],[-107,70],[-23,42],[-33,16],[-191,50]],[[14437,8419],[53,15],[81,69],[-28,45],[37,30]],[[14909,8826],[-2,-65],[23,-24],[147,-92]],[[14509,8282],[27,-38],[49,-9],[20,38],[-70,35],[-26,-26]],[[15892,8090],[-13,-89],[23,-103],[57,-137],[-262,-353]],[[15697,7408],[-388,147],[-55,42],[-49,20],[-97,96]],[[15108,7713],[-132,129],[-6,30],[-48,56],[-9,54]],[[15077,8645],[55,-27],[63,27],[548,-505],[149,-50]],[[14278,8876],[-113,-15],[-76,-66],[-97,-36]],[[13992,8759],[-81,-3],[-32,-14]],[[14181,7789],[13,-154],[52,-170],[-8,-106]],[[14238,7359],[-39,-90],[-145,-251],[-21,-91],[-46,-54],[-112,-31],[-24,11]],[[13851,6853],[-39,8]],[[13812,6861],[-1,4]],[[13992,8759],[162,-54],[16,-46],[46,-37],[-26,-51]],[[14774,9023],[77,-84],[20,-35]],[[14631,7830],[40,-172],[-73,-111],[32,-87]],[[14630,7460],[-187,-111]],[[14443,7349],[-205,10]],[[14043,10023],[42,-121],[58,-69],[128,-79],[46,-53],[56,-164],[46,-63],[37,-23],[121,-18]],[[14443,7349],[-39,2],[66,-160],[67,-136],[44,-69],[91,-92],[20,-51]],[[14692,6843],[4,-15],[30,-344]],[[14726,6484],[27,-306]],[[14753,6178],[-525,254],[-341,164],[-11,1]],[[13876,6597],[-18,32],[1,65],[17,50],[-42,62],[17,47]],[[15092,7582],[15,-74],[40,-57],[10,-89],[35,-29],[13,-62],[63,0],[59,-22],[60,-106],[109,-97],[31,-191]],[[15527,6855],[46,-286]],[[15573,6569],[-49,-164]],[[15524,6405],[-312,-2],[-204,2],[-142,54],[-140,25]],[[14692,6843],[92,63],[126,251],[83,176],[13,105],[-42,124]],[[14964,7562],[128,20]],[[14963,6931],[141,-10],[99,22],[31,28],[-12,67],[-52,39],[-72,21],[-57,-3],[-69,-28],[-18,-110],[9,-26]],[[16401,6568],[-84,-5],[-53,-104],[-61,-85]],[[16203,6374],[-103,85],[-243,59],[-284,51]],[[15527,6855],[124,47],[53,104],[38,142],[14,22],[0,79]],[[15756,7249],[104,-87],[100,-18],[84,-60],[110,-34],[93,-104],[88,-76],[10,-144],[61,-57],[-5,-101]],[[18720,7130],[-105,-116],[-15,-194],[-132,-150],[-142,-78],[-87,-101],[-109,-116],[-95,-205],[-222,17],[-150,-10],[-534,117]],[[17129,6294],[3,39],[-379,-19]],[[16753,6314],[-65,91],[-33,26]],[[16655,6431],[302,115],[-18,21],[-54,266],[-62,98],[-19,63],[44,30],[106,202],[-22,226],[-41,198],[-234,84],[49,81]],[[16706,7815],[1171,-401],[616,-207],[227,-77]],[[16203,6374],[47,-40],[-91,-179],[-36,-105],[77,-78],[240,-41]],[[16440,5931],[-39,-125],[-17,-108],[-96,-40],[-49,11],[-49,48]],[[16190,5717],[-44,11],[-19,51],[-42,19],[-16,67],[-45,24],[-18,43],[-51,24],[-29,44],[-61,45],[-233,-10]],[[15632,6035],[-141,135],[33,235]],[[14630,7460],[151,3],[148,62],[35,37]],[[15697,7408],[35,-22],[0,-93],[24,-44]],[[15092,7582],[-18,43],[34,88]],[[16655,6431],[-55,34],[-91,17],[-37,58],[-71,28]],[[15892,8090],[814,-275]],[[15632,6035],[-155,-171],[-93,-87]],[[15384,5777],[-73,-69],[-10,-65]],[[15301,5643],[-206,71]],[[15095,5714],[-111,69],[31,104],[-27,121],[-235,170]],[[16753,6314],[-62,-95],[-32,-90],[-3,-42],[29,-79],[-27,-50],[-142,-28],[-76,1]],[[13812,6861],[-159,-25],[-69,-28],[-126,-83],[-12,-91],[29,-122],[5,-57],[-40,-39]],[[13440,6416],[-253,103],[-285,-49]],[[12902,6470],[-34,93]],[[12868,6563],[5,43],[42,46],[18,45],[1,84],[46,59],[-5,57],[31,116],[54,92],[77,80],[-20,36],[10,47],[69,98]],[[13165,5525],[37,4]],[[13202,5529],[55,-21],[11,-66],[-14,-75],[-29,-33],[-59,-35],[-64,-66]],[[13440,6416],[76,-169],[3,-22],[72,-68],[4,-52],[104,-112]],[[13699,5993],[127,-103]],[[13826,5890],[-260,-90]],[[13566,5800],[-192,-69]],[[13374,5731],[-69,48],[10,51],[-26,29],[-8,50],[-28,42],[-2,52],[-34,20],[-104,7],[-196,2]],[[12917,6032],[-7,8]],[[12910,6040],[31,166],[-20,149],[-30,64],[11,51]],[[12681,5995],[63,-11],[85,34],[26,-19],[55,41]],[[12917,6032],[27,-59],[64,-37],[6,-54],[57,-16],[4,-35],[56,-11],[8,-70],[-7,-59],[49,-42],[8,-44]],[[13189,5605],[13,-76]],[[12868,6563],[-91,76],[-17,35]],[[13876,6597],[-12,-80],[24,-45],[-5,-43],[42,-70],[-6,-115],[-30,-71],[-115,-98],[-115,-37],[40,-45]],[[13374,5731],[-136,-36],[-49,-90]],[[16031,5503],[-129,-87],[-115,47],[-162,138],[-241,176]],[[16190,5717],[-159,-214]],[[16663,4606],[-99,-32],[-104,-65],[-82,-4],[-224,28],[-207,9]],[[15947,4542],[-144,17],[-60,19],[-68,86],[-18,62],[-73,107]],[[15584,4833],[299,68],[146,49],[-107,162],[-35,70],[27,56],[193,14],[216,70]],[[16323,5322],[3,-132],[14,-116],[-61,-180],[56,-122],[111,-69],[151,-47],[66,-50]],[[16034,4808],[18,-28],[57,-17],[103,48],[-2,52],[-48,41],[-71,-6],[-47,-35],[-10,-55]],[[17698,2852],[-150,49],[-310,68],[-144,84],[-87,-2]],[[17007,3051],[-117,25]],[[16890,3076],[70,139],[-58,161],[-148,156],[37,162],[-40,65],[-54,14]],[[16697,3773],[26,215],[-168,194]],[[16555,4182],[53,93],[236,225],[68,57]],[[16912,4557],[284,-99],[122,-150],[294,-95],[128,-4]],[[17740,4209],[192,-7],[432,-268],[205,-115]],[[18569,3819],[-389,-430],[-482,-537]],[[16697,3773],[-267,13],[-44,-58],[10,-29],[-276,-249],[-113,-135]],[[16007,3315],[-61,346]],[[15946,3661],[68,84],[18,43],[71,108],[-7,30],[-54,13],[-32,70],[41,66],[-30,16],[-126,36],[6,38]],[[15901,4165],[60,21],[594,-4]],[[17129,6294],[-29,-64],[35,-162],[-60,-38],[-109,-95],[-102,-168],[71,-193],[31,-13]],[[16966,5561],[74,-30],[1,-25],[-79,-5],[11,-30],[-46,-149]],[[16927,5322],[-250,27],[-160,-3],[-194,-24]],[[16323,5322],[-292,181]],[[16894,4917],[18,-360]],[[16912,4557],[-249,49]],[[16927,5322],[-46,-151],[13,-254]],[[15913,4277],[-153,14],[-77,-17],[-18,-23],[-169,204],[-65,30],[-51,-1],[-45,-23]],[[15335,4461],[-15,96],[66,105],[-242,298]],[[15144,4960],[336,-4],[37,-55],[67,-68]],[[15947,4542],[-4,-37],[29,-102],[-7,-74],[-52,-52]],[[16890,3076],[-63,-43],[-187,-15],[-92,-26]],[[16548,2992],[-11,18],[-180,197],[-119,22],[-231,86]],[[15901,4165],[12,112]],[[15144,4960],[90,253],[67,430]],[[12966,4592],[1,19],[-53,85],[-29,25]],[[13064,5163],[87,-72],[170,-24],[185,16],[100,35]],[[13606,5118],[51,-146],[77,-95]],[[13734,4877],[-21,-73],[-66,-64],[-48,-98],[-36,-216],[-35,-96],[-7,-119]],[[13521,4211],[-60,0],[-94,45],[-67,-10],[-52,83],[-118,92],[-70,32],[-22,95],[-72,44]],[[15025,2068],[-181,356]],[[14844,2424],[-111,219],[-97,403],[25,67],[81,118],[-45,79],[-64,58],[-129,-13],[-70,-38],[-33,-66]],[[14401,3251],[-307,257],[-63,10]],[[14031,3518],[-2,168]],[[14029,3686],[79,76],[70,154]],[[14178,3916],[47,-10],[9,-28],[57,1],[43,-41],[60,-10],[69,-38],[31,-2],[69,-63],[58,-18],[21,-26],[96,11],[34,-13],[116,20]],[[14888,3699],[91,8],[34,-38],[88,-43],[92,-59],[43,3],[82,-23],[88,-52],[65,-77],[101,-83]],[[15572,3335],[-8,-77],[40,-214],[-57,-351],[-68,-504],[-4,-5]],[[15475,2184],[-35,-58],[-370,-116],[-45,58]],[[15029,4285],[-192,-27],[-61,136]],[[14776,4394],[-122,290],[-42,117],[-36,139]],[[14576,4940],[4,6],[295,-96],[118,17],[81,31],[70,62]],[[15335,4461],[-154,-154]],[[15181,4307],[-152,-22]],[[14888,3699],[116,520],[25,66]],[[15181,4307],[24,-88],[1,-61],[65,-72],[31,-89],[33,-138],[39,-64],[139,-52],[111,-27],[322,-55]],[[15946,3661],[-95,-55],[-204,-136],[-75,-135]],[[14996,3701],[15,-28],[51,9],[42,-48],[56,20],[4,75],[-23,19],[-77,-7],[-62,-19],[-6,-21]],[[16548,2992],[-86,-119],[-50,-94],[-55,-119],[-164,-428]],[[16193,2232],[-491,30],[-86,-41],[-141,-37]],[[17007,3051],[35,-99],[-39,-176],[-57,-303],[-123,-282]],[[16823,2191],[-630,41]],[[17698,2852],[-405,-449],[-207,-229],[-263,17]],[[14178,3916],[-50,42],[-106,19],[8,62],[-19,15]],[[14011,4054],[17,26],[104,69],[88,71]],[[14220,4220],[72,5],[144,45],[60,32],[63,14],[117,50],[100,28]],[[14011,4054],[-63,33],[-32,60],[-25,10],[-69,-13],[-122,29],[-46,19],[-133,19]],[[13734,4877],[110,-46],[137,27]],[[13981,4858],[95,19]],[[14076,4877],[-3,-130],[-46,-280],[170,-114],[23,-133]],[[19230,6955],[-44,-28],[-78,-104],[-53,-132],[-91,-178],[-52,-172],[-112,-149],[-193,-168]],[[18607,6024],[-383,-247],[-44,-58]],[[18180,5719],[-82,116],[-39,36],[-81,8],[-46,-36],[-45,-156]],[[17887,5687],[-121,65],[44,91],[9,86],[-84,16],[-76,-13],[-43,-47],[-215,-122],[20,-44]],[[17421,5719],[-274,-69],[-181,-89]],[[18720,7130],[510,-175]],[[20084,6678],[-137,-224],[-49,-359],[149,-216],[143,-147],[78,-52],[58,-60]],[[20326,5620],[-362,-353]],[[19964,5267],[-499,446],[-613,216],[-245,95]],[[19230,6955],[485,-168],[291,-102],[78,-7]],[[19020,4288],[-12,1],[-433,217],[-8,50],[-73,205],[-51,201],[-5,179],[7,196],[-40,83],[-102,52],[-53,67],[-49,81],[-21,99]],[[19964,5267],[-577,-597],[-367,-382]],[[17740,4209],[-8,263],[123,72],[4,82],[20,113],[-117,93],[-114,18],[-114,4],[-218,50],[-140,48],[-282,-35]],[[17421,5719],[104,-374],[170,-2],[22,17],[202,243],[11,42],[-43,42]],[[19020,4288],[-451,-469]],[[20084,6678],[671,3],[548,0],[121,-3],[-119,-117],[-515,-494],[-464,-447]],[[12333,1833],[-37,83],[-20,140],[-76,138],[-23,3]],[[12177,2197],[-37,37],[-35,62],[-66,25],[-25,68],[-30,27],[-86,148],[14,40],[-24,60],[8,65],[-22,31],[-11,67],[-53,39],[-7,63],[-74,50],[-21,98],[-63,72],[13,73]],[[11658,3222],[110,130]],[[11768,3352],[257,-69],[196,140],[106,169]],[[12327,3592],[153,-41],[68,-334],[278,2],[387,137]],[[13213,3356],[-228,-423],[-14,-32],[-26,-149],[-135,-135],[-54,-22],[45,-85],[67,-49],[3,-22],[101,-351]],[[12972,2088],[-152,4],[-55,-72],[-81,-79],[-116,-67],[-205,-28],[-30,-13]],[[14031,3518],[-161,-208],[-657,46]],[[12327,3592],[5,86],[-82,152],[-121,588],[55,37]],[[12327,4295],[260,-162],[467,-137],[383,-28],[92,-69],[71,-127],[67,-45],[133,-73],[199,10],[30,22]],[[12487,4505],[124,-52],[143,13],[102,32],[72,48],[38,46]],[[14401,3251],[-171,-139],[17,-264],[-42,-135],[-40,-55]],[[14165,2658],[-113,-61],[-54,-81],[-125,-89],[-108,-21],[-240,-78],[-27,-45],[10,-155],[-91,-118],[-207,-123]],[[13210,1887],[-177,122],[-61,17],[0,62]],[[13676,1221],[-171,128],[-107,221],[-82,155],[17,56],[-123,106]],[[14165,2658],[78,-46],[53,-66],[-28,-100],[2,-120],[27,-154],[57,-95]],[[14354,2077],[-27,-105],[8,-97],[18,-51],[54,-90]],[[14407,1734],[-129,-108],[-40,-64],[-34,-135],[-81,-102],[-65,-33],[-130,-33],[-169,-18],[-83,-20]],[[12991,1121],[-41,53],[4,93],[-113,16],[-35,15],[-51,54],[-49,18],[-4,57],[-44,-5],[-24,69],[-34,0],[-32,48]],[[12568,1539],[-42,79],[-53,51],[-30,48],[-67,20],[-43,96]],[[13676,1221],[30,-47],[-83,-17],[-74,0],[-149,-19],[-254,-15],[-155,-2]],[[14844,2424],[-53,-26],[-117,0],[-98,-9],[-78,-49],[-80,-204],[-64,-59]],[[15025,2068],[-267,-118],[-183,-88],[-50,-31],[-118,-97]],[[11102,1325],[17,139],[-41,19],[-50,62],[-7,41],[-37,48],[-43,16],[-40,72],[-50,62],[-14,39],[-57,45],[-41,10],[-137,112]],[[10602,1990],[-7,525],[12,155],[-12,165],[2,51]],[[11330,3309],[69,22],[111,1],[14,-38],[56,-40],[40,4],[38,-36]],[[12177,2197],[-91,-56],[-63,-123],[-55,-27],[-118,-110],[-35,-56],[-57,-58],[-19,-39],[-51,-164],[-576,-241],[-10,2]],[[11748,795],[4,84],[70,137],[65,48],[39,140],[209,119],[129,92],[161,38],[91,34],[52,52]],[[12991,1121],[-48,-38],[-73,-85],[-30,3],[-47,-58],[-4,-56],[-43,-38],[-104,-52],[-65,8],[-102,39],[-70,-40],[-61,33],[-93,-23],[-23,22],[-101,-43],[-76,-10],[-51,25],[-52,-3],[-36,-31],[-77,24],[-87,-3]],[[11768,3352],[-29,127],[-134,504],[-84,40],[-34,61],[46,140],[46,182],[13,105],[-26,67],[-9,81],[-1,118]],[[10602,1990],[-70,25],[-49,40],[-140,15],[-43,30],[-33,-39],[-12,-72],[-81,-39],[-42,33],[-68,-14],[-59,-35],[-75,-4],[-40,-33],[-155,51],[-43,-2],[-45,-52]],[[11118,1273],[-16,52]],[[11748,795],[-65,-16],[-91,62],[-19,41],[-94,83],[-88,89],[-87,33],[-31,85],[-54,48],[-44,13],[-57,40]],[[13566,5800],[27,-64],[84,-128],[73,-133],[7,-52],[-22,-26],[-5,-110],[-50,-111],[-74,-58]],[[14076,4877],[99,-25],[76,17],[153,56],[169,23]],[[14573,4948],[3,-8]],[[15095,5714],[-93,-138],[-163,-253],[-214,-61],[-95,-39]],[[14530,5223],[-59,164],[-125,7],[-190,-18]],[[14156,5376],[-63,299],[-95,77]],[[13998,5752],[51,68],[95,33],[166,-7],[443,332]],[[13998,5752],[-172,138]],[[14156,5376],[-85,-111],[-38,-151],[-2,-58],[-50,-198]],[[14573,4948],[4,51],[-45,193],[-2,31]],[[9337,1100],[319,-1]],[[9656,1099],[92,-164]],[[9748,935],[-113,-53],[-107,-36],[-78,-40],[-184,-168],[-54,-104],[-88,-146],[-14,-91],[21,-62],[147,-74],[19,-98]],[[9297,63],[-69,18],[-40,-3],[-183,22],[-65,-6],[-75,11],[-151,76]],[[9635,1805],[214,-123],[28,-118],[-105,-262],[-116,-203]],[[9957,733],[-4,12],[-114,39],[-91,151]],[[11118,1273],[-145,-78],[-390,-154],[-15,-35],[-295,-111],[-260,-136],[-56,-26]],[[9957,733],[-135,-60],[-120,-278],[-268,-258],[-50,-137],[-59,4],[-28,59]],[[4767,11265],[30,1]],[[4797,11266],[-30,-1]],[[4883,11666],[-55,-36],[10,-78],[-49,26],[-47,-22],[-29,-38],[-11,-81],[-52,-66],[62,-73],[-1,-19]],[[4711,11279],[-12,-56],[-27,-14],[-63,17],[-20,-23],[-6,-63],[-34,-30],[-44,3],[-17,-48],[-79,-53],[-32,3]],[[4377,11015],[-39,55],[-31,83],[-35,30],[-101,-53]],[[4171,11130],[-85,22],[-20,68],[-24,21],[-58,-7],[-104,-137],[-70,-47],[-70,5],[-26,43],[-10,108]],[[3704,11206],[32,37],[66,3],[71,30],[9,87],[17,35],[-53,42],[-14,88],[-37,43],[6,33],[-30,114],[57,66],[62,38],[80,-1],[84,16],[39,27],[102,38],[11,32],[64,51],[15,73],[85,4],[21,-42],[80,65]],[[3704,11206],[-38,22],[-73,-9],[-31,14],[-57,-10],[-49,-27],[-80,-96],[-46,-112],[-68,-6],[-84,-69],[-21,0]],[[3157,10913],[-24,112],[26,142],[-10,44],[-39,38],[-57,9],[-3,31],[-52,61],[-116,36],[-49,-18]],[[2833,11368],[-11,68],[66,135],[106,244],[6,92],[-35,69],[-13,122],[37,110],[46,65],[75,40],[90,29],[42,43]],[[4171,11130],[-10,-30],[29,-51],[-17,-29],[-8,-78],[-42,-42],[-34,-80],[-26,-150],[2,-153],[-11,-109],[46,-82],[0,-180],[-56,-43],[-34,13],[-53,-59],[22,-35],[-9,-56],[0,-145],[32,-74],[21,-18],[-56,-67]],[[3967,9662],[-58,-29],[16,-77],[-24,-29],[-56,-24]],[[3845,9503],[-73,34],[-9,42],[-40,78],[-122,64]],[[3601,9721],[-104,43],[-52,-13],[-67,23],[-27,64],[-31,28],[2,82],[20,87],[-13,24],[0,82],[-43,90],[-40,19],[-66,72],[-34,67],[-57,26],[15,72],[-9,75],[56,100],[-10,103],[37,75],[-21,73]],[[4711,11279],[56,-14]],[[4797,11266],[43,58],[-22,29],[31,44],[29,-79],[-35,-33],[52,-26],[71,8]],[[4774,10890],[-40,-7],[-39,30],[-34,-31],[-47,1],[-35,70],[-33,-74],[1,-55],[-73,-42]],[[4474,10782],[-35,9],[-28,75],[-61,82],[-1,49],[28,18]],[[4275,9798],[20,158],[185,109],[7,38],[-19,50],[-41,19],[-6,40],[11,98],[-8,42],[31,31],[51,87],[12,91],[-23,34],[27,48],[-6,70],[-42,69]],[[4903,10246],[-11,-96],[-58,-47],[-39,-90],[-24,-7],[-20,-103],[-63,-22],[-43,-98],[-49,-27],[-104,1],[-20,18],[-104,18],[-58,-30],[-35,35]],[[4275,9798],[-43,-47],[-76,-54],[-4,-43],[-33,-57],[-79,3],[-34,48],[-39,14]],[[2278,10271],[36,21],[48,-3],[89,-38],[157,73],[26,-37],[80,1],[106,54],[33,30],[54,13]],[[2907,10385],[48,-23],[-12,-50]],[[2943,10312],[-23,-19],[19,-219],[-27,-69]],[[2912,10005],[-44,2],[-72,45],[-116,-18],[-4,-77],[-121,-23],[-5,-17]],[[2550,9917],[-54,-3],[-14,-30]],[[2482,9884],[-20,33],[6,95],[-62,19],[-5,68],[-87,108],[-67,48]],[[2247,10255],[31,16]],[[2184,10802],[66,-54],[1,-56],[-19,-87],[76,-88],[42,-9],[35,-82],[-35,-72],[-90,-56],[18,-27]],[[2247,10255],[-72,30],[-34,-27],[-33,23],[-25,-185],[-24,-33]],[[2059,10063],[-42,-19],[-96,-13]],[[1921,10031],[-72,358],[95,112],[125,222],[115,79]],[[2059,10063],[4,-72]],[[2063,9991],[-54,-72],[41,-37],[-12,-123],[83,-10],[39,-18],[32,-53]],[[2192,9678],[47,-28]],[[2239,9650],[-7,-57],[22,-48],[53,13],[15,26],[-44,48],[81,1],[40,-18],[51,11],[40,-44]],[[2490,9582],[-38,-45],[-107,-19],[-2,48],[-57,-36],[47,-27],[29,-107],[-54,-28],[-108,-82],[-37,-44],[33,-51],[-35,-51],[-38,13],[-96,-49]],[[2027,9104],[-33,-16],[-70,37],[-42,74],[-59,20],[-99,-17],[-26,-28],[-74,-4]],[[1624,9170],[16,62],[96,213],[34,178],[132,131],[36,176],[-17,101]],[[2838,10903],[141,-61],[14,-21],[23,-153],[-60,-219],[-49,-64]],[[2184,10802],[106,72],[113,-78],[181,-161],[86,12],[164,193],[4,63]],[[2490,9582],[67,13],[10,55],[65,42]],[[2632,9692],[24,-81],[84,-72],[-3,-24]],[[2251,9045],[-13,21],[-62,3],[-32,-34],[-88,10],[-29,59]],[[2632,9692],[79,3],[25,30]],[[2736,9725],[106,46],[47,83],[29,23],[20,99],[-26,29]],[[2943,10312],[31,-9],[106,-131],[53,13],[25,-36],[4,-61],[42,-82],[-37,-50],[27,-126],[42,-77],[-20,-80],[141,-41],[29,-116],[-6,-62],[-46,-39]],[[2482,9884],[-38,-42],[-60,-14],[-32,36],[-41,13],[-121,-45],[-53,39],[-2,43],[49,28],[-27,74],[-25,2],[-33,-51],[-36,24]],[[2736,9725],[-63,64],[-49,29],[-51,-20],[-23,119]],[[2192,9678],[47,-28]],[[4058,8894],[38,32],[39,-55],[-58,-35],[-19,58]],[[4624,8974],[-15,-71],[-39,-36],[-60,26],[-68,6],[-87,86]],[[4355,8985],[13,28],[-8,69],[-51,90],[26,92],[-47,37],[-89,-1]],[[4199,9300],[-25,42],[-89,1],[-10,32],[-93,5],[-33,33],[-38,1],[-15,49],[-51,40]],[[3601,9721],[-25,-29],[-16,-93],[-37,-51],[-1,-91],[19,-31],[-17,-97],[15,-28],[-70,-27],[-21,12]],[[2838,10903],[-64,71],[103,316],[3,35],[-47,43]],[[4355,8985],[-20,-4],[-50,-88],[1,-33],[-36,-33],[-9,-86],[43,-78],[141,-78],[6,-64],[27,-64],[-26,-73],[55,-30],[-4,-46],[-77,16],[-32,-18]],[[3814,8904],[29,52],[42,4],[25,58],[110,41],[46,-6],[34,44],[41,3],[43,45],[52,88],[-37,67]],[[1632,8075],[-48,615],[-21,244],[61,236]],[[7240,7228],[0,-64],[-69,-13]],[[7171,7151],[-25,-32],[-98,-61],[-53,10]],[[6995,7068],[-33,7]],[[6962,7075],[21,58],[-58,2],[-60,-46]],[[6865,7089],[-30,-16]],[[6835,7073],[-3,-26]],[[6832,7047],[-30,-17]],[[6802,7030],[-19,44],[39,106]],[[6802,7030],[-76,9],[-32,-20],[-85,-17]],[[6835,7073],[30,16]],[[6962,7075],[-41,-32]],[[6921,7043],[-80,-11],[-9,15]],[[6995,7068],[13,-81],[64,-4],[55,-47],[92,24],[73,-20],[78,-64],[98,-28]],[[7468,6848],[-50,-55]],[[7418,6793],[-75,2],[-27,-42],[-75,2]],[[7241,6755],[-55,56],[-70,27],[-73,105],[-79,29],[-43,71]],[[7621,7064],[-16,-52],[-31,-28]],[[7574,6984],[-147,46],[-67,-6],[-37,18],[9,39],[-145,49],[-16,21]],[[7014,6474],[22,-1]],[[7036,6473],[26,-82],[-55,-64],[-42,-12]],[[6965,6315],[-13,12]],[[6952,6327],[-56,73],[-70,53]],[[6826,6453],[6,69],[102,-41],[80,-7]],[[7102,6690],[48,38],[57,5],[34,22]],[[7418,6793],[-39,-52],[-38,-110],[-56,-34],[-29,-49]],[[7256,6548],[-18,-21]],[[7238,6527],[-34,11],[-102,152]],[[7102,6690],[-55,8]],[[7047,6698],[-3,32],[-41,17],[-90,112],[-84,50],[-43,-39],[-172,6],[-31,-13]],[[7047,6698],[-51,-19],[6,-59],[41,-50],[-14,-50]],[[7029,6520],[2,34],[-57,49],[-36,-24],[-49,16],[-86,65],[-67,37],[-136,-69]],[[6600,6628],[-14,28]],[[7574,6984],[-59,-133]],[[7515,6851],[-47,-3]],[[7238,6527],[-81,-85]],[[7157,6442],[-32,20],[-89,11]],[[7014,6474],[15,46]],[[6826,6453],[-67,5]],[[6759,6458],[-3,3]],[[6756,6461],[-11,45],[-65,22],[-45,36],[-40,5]],[[6595,6569],[5,59]],[[6832,6083],[-17,36]],[[6815,6119],[17,57],[-33,61],[34,69]],[[6833,6306],[81,-11],[38,32]],[[6965,6315],[-9,-37],[33,-52]],[[6989,6226],[-53,-47],[18,-37],[-60,-58],[-62,-1]],[[6362,6043],[54,51],[31,9],[63,140]],[[6510,6243],[80,-35],[41,-37],[48,1],[45,-34],[91,-19]],[[6832,6083],[-1,-61],[-40,-43]],[[6791,5979],[-57,11],[-71,-57],[-77,37],[-64,-15],[-69,87],[-57,-19],[-34,20]],[[6989,6226],[35,-14]],[[7024,6212],[-13,-80],[38,2],[35,-48],[-14,-40],[44,-36]],[[7114,6010],[-48,-105],[-42,-46]],[[7024,5859],[-34,26]],[[6990,5885],[-57,55],[-47,-19],[35,-34],[-66,-63]],[[6855,5824],[-15,26],[3,64],[-50,6],[-26,24],[24,35]],[[6881,5975],[62,-11],[38,32],[-10,60],[-22,14],[-43,-31],[-25,-64]],[[7114,6010],[79,20],[34,114]],[[7227,6144],[52,1]],[[7279,6145],[36,-39],[12,-62],[-16,-93],[-17,-23],[42,-42],[-11,-27]],[[7325,5859],[-21,-28],[-86,1],[-19,-20]],[[7199,5812],[-63,25],[-92,-32]],[[7044,5805],[-20,54]],[[7147,5313],[-21,67],[-61,7]],[[7065,5387],[-33,-10]],[[7032,5377],[-25,49],[11,91]],[[7018,5517],[55,-5]],[[7073,5512],[47,8],[74,51],[9,40],[65,-15]],[[7268,5596],[32,-71]],[[7260,5424],[-54,26],[-50,-9],[27,-47],[8,-75]],[[7191,5319],[-44,-6]],[[6855,5824],[-36,-36]],[[6819,5788],[-62,22],[-27,-10],[-50,27],[-11,-68],[-68,20],[-47,-14]],[[6554,5765],[-32,50],[6,28],[-42,27],[-70,-21],[-61,11],[-64,-20]],[[6524,5701],[-6,4]],[[6518,5705],[-28,48]],[[6490,5753],[64,12]],[[6819,5788],[-21,-55],[28,-53]],[[6826,5680],[-54,-11],[-20,-32]],[[6752,5637],[-59,2],[-24,51],[-29,0],[-55,-96]],[[6585,5594],[-28,44],[26,29],[-12,33],[-47,1]],[[7024,6212],[44,4],[29,68]],[[7097,6284],[47,-51],[48,8],[15,34]],[[7207,6275],[29,-90],[-9,-41]],[[6753,5451],[36,10],[50,-28],[50,76],[55,10]],[[6944,5519],[74,-2]],[[7032,5377],[-83,5],[-29,-16]],[[6920,5366],[-73,7],[-94,78]],[[6579,6460],[86,-9],[41,-18],[50,28]],[[6759,6458],[30,-32],[4,-98],[40,-22]],[[6510,6243],[21,107],[48,110]],[[6579,6460],[16,109]],[[7245,5334],[-54,-15]],[[6490,5753],[-21,-40],[49,-8]],[[6524,5701],[-125,18],[-85,-30],[-82,6]],[[6232,5695],[-6,48]],[[6885,5647],[-2,55],[24,36],[6,66],[59,85],[18,-4]],[[7044,5805],[-56,-66],[-4,-56]],[[6984,5683],[-22,-76],[-26,-9]],[[6936,5598],[-26,-1],[-25,50]],[[6944,5519],[-8,79]],[[6984,5683],[73,-18],[34,-34]],[[7091,5631],[-18,-119]],[[6969,5561],[54,-22],[4,73],[-58,-51]],[[6732,5459],[18,23],[1,73],[20,29],[-19,53]],[[6826,5680],[-6,-42],[65,9]],[[6753,5451],[-21,8]],[[6490,5499],[76,13],[27,31],[-8,51]],[[6732,5459],[-58,23]],[[6674,5482],[-38,3]],[[6636,5485],[-8,-4]],[[6628,5481],[-124,-8],[-14,26]],[[7114,5624],[-23,7]],[[7199,5812],[-39,-115],[-50,-40],[4,-33]],[[7114,5624],[72,-12],[20,40],[51,2]],[[7257,5654],[1,-9]],[[7258,5645],[10,-49]],[[6674,5482],[-38,3]],[[7673,6836],[16,38],[47,-16],[-19,-38],[-44,16]],[[7932,7038],[-45,23],[8,45],[-95,1],[-27,22]],[[7877,6880],[-22,44],[-84,-41],[12,-74]],[[7783,6809],[-96,-22],[-48,-39]],[[7639,6748],[-79,9]],[[7560,6757],[-24,74],[-21,20]],[[7679,7058],[15,-87],[21,-42],[71,35],[22,44],[74,-75],[-5,-53]],[[7799,6752],[-16,57]],[[7877,6880],[42,-58],[37,3]],[[7956,6825],[-37,-68],[-43,28],[-23,-38],[-54,5]],[[8010,6803],[-54,22]],[[7257,5654],[1,-9]],[[7325,5859],[46,-25]],[[7371,5834],[23,-14],[6,-59],[-23,-56],[25,-24],[21,-81]],[[7371,5834],[7,22]],[[7378,5856],[45,-16],[6,-38],[122,-53]],[[7378,5856],[56,23],[35,53],[16,88],[30,58]],[[7515,6078],[58,-4],[72,57],[-25,64],[7,25],[73,7],[44,-16]],[[7569,6737],[-90,-26],[2,-68],[-74,-60]],[[7407,6583],[-53,-75],[-10,-41]],[[7344,6467],[-70,-5]],[[7274,6462],[29,75],[-47,11]],[[7560,6757],[9,-20]],[[7677,6555],[-6,-26],[-59,-20]],[[7612,6509],[-44,18],[-77,-45]],[[7491,6482],[-31,26],[-20,52],[-33,23]],[[7569,6737],[27,-20],[-23,-43],[66,-29]],[[7639,6645],[4,-59],[34,-31]],[[7776,6633],[-14,-17],[-92,63]],[[7670,6679],[11,40],[-42,29]],[[7799,6752],[-23,-119]],[[7806,6339],[-76,29],[-55,-6]],[[7675,6362],[24,51],[-57,34],[-36,-1],[6,63]],[[7677,6555],[20,27],[57,-14]],[[7754,6568],[-13,-46],[25,-39],[30,56]],[[7796,6539],[129,-59]],[[7157,6442],[-37,-42],[-23,-116]],[[7675,6362],[-69,-103],[-10,-63],[-60,1],[-28,-77]],[[7508,6120],[-36,25]],[[7472,6145],[-9,85],[22,52],[-49,32],[8,68]],[[7444,6382],[45,11],[47,-14],[2,64],[-47,39]],[[7279,6145],[42,-8],[81,25],[70,-17]],[[7508,6120],[7,-42]],[[7274,6462],[-38,-45],[-29,-142]],[[7344,6467],[47,-27],[53,-58]],[[7754,6568],[42,-29]],[[7670,6679],[-31,-34]],[[7776,6633],[115,-93],[49,-51]],[[6483,6625],[-40,7],[-98,-66]],[[6279,5582],[-43,43],[-4,70]],[[6490,5499],[-6,0]],[[6484,5499],[-31,37],[-63,-24],[-31,28],[-80,42]],[[6760,5222],[-79,8],[-45,-12],[-25,70]],[[6611,5288],[21,51],[34,21],[-38,121]],[[6920,5366],[-47,-59],[-23,-92]],[[6850,5215],[-48,-11]],[[6802,5204],[-42,18]],[[6850,5215],[79,-26],[43,17],[54,63],[35,66],[4,52]],[[7147,5313],[-29,-60],[-13,-89]],[[7105,5164],[-89,-18],[-89,-75]],[[6927,5071],[-92,29],[-40,76],[7,28]],[[6956,4976],[-31,49],[2,46]],[[7105,5164],[27,-76],[29,-16],[30,-74],[-27,-60]],[[7164,4938],[-58,7],[-61,44],[-36,9],[-53,-22]],[[6899,4605],[-31,-5],[-114,59],[-21,26],[-59,-8],[-58,18],[-64,-24]],[[6552,4671],[-4,2]],[[6548,4673],[61,36],[53,108]],[[6662,4817],[28,22],[126,49],[109,30]],[[6925,4918],[31,-67]],[[6956,4851],[-22,-61],[-76,-45],[-47,-12],[16,-52],[75,-76]],[[6902,4605],[-3,0]],[[6662,4817],[-82,77]],[[6580,4894],[38,19],[66,80]],[[6684,4993],[6,64],[41,65],[50,35],[-21,65]],[[6956,4976],[6,-32],[-37,-26]],[[6784,4997],[46,-12],[13,50],[-54,19],[-5,-57]],[[6328,5159],[17,102],[20,28]],[[6365,5289],[55,34],[37,-33],[71,-2],[57,-22]],[[6585,5266],[-11,-77],[52,-15],[-9,-61],[3,-81]],[[6620,5032],[-26,-60],[-50,-19]],[[6544,4953],[-80,-8]],[[6464,4945],[-35,40],[-56,-39],[-22,14]],[[6351,4960],[-53,69]],[[6298,5029],[51,45],[-21,85]],[[6548,4673],[-64,-1],[-65,56],[-112,29]],[[6307,4757],[40,64],[89,-2],[28,126]],[[6544,4953],[36,-59]],[[6365,5289],[17,137],[46,13],[56,60]],[[6611,5288],[-26,-22]],[[6684,4993],[-64,39]],[[6135,4977],[33,49],[49,10],[81,-7]],[[6351,4960],[-70,-69],[-31,-71],[1,-54]],[[6251,4766],[-47,28],[-94,7],[-42,-52]],[[6068,4749],[-20,69],[34,29],[53,130]],[[7209,4767],[-10,71],[9,48],[-44,52]],[[7341,5185],[9,-50],[-40,-128]],[[7310,5007],[-55,-122]],[[7255,4885],[-28,-107],[-18,-11]],[[7011,4633],[9,53],[-31,9],[39,79],[-44,83],[-28,-6]],[[7209,4767],[-26,-30],[-14,-71],[13,-63]],[[6258,4766],[-7,0]],[[6307,4757],[-49,9]],[[6888,4508],[19,55],[-5,42]],[[6491,3798],[8,40],[50,36],[33,-17],[-10,-41],[-81,-18]],[[6178,3456],[-1,75],[101,67],[-46,79],[18,33],[75,-3]],[[6325,3707],[31,-7],[13,51],[-21,50],[29,34],[89,21],[-24,90],[-40,49]],[[6402,3995],[139,5],[39,34],[42,-17]],[[6622,4017],[28,-26],[151,-29],[34,-28]],[[6845,3785],[8,-68],[-52,-44],[-44,-14],[-57,-57],[-10,-41],[-59,-1],[-129,-57],[10,-120]],[[6512,3383],[-76,-47],[-14,44],[-44,-39],[-44,14],[-27,36],[-129,65]],[[6155,3811],[19,40],[-45,108],[21,36]],[[6150,3995],[84,84]],[[6234,4079],[46,-28]],[[6280,4051],[-9,-73],[-46,-75],[18,-45]],[[6243,3858],[-65,-55],[-23,8]],[[6610,4339],[-42,-8],[-24,67]],[[6544,4398],[-18,49],[-13,110],[33,13],[-17,43],[23,58]],[[6899,4605],[-62,-55],[-17,-68],[-35,21],[-93,-80],[-59,-38],[-23,-46]],[[6402,3995],[-16,27]],[[6386,4022],[9,43],[30,36],[-21,66],[110,42],[-2,24]],[[6512,4233],[54,27],[33,-17]],[[6599,4243],[63,-45],[16,-30],[-31,-69],[-41,-14],[16,-68]],[[6150,3995],[-17,40],[-108,122],[5,37]],[[6030,4194],[-8,69],[21,57],[-11,43]],[[6032,4363],[29,-24],[131,-31],[91,-48]],[[6283,4260],[24,-53],[-52,-27],[10,-82],[-31,-19]],[[6386,4022],[-19,-74],[-31,63],[6,32],[-62,8]],[[6283,4260],[47,35],[56,4],[94,48]],[[6480,4347],[18,-26],[14,-88]],[[6325,3707],[-42,28],[-7,52],[13,58],[-46,13]],[[5772,3236],[1,47],[-42,51],[10,59],[-8,136],[12,43],[-25,152]],[[5720,3724],[25,-1],[48,47]],[[5793,3770],[52,19],[27,-40],[57,10],[82,-70]],[[6011,3689],[-45,-52],[-27,-75],[2,-51],[-48,-31],[-69,-131]],[[5824,3349],[-33,-35],[-19,-78]],[[5907,3374],[-34,-33],[-49,8]],[[6011,3689],[37,37],[21,77],[58,-24],[28,32]],[[6178,3456],[-19,3],[-98,-65],[-59,-12],[-40,11],[-55,-19]],[[5793,3770],[24,103]],[[5817,3873],[21,41],[9,113],[44,50],[8,33],[61,24],[70,60]],[[6480,4347],[64,51]],[[6610,4339],[9,-38],[-20,-58]],[[6002,4418],[52,17],[88,95],[7,45],[61,96],[48,29],[0,66]],[[6032,4363],[-30,55]],[[5924,4503],[-2,50],[56,71],[26,96]],[[6004,4720],[58,-2],[6,31]],[[6002,4418],[-23,49],[-55,36]],[[5593,4060],[-15,57],[-87,17]],[[5491,4134],[15,43],[31,22]],[[5537,4199],[53,-37],[26,19],[-58,59],[-20,-18]],[[5538,4222],[-24,32],[40,40],[68,12],[6,65],[-20,99],[-46,70]],[[5562,4540],[71,28],[78,73]],[[5711,4641],[29,-14],[79,53],[55,10],[62,53],[68,-23]],[[5924,4503],[-34,-67],[-60,-82],[-77,-55],[-91,-83],[33,-48],[-49,-57]],[[5646,4111],[-53,-51]],[[5292,4272],[39,66],[26,16],[16,56],[39,-9]],[[5412,4401],[118,85],[32,54]],[[5538,4222],[-1,-23]],[[5491,4134],[-6,-26],[-120,-18],[-47,15]],[[5318,4105],[-36,19],[-16,42]],[[5266,4166],[26,106]],[[4853,4440],[109,100],[151,76],[39,62],[37,9],[80,50],[-1,28]],[[5268,4765],[32,-15],[8,-43],[42,-48],[17,-141],[-19,-36],[48,-45],[16,-36]],[[5292,4272],[-60,12],[-1,43],[-64,15],[-75,-30],[-30,4],[-46,-63],[-26,-58]],[[4990,4195],[-63,61],[-3,34],[-38,30],[-3,82],[-30,38]],[[5268,4765],[21,30]],[[5289,4795],[49,12],[81,-7],[36,-32],[81,-27],[94,51]],[[5630,4792],[66,-21],[21,-55],[-6,-75]],[[5359,3998],[-41,107]],[[5593,4060],[-43,-62],[-44,-26],[-37,22],[-76,-31],[-34,35]],[[5350,3661],[-6,112],[-28,86],[2,42]],[[5318,3901],[41,97]],[[5646,4111],[58,-61],[-22,-121],[43,-1],[20,-27],[72,-28]],[[5720,3724],[-85,69],[-32,0],[-48,-31],[-110,-113],[-95,12]],[[5266,4166],[-62,-48],[-43,8],[-47,-36],[-48,-59]],[[5066,4031],[-58,29],[-143,-97]],[[4865,3963],[54,127],[71,105]],[[4942,3302],[87,29],[19,52],[46,46]],[[5094,3429],[33,14]],[[5127,3443],[30,43],[-39,24],[-54,-6],[-20,-56],[-68,73],[105,20],[73,54],[30,-35],[57,-13],[-14,-115],[51,-57]],[[5278,3375],[-78,-29],[-76,5],[-139,-46],[-43,-3]],[[5094,3429],[33,14]],[[5301,3891],[-189,65]],[[5112,3956],[-5,35],[-41,40]],[[5318,3901],[-17,-10]],[[4942,3302],[-32,-42],[-85,47],[-49,13],[-47,-14],[-31,-51],[-1,-40],[-62,-59]],[[4635,3156],[2,53],[20,85],[44,125],[-19,44],[-2,57],[73,45],[27,66],[30,4],[36,-67],[75,32],[10,72],[-34,85],[-135,47],[53,33],[45,48],[5,78]],[[5112,3956],[-27,-91],[54,-53],[70,-1],[-66,-56],[102,-11],[-3,38],[59,109]],[[5350,3661],[-63,-29],[-10,-38],[45,-65],[-1,-60],[-32,-82]],[[5289,3387],[-11,-12]],[[6018,2959],[-40,19],[-37,-8],[-85,-80],[-50,-6]],[[5806,2884],[21,74],[-22,76],[-55,56]],[[5750,3090],[-5,24],[27,122]],[[5907,3374],[16,-15],[110,-11],[57,-44],[20,-40],[-14,-34],[14,-58],[56,2],[41,-99],[36,-15]],[[6243,3060],[-47,-52],[-46,11],[-37,-25],[-34,24],[-61,-59]],[[6512,3383],[11,-42],[-26,-80]],[[6497,3261],[-35,-60],[-34,-8],[-36,-128]],[[6392,3065],[-80,-10],[-42,23],[-27,-18]],[[6525,3216],[-28,45]],[[7075,3245],[-72,5],[-14,-27],[-54,-5],[-65,40],[-94,-35],[-9,58],[-42,60],[-67,-23],[-65,-1],[-29,-45],[18,-58],[-57,2]],[[6083,2604],[3,37],[34,19],[3,61],[67,55],[-30,35],[6,40]],[[6166,2851],[30,-5],[105,-82],[25,-43],[-19,-45],[37,-106]],[[6166,2851],[-15,43],[-76,-22],[-59,9],[-17,35],[19,43]],[[6392,3065],[7,-110],[83,-19],[-5,-45],[39,-27],[47,59],[135,0]],[[6698,2923],[-30,-67],[-19,-108]],[[6525,3216],[-10,-46],[35,-8],[25,-63],[139,-114],[-16,-62]],[[5731,2605],[19,63],[29,38],[-14,89],[13,61],[28,28]],[[7567,4292],[57,-113],[-6,-22]],[[7618,4157],[-61,-40]],[[7557,4117],[-33,19],[-23,-50],[-26,5],[-53,113]],[[7557,4117],[-16,-84],[38,-32]],[[7579,4001],[-112,-86],[-10,-20]],[[7457,3895],[-75,42],[-32,-71],[-56,33]],[[7375,3761],[-10,13]],[[7457,3895],[15,-49],[-30,-17],[42,-90]],[[7484,3739],[-1,-52],[-54,-7]],[[7781,4096],[-71,-29],[-57,81]],[[7653,4148],[-3,57],[14,52],[54,48]],[[7718,4305],[43,0]],[[7574,4348],[39,29]],[[7613,4377],[94,-5],[26,-26],[-15,-41]],[[7653,4148],[-35,9]],[[7447,3583],[44,29],[55,5],[-10,42],[-75,-47]],[[7484,3739],[61,8]],[[7644,3889],[-60,76],[-5,36]],[[7559,4406],[54,-29]],[[5542,2351],[-44,10],[-3,53],[58,127],[-84,29],[12,73],[-70,6],[-48,-24],[-52,65],[-24,3],[-49,65],[-67,-46],[-49,-12],[-102,39],[-71,77],[-23,-25],[-55,13],[-47,115],[-53,10],[-8,33],[-53,33],[-67,7],[-34,-21]],[[4609,2981],[-7,41],[33,134]],[[5289,3387],[26,-7],[74,-77],[39,-115],[89,-46],[104,-114],[39,38],[90,24]],[[3981,2306],[59,0],[241,-45],[16,-137],[102,-18],[128,3]],[[4527,2109],[42,-131],[283,-58],[35,-65],[-4,-30],[-56,-74],[-2,-59],[40,-57],[72,-130]],[[4937,1505],[-251,-4],[-86,13],[-237,-2],[-135,108],[-5,157],[-33,16],[-214,230],[5,283]],[[4527,2109],[5,116],[-8,38],[8,101],[-9,156],[56,91],[-3,42],[24,137],[-34,31],[53,66],[-13,90]],[[4606,2977],[3,4]],[[5318,1493],[-95,19],[-286,-7]],[[3951,2818],[-5,371],[76,95],[101,10],[106,-32]],[[4229,3262],[-5,-128],[-50,-56],[-4,-52],[27,-24],[4,-57],[-32,-39],[56,-50],[20,-39],[46,-17],[49,54],[50,-14],[77,57],[-6,32],[51,37],[-51,21],[41,86],[36,-95],[68,-1]],[[3981,2306],[2,130],[63,79],[10,46],[-37,55],[-9,86],[33,91],[-92,25]],[[4229,3262],[19,32],[-8,44],[26,85],[-17,18],[-4,94],[38,111],[-16,39],[43,80],[-36,75],[14,54],[-69,24],[-12,60]],[[4207,3978],[36,36],[11,98]],[[4254,4112],[33,32],[67,20],[27,49],[-27,61],[45,15],[35,62],[62,56],[69,7],[42,-53],[44,-32],[74,50],[38,57]],[[4763,4436],[90,4]],[[3714,6398],[15,-52],[-31,-79],[29,-37],[-43,-28],[-9,-47],[17,-58]],[[3692,6097],[-51,-67],[-67,22],[-33,27],[-55,111],[-58,11],[-3,-54],[-68,39],[-75,79],[1,44]],[[3692,6097],[14,-96],[-66,-74],[-63,-35]],[[3577,5892],[-70,-63]],[[3507,5829],[-38,-52],[-39,21]],[[3430,5798],[-35,27],[-33,56],[-51,38],[-67,2]],[[3244,5921],[-76,-12],[-28,-24],[-96,33],[22,49],[49,30],[-8,119],[-72,44]],[[3405,5396],[-9,36],[-50,52],[56,75],[-39,11],[35,56],[32,172]],[[3507,5829],[72,-48],[5,-167],[17,-10],[87,25],[9,-23],[85,-52],[43,20],[95,-32]],[[3920,5542],[-60,-22]],[[3860,5520],[-85,-1],[-27,-14]],[[3748,5505],[-87,-22],[-41,-36],[-91,20],[-26,-63],[-98,-8]],[[4218,6346],[-37,-53],[-54,-50]],[[4127,6243],[-61,-28],[-59,2],[-101,93],[-41,-13],[-85,22],[24,54],[-24,51]],[[4127,6243],[-5,-81],[-78,-39],[-40,-114]],[[4004,6009],[-42,6],[-67,-50],[-81,14],[-123,-75],[-114,-12]],[[4602,5940],[-33,-35],[-71,-15],[-62,-81],[-45,3],[0,-70],[-30,-3]],[[4361,5739],[-20,66],[-72,53],[-60,25],[-23,-22],[-108,63],[-68,5]],[[4010,5929],[27,40],[-33,40]],[[4651,5576],[-32,48]],[[4619,5624],[-36,-48],[-52,-5]],[[4531,5571],[-40,48],[-59,-30]],[[4432,5589],[-20,42],[-30,3]],[[4382,5634],[-50,68],[29,37]],[[5007,5819],[-49,-39],[-88,-28],[-24,-57],[-71,-14],[-27,-36],[-6,-59],[28,-19]],[[4770,5567],[-60,-42],[-59,51]],[[5224,5410],[-37,4]],[[5187,5414],[-52,-25]],[[5135,5389],[-58,34],[-31,44],[-100,46],[-68,-10],[-30,26]],[[4848,5529],[-29,33],[-49,5]],[[5428,5590],[-24,-9],[-11,-83]],[[5393,5498],[-7,-27]],[[5386,5471],[-64,-31],[-33,24],[-21,-41],[-44,-13]],[[4982,5204],[-33,47],[-90,24],[-30,41],[-66,-21],[-16,50]],[[4747,5345],[34,101],[67,83]],[[5135,5389],[21,-93],[-46,-2],[-26,-44],[-53,-14],[-49,-32]],[[4837,4838],[-72,31],[7,32],[-64,67],[-56,191],[16,31],[-9,58]],[[4659,5248],[-1,29],[57,18],[32,50]],[[4982,5204],[-24,-36],[-6,-58],[36,-64],[8,-93]],[[4996,4953],[-45,-42],[-79,-26],[-35,-47]],[[4311,5204],[-30,123],[-76,66]],[[4205,5393],[-7,44]],[[4198,5437],[25,38]],[[4223,5475],[27,12],[72,88],[38,-12],[22,71]],[[4432,5589],[19,-45],[80,27]],[[4619,5624],[32,-48]],[[4659,5248],[-43,-11],[-39,-52],[-54,-4],[-27,25],[-68,3],[-22,42],[-50,-42],[-45,-5]],[[4088,5239],[-46,41],[-44,-42],[-34,32],[-77,-41]],[[3887,5229],[-5,34],[57,50],[-57,19],[13,46]],[[3895,5378],[-7,69],[-28,73]],[[3920,5542],[94,7],[37,54]],[[4051,5603],[47,-23]],[[4098,5580],[-10,-22],[29,-51],[38,-14],[43,-56]],[[4205,5393],[-81,-39],[3,-55],[-39,-60]],[[4010,5929],[32,-116],[57,-40],[-26,-51],[11,-47],[-33,-72]],[[4254,4112],[15,44],[-10,100],[16,66],[49,48],[31,68],[42,1],[71,45],[23,63],[-17,69],[-36,28]],[[4438,4644],[-35,28],[-7,49],[24,21],[-35,115],[17,12],[-26,114],[1,43],[-53,110],[-13,68]],[[4837,4838],[-49,-43],[-7,-34],[30,-74],[-43,-77],[14,-66],[-19,-108]],[[4223,5475],[-32,85],[-41,43],[-52,-23]],[[3309,5391],[33,17],[63,-12]],[[3748,5505],[12,-25],[-59,-81]],[[3701,5399],[-13,-36],[17,-45],[-30,-27],[-39,-87]],[[3636,5204],[-25,-31],[-52,39],[-22,-28],[-66,20],[-70,-29]],[[3401,5175],[-31,50],[-9,79],[-52,87]],[[3522,5263],[93,15],[-9,32],[-48,6],[-36,-53]],[[2834,5542],[60,-45]],[[2894,5497],[52,-6],[43,-87],[43,-33],[129,-3],[43,55],[43,-2],[62,-30]],[[3401,5175],[24,-96],[42,-102],[-14,-31],[42,-65],[-15,-42]],[[3480,4839],[-66,-83],[-22,-66],[-71,-50],[-12,-77],[-76,-65]],[[3233,4498],[-59,-19],[-39,27]],[[3135,4506],[13,132],[-13,43],[17,77],[-26,69],[-47,49],[-96,72],[-135,-19],[-74,-2],[51,91],[33,7],[8,42],[-74,75],[-50,64],[-13,62],[-25,0],[-10,56],[22,32],[-3,98],[11,37],[63,12],[47,39]],[[3636,5204],[38,-1]],[[3674,5203],[-39,-37],[26,-36],[34,67]],[[3695,5197],[22,-7],[27,-89]],[[3744,5101],[19,-50],[85,18],[18,-77],[-129,-66]],[[3737,4926],[-127,-76]],[[3610,4850],[-33,18],[-66,-34],[-31,5]],[[4131,5003],[-16,-20]],[[4115,4983],[-29,20],[-67,-38],[-40,-47],[-53,-5],[-54,25],[-45,-81],[-37,-8],[-53,77]],[[3744,5101],[143,128]],[[4088,5239],[23,-42],[-34,-62],[27,-41],[2,-47],[25,-44]],[[3695,5197],[-21,6]],[[3701,5399],[58,-27],[136,6]],[[5728,5260],[19,82],[-77,-12],[1,35],[-33,56],[-159,-145]],[[5479,5276],[-12,32],[54,142]],[[5521,5450],[16,63]],[[5537,5513],[12,46],[50,6],[77,-15]],[[5914,5557],[17,-16]],[[5931,5541],[-18,-47],[-9,-120],[-14,-21]],[[5890,5353],[-92,-39],[-31,-69],[2,-42]],[[5769,5203],[-41,57]],[[5917,5120],[19,55],[-31,98],[29,37]],[[5934,5310],[47,9],[18,48],[-12,38],[33,40]],[[6020,5445],[74,-55]],[[6094,5390],[11,-54]],[[6105,5336],[-58,-80],[-17,-43],[-43,-54],[-70,-39]],[[5901,5082],[16,38]],[[6105,5336],[1,-70],[22,-12]],[[6128,5254],[1,-4]],[[6129,5250],[66,-40],[133,-51]],[[6135,4977],[-63,55],[9,49],[-118,-14],[-48,-38],[-27,12]],[[5888,5041],[13,41]],[[6279,5582],[-17,-31],[4,-60],[-44,-45],[-30,48],[-51,-35],[-44,6],[-3,-75]],[[6020,5445],[-89,96]],[[5309,4960],[72,107],[11,54],[27,40],[56,31]],[[5475,5192],[42,-8],[130,20],[48,51],[33,5]],[[5769,5203],[-8,-49],[119,-49],[21,-23]],[[5888,5041],[-31,-45],[-45,-14],[-59,-53],[-51,-8],[-30,-30],[-42,-99]],[[5289,4795],[-5,104],[25,61]],[[5475,5192],[4,84]],[[5934,5310],[-44,43]],[[6129,5250],[-1,4]],[[4017,4737],[-34,-1]],[[3983,4736],[-55,-1],[-106,-69],[-44,6],[-81,35]],[[3697,4707],[-12,40],[-41,27],[-4,49],[-30,27]],[[4115,4983],[-22,-24]],[[4093,4959],[-26,-35],[22,-143],[-11,-30]],[[4078,4751],[-61,-14]],[[4093,4959],[23,-67],[70,38],[37,45],[-47,32],[-45,-4]],[[4438,4644],[-48,-40],[-100,-2],[-36,27],[-15,66],[-46,-46],[-74,-23],[-52,11],[28,57],[-17,57]],[[3413,4417],[-17,30],[-110,-36],[-53,87]],[[3697,4707],[-69,-100],[42,-82],[79,39],[42,-32],[43,25],[36,-4],[44,-39],[27,-90],[47,-27],[-32,-63],[-18,-67]],[[3938,4267],[-26,-29],[-59,-27],[-85,34],[-62,-12],[3,87],[-46,13],[-14,42],[-74,26],[-75,-19],[-49,1],[-38,34]],[[3983,4736],[-14,-62],[49,13],[-1,50]],[[4207,3978],[-43,1],[-29,86],[-63,33],[-46,75],[-12,64],[-40,37],[-36,-7]],[[3437,4323],[-111,-52],[-49,1],[-38,-51],[-1,-59],[42,-30],[15,-41],[-13,-47],[-126,-34],[-90,39],[66,81],[-60,67],[-51,36]],[[3021,4233],[36,111],[67,-23],[30,46],[-36,80],[17,59]],[[3413,4417],[24,-94]],[[2659,4252],[189,-48],[37,-27],[39,35],[97,21]],[[3437,4323],[90,-22],[30,-117],[-50,-70],[-2,-107],[55,-60],[-28,-53],[-48,-56],[2,-69],[24,-58],[13,-76],[-17,-49],[15,-47],[52,-93],[45,-42],[41,-99],[-21,-60],[64,-68],[12,-31],[-24,-88],[-28,-42],[5,-67],[16,-32]],[[3683,2917],[-93,26],[-87,-9],[-35,-39],[-95,-69],[-71,38],[-47,89],[32,72],[-4,29],[-265,181],[2,81],[-170,276],[-15,126],[17,72],[-26,105],[-68,67],[-90,196],[-9,94]],[[3951,2818],[-44,28],[-224,71]],[[3542,4103],[22,-39],[60,8],[30,-59],[37,-31],[90,49],[-34,25],[-12,44],[-86,13],[-39,51],[-34,-5],[-34,-56]],[[4996,4953],[35,62],[46,31],[13,53],[30,30],[67,-46],[48,-13],[25,-70],[49,-40]],[[5393,5498],[35,-21],[109,36]],[[5521,5450],[-67,0],[-15,-35],[-52,-9],[-1,65]],[[5224,5410],[77,-13],[10,-63],[-13,-40],[-32,-4],[-13,46],[-58,-10],[10,53],[-18,35]],[[277,6880],[73,23],[-6,28],[42,39],[31,-28],[55,3],[58,74],[81,-46],[65,-3]],[[676,6970],[33,-102],[-16,-133],[38,-94],[-53,-20],[-26,-47],[-7,-56],[45,-32],[2,-114],[-31,-66]],[[661,6306],[-22,-1],[-489,53],[-64,14],[-53,81],[-26,59],[-7,57],[57,103],[128,151],[59,20],[33,37]],[[1512,7409],[36,-35],[-33,-86],[-13,-111],[-33,-23],[-33,-67],[2,-60],[60,-11],[-10,-75]],[[1488,6941],[-89,-9],[-42,12],[-15,67],[-72,55]],[[1270,7066],[-85,74],[-38,59],[-30,15]],[[1117,7214],[64,60],[49,21],[169,17],[113,97]],[[1270,7066],[-31,-85]],[[1239,6981],[-19,50],[-115,3],[-20,106],[-149,0],[33,-35],[-46,-75],[-106,-60]],[[817,6970],[-12,18],[18,83],[-89,32]],[[734,7103],[-42,19],[-3,102],[13,57],[-9,59]],[[693,7340],[45,14],[180,1],[51,-43],[29,-61],[36,-30],[83,-7]],[[734,7103],[-64,-74],[6,-59]],[[277,6880],[-11,120],[-17,81],[-8,113],[15,63],[132,90],[91,-11],[77,-23],[137,27]],[[1239,6981],[-11,-104]],[[1228,6877],[-42,46],[-73,2],[-24,-17],[-199,-47],[-73,109]],[[1488,6941],[103,-76],[46,-55]],[[1637,6810],[-81,-96]],[[1556,6714],[-54,9],[-41,-13],[-101,21],[-26,-6],[-25,69],[-48,6],[-36,28],[3,49]],[[2069,6813],[55,-6],[42,-82],[46,-10],[44,24],[56,-1],[55,29],[57,4],[58,-27],[109,-81],[-23,-139],[6,-97],[-44,-37],[53,-53],[53,11],[1,53],[141,-52]],[[2870,6309],[-3,-151],[-116,-17],[-30,-30],[-42,-90]],[[2679,6021],[-95,-1],[-81,30],[-120,28],[-82,74],[45,57],[-8,28],[14,93],[-42,64],[-122,-46],[-83,16],[-67,-18],[-61,3],[-45,29],[-35,53],[-53,11],[-35,-24],[-110,7],[-34,25],[-82,25],[-51,66]],[[1532,6541],[-92,65],[98,74],[18,34]],[[1637,6810],[88,-4],[84,-31],[77,-57],[20,35],[84,10],[50,18],[29,32]],[[2069,6813],[-5,84],[22,38],[-65,11],[-36,34],[-30,91],[-8,110],[42,70]],[[2253,7045],[11,-38],[44,4],[-6,39],[-49,-5]],[[1339,5922],[84,145],[-81,34],[-28,111],[19,87],[96,-42],[2,97],[55,84],[46,103]],[[2679,6021],[-1,-11]],[[2678,6010],[-118,-16],[-29,28],[-112,-46],[-98,-166],[-48,11],[-69,76],[-47,36],[-59,-22],[-25,24],[-62,10],[-52,42],[-45,3],[-16,-43],[-45,-62],[-30,-4],[-79,-80],[-113,-1],[-59,-45],[-89,-30]],[[1483,5725],[-3,48],[-141,149]],[[1339,5922],[-62,64],[-247,194],[-94,38],[-275,88]],[[2678,6010],[77,-111],[11,-32],[-4,-83],[90,-44],[-27,-53],[-6,-77],[15,-68]],[[2659,4252],[-4,50],[-133,359],[-75,93],[-104,75],[-112,10],[-35,16],[-82,243],[-58,31],[-100,34],[-88,8],[-91,80],[-60,103],[-43,118],[-92,41],[-103,70],[4,142]],[[2894,5497],[74,25],[86,7],[21,61],[54,-26],[102,-12],[22,10],[28,70],[26,5],[30,70],[-83,44],[-10,170]],[[1512,7409],[79,78],[25,39],[2,97]],[[13026,8464],[36,87]],[[13062,8551],[21,15]],[[13083,8566],[68,0]],[[13151,8566],[42,-61],[42,-3]],[[13111,8657],[8,-50]],[[13119,8607],[-27,-24]],[[13092,8583],[-31,16]],[[13061,8599],[-14,37]],[[13047,8636],[10,36],[39,4]],[[12992,8608],[44,-52]],[[13036,8556],[-76,-24]],[[13036,8556],[26,-5]],[[13151,8566],[-32,41]],[[13047,8636],[-40,-5]],[[13083,8566],[9,17]],[[13061,8599],[-62,20]],[[8218,7985],[27,75],[18,3]],[[8263,8063],[64,-25],[51,2]],[[8128,8057],[50,51]],[[8178,8108],[41,2]],[[8219,8110],[29,-13]],[[8248,8097],[15,-34]],[[8110,8170],[65,0]],[[8175,8170],[3,-62]],[[8248,8097],[16,49]],[[8264,8146],[76,14]],[[8340,8160],[-7,-43],[42,-12],[3,-65]],[[8175,8170],[44,3]],[[8219,8173],[16,-16]],[[8235,8157],[-16,-47]],[[8235,8157],[14,4]],[[8249,8161],[15,-15]],[[8354,8243],[33,-58],[-47,-25]],[[8249,8161],[3,35]],[[8252,8196],[24,59]],[[8134,8235],[71,-39]],[[8205,8196],[14,-23]],[[8205,8196],[47,0]],[[12638,9092],[17,-90]],[[12655,9002],[3,-3]],[[12658,8999],[-28,1]],[[12630,9000],[-12,-4]],[[12618,8996],[-11,72]],[[12618,8996],[-31,26],[-44,2],[-15,42]],[[12706,9012],[2,-4]],[[12708,9008],[-23,-2]],[[12685,9006],[2,7]],[[12687,9013],[19,-1]],[[12666,8966],[-36,34]],[[12658,8999],[13,5]],[[12671,9004],[3,2]],[[12674,9006],[29,-6]],[[12703,9000],[6,-13]],[[12709,8987],[-43,-21]],[[12655,9002],[16,2]],[[12674,9006],[11,0]],[[12708,9008],[-5,-8]],[[12682,9013],[5,0]],[[12674,9006],[8,7]],[[12660,9109],[22,-96]],[[12673,9115],[33,-103]],[[12666,8966],[-61,-39],[-30,-39],[-88,-19]],[[13063,8974],[-39,-4],[-107,62]],[[12709,8987],[26,-36],[70,-6],[-52,-47],[50,-59]],[[7932,5114],[-20,-10],[-77,28],[-28,41],[-60,21]],[[7747,5194],[66,199]],[[7960,5382],[-9,-55],[-30,-70],[19,-38],[-31,-59]],[[7909,5160],[23,-46]],[[8123,5232],[-44,-41],[-23,5],[-83,-45],[-64,9]],[[8119,4984],[-24,79],[-89,29]],[[8006,5092],[-74,22]],[[8064,4917],[-22,-80],[-32,-13]],[[8010,4824],[3,36],[-40,68],[-39,9]],[[7934,4937],[13,74],[-39,48]],[[7908,5059],[17,14],[68,-21],[13,40]],[[7908,5059],[-20,9],[-86,-24]],[[7802,5044],[-10,9]],[[7792,5053],[-12,39],[-40,47]],[[7740,5139],[7,55]],[[7802,5044],[-10,9]],[[7934,4937],[-28,-6]],[[7906,4931],[-86,59],[-70,-26],[-91,15]],[[7659,4979],[3,27]],[[7662,5006],[36,30],[23,101]],[[7721,5137],[19,2]],[[7662,5006],[-52,40],[3,26],[-74,-7]],[[7539,5065],[48,131]],[[7587,5196],[134,-59]],[[7500,5264],[31,-8],[56,-60]],[[7539,5065],[-47,-36],[-46,11],[-136,-33]],[[8350,4760],[-11,-34],[-67,-66]],[[8272,4660],[-22,-40]],[[8250,4620],[-66,4],[-58,60]],[[8126,4684],[-9,58],[-54,47],[3,70],[55,6]],[[8126,4684],[19,-52],[-37,-25]],[[8108,4607],[-71,51],[-19,29],[7,67],[-14,68]],[[8011,4822],[-1,2]],[[8011,4822],[-73,1],[-40,-62]],[[7898,4761],[-14,-10]],[[7884,4751],[-31,50],[-77,53]],[[7776,4854],[-4,13]],[[7772,4867],[134,64]],[[7776,4854],[-4,13]],[[7644,4743],[-41,58],[61,74],[-81,23]],[[7583,4898],[76,81]],[[7884,4751],[-44,-23],[-49,16],[-110,-8]],[[7681,4736],[-37,7]],[[7583,4898],[-62,8],[-16,42],[-86,-47],[-124,-22],[-40,6]],[[7644,4743],[-91,-13],[-9,-43],[-33,-21],[-39,-97],[14,-32],[-22,-94]],[[8108,4607],[-8,-43],[-31,-32]],[[8069,4532],[-44,11]],[[8025,4543],[7,58],[-37,26],[-34,-15],[-55,126]],[[7906,4738],[-8,23]],[[8025,4543],[-48,-14],[-33,-30],[-22,43],[-72,35]],[[7850,4577],[-22,60],[81,46],[-3,55]],[[7850,4577],[-35,-48]],[[7815,4529],[-32,18],[-58,0]],[[7725,4547],[-49,70],[5,119]],[[7725,4547],[-84,-59]],[[7641,4488],[-42,2],[-85,-48]],[[7641,4488],[48,-11],[45,-41],[73,-38]],[[7807,4398],[-7,-25]],[[7815,4529],[67,-42],[-19,-62],[-56,-27]],[[8078,4486],[-27,-44],[-44,14],[4,-66]],[[8069,4532],[9,-46]],[[8078,4486],[72,-5],[27,-18],[-30,-61],[-56,-20]],[[8475,4726],[-28,-72],[-39,-27],[-51,1],[-21,-27],[-38,17],[-26,42]],[[8273,4355],[2,-22]],[[8250,4620],[-35,-85],[0,-53],[21,-20],[18,-87],[19,-20]],[[8561,4647],[-36,-45],[-2,-80],[-60,-45]],[[8463,4477],[-29,38],[-31,-20],[-23,-58],[-55,-10],[-8,-57],[-44,-15]],[[8578,4650],[30,-24],[8,-58],[-7,-70],[34,-73]],[[8643,4425],[-54,27],[-55,-24],[-28,-35],[-36,14]],[[8470,4407],[-7,70]],[[8754,4336],[-66,-16],[-51,37],[39,36],[-33,32]],[[8719,4108],[-19,-9],[-122,47],[-32,73],[-153,108]],[[8393,4327],[-1,34],[78,46]],[[8343,4269],[17,61],[33,-3]],[[5187,15842],[81,-73],[15,-53],[-40,-12],[-55,55],[-46,9],[-34,-24],[-4,-70],[-53,25]],[[5051,15699],[37,103],[94,23],[5,17]],[[6697,15260],[-25,-86],[-38,-77],[-133,-15],[-52,24],[6,41],[-107,0],[-43,30],[14,115],[18,14],[127,5],[45,45],[13,47],[48,80]],[[5187,15842],[91,-15],[86,32],[101,-7],[66,7],[152,-45],[55,-54],[43,21],[73,6],[20,33],[-5,61],[49,105],[65,14],[46,32],[52,-11],[85,19],[60,-42]],[[6505,15560],[-18,-55],[-45,-31],[-54,6],[-22,-40],[-43,29],[-109,-40],[-34,26],[-62,-7],[-78,9],[-15,-16],[30,-87],[99,-110],[-58,-55],[-10,-39],[-83,-35],[-46,22],[-81,-6],[-29,-35],[-35,1],[-42,-37]],[[5770,15060],[-91,11],[-62,-13],[-108,-76]],[[5509,14982],[-19,-19],[-55,5],[-101,-50],[-72,0]],[[5262,14918],[-42,15]],[[5220,14933],[45,162],[49,55],[-2,160],[-9,159],[-23,49],[-136,103],[-24,-31],[-38,20],[-24,-31],[34,-27],[-69,-89],[-38,29]],[[4985,15492],[66,207]],[[6824,15189],[50,-67],[11,-78],[-48,-106],[14,-44],[-16,-30]],[[6793,14786],[-60,61],[-58,13],[-8,-26],[-87,-37],[-38,-92],[-54,6],[-67,-17],[-67,-3],[-118,22]],[[6236,14713],[11,20],[1,99],[-35,55],[-80,-16],[-9,26],[-125,64],[-27,-4],[-60,32],[-41,39],[-101,32]],[[6688,15073],[44,-27],[21,21],[-43,50],[-22,-44]],[[5497,14588],[55,61],[67,14],[26,27],[84,-26],[25,53],[34,33]],[[5788,14750],[72,-2],[23,-19],[225,-26],[60,7],[22,-18],[46,21]],[[5509,14982],[48,-9],[86,19],[22,-47],[15,-101],[-8,-34]],[[5672,14810],[-88,-20],[-64,-31],[-62,-9],[-57,55],[-4,38],[-58,49],[-77,26]],[[5220,14933],[-156,-1],[-57,43],[-26,-6]],[[4946,15053],[48,111],[-58,170],[49,158]],[[5672,14810],[59,-14],[57,-46]],[[7516,15031],[24,-57],[30,-178],[-14,-44],[65,-28]],[[9535,13297],[32,-49],[-49,-71],[10,-45],[-31,-17],[19,-99],[65,-27],[80,-5],[7,-29]],[[8929,13088],[66,-7]],[[8995,13081],[39,-6],[77,16],[127,-30],[2,42],[57,18],[66,-24],[-5,51],[33,23],[-12,73],[-34,44],[48,22]],[[8995,13081],[47,34],[-19,73],[46,6],[39,-22],[11,66],[-68,18],[-30,-8],[-33,44],[18,62],[-77,102]]],"transform":{"scale":[0.0006999355862584019,0.0006880087670820505],"translate":[32.9918,3.4066700000001897]},"objects":{"eth_admin3":{"type":"GeometryCollection","geometries":[{"arcs":[[0,1,2,3,4,5],[6]],"type":"Polygon","properties":{"adm1_name":"Tigray","adm3_name":"Tahtay Adiyabo","adm3_pcode":"ET010101","NewPCODE":"ET010101"}},{"arcs":[[7,8,9,10,11,12]],"type":"Polygon","properties":{"adm1_name":"Tigray","adm3_name":"Zana","adm3_pcode":"ET010103","NewPCODE":"ET010103"}},{"arcs":[[[13,14,-12,15,16]],[[17,18,19,20,21]]],"type":"MultiPolygon","properties":{"adm1_name":"Tigray","adm3_name":"Tahtay Koraro","adm3_pcode":"ET010104","NewPCODE":"ET010104"}},{"arcs":[[22,23,-17,24,25,26,27,-2]],"type":"Polygon","properties":{"adm1_name":"Tigray","adm3_name":"Asgede","adm3_pcode":"ET010105","NewPCODE":"ET010105"}},{"arcs":[[-7]],"type":"Polygon","properties":{"adm1_name":"Tigray","adm3_name":"Sheraro town","adm3_pcode":"ET010107","NewPCODE":"ET010107"}},{"type":null,"properties":{"adm1_name":"Tigray","adm3_name":"Shire Endaslasie town","adm3_pcode":"ET010108","NewPCODE":"ET010108"}},{"arcs":[[28,29,-13,-15,30,-19]],"type":"Polygon","properties":{"adm1_name":"Tigray","adm3_name":"Laelay Koraro","adm3_pcode":"ET010109","NewPCODE":"ET010109"}},{"arcs":[[-21,31,32,33]],"type":"Polygon","properties":{"adm1_name":"Tigray","adm3_name":"Seyemti Adyabo","adm3_pcode":"ET010110","NewPCODE":"ET010110"}},{"arcs":[[-32,-20,-31,-14,-24,34]],"type":"Polygon","properties":{"adm1_name":"Tigray","adm3_name":"Adi Daero","adm3_pcode":"ET010111","NewPCODE":"ET010111"}},{"arcs":[[-33,-35,-23,-1,35]],"type":"Polygon","properties":{"adm1_name":"Tigray","adm3_name":"Maekel Adiyabo","adm3_pcode":"ET010112","NewPCODE":"ET010112"}},{"arcs":[[-16,-11,36,37,-25]],"type":"Polygon","properties":{"adm1_name":"Tigray","adm3_name":"Tsimbla","adm3_pcode":"ET010113","NewPCODE":"ET010113"}},{"type":null,"properties":{"adm1_name":"Tigray","adm3_name":"Endabaguna town","adm3_pcode":"ET010114","NewPCODE":"ET010114"}},{"arcs":[[38,39,40,-29,-18,41]],"type":"Polygon","properties":{"adm1_name":"Tigray","adm3_name":"Chila","adm3_pcode":"ET010201","NewPCODE":"ET010201"}},{"arcs":[[42,43,44,45,46,47,48]],"type":"Polygon","properties":{"adm1_name":"Tigray","adm3_name":"Aheferom","adm3_pcode":"ET010202","NewPCODE":"ET010202"}},{"arcs":[[49,50,51,52,53]],"type":"Polygon","properties":{"adm1_name":"Tigray","adm3_name":"Endaba Tsahma","adm3_pcode":"ET010203","NewPCODE":"ET010203"}},{"arcs":[[54,-48,55,-54,56,57,58],[59]],"type":"Polygon","properties":{"adm1_name":"Tigray","adm3_name":"Adwa","adm3_pcode":"ET010204","NewPCODE":"ET010204"}},{"arcs":[[60,-58,61,62,63,64,-40],[65]],"type":"Polygon","properties":{"adm1_name":"Tigray","adm3_name":"Laelay Maychew","adm3_pcode":"ET010205","NewPCODE":"ET010205"}},{"arcs":[[-65,66,-8,-30,-41]],"type":"Polygon","properties":{"adm1_name":"Tigray","adm3_name":"Tahtay Maychew","adm3_pcode":"ET010206","NewPCODE":"ET010206"}},{"arcs":[[-64,67,68,69,-9,-67]],"type":"Polygon","properties":{"adm1_name":"Tigray","adm3_name":"Adet","adm3_pcode":"ET010207","NewPCODE":"ET010207"}},{"arcs":[[70,71,72,73,74,75,76,77,78,79,-69]],"type":"Polygon","properties":{"adm1_name":"Tigray","adm3_name":"Kola Tembien","adm3_pcode":"ET010208","NewPCODE":"ET010208"}},{"arcs":[[80,-71,-68,-63]],"type":"Polygon","properties":{"adm1_name":"Tigray","adm3_name":"Naeder","adm3_pcode":"ET010209","NewPCODE":"ET010209"}},{"arcs":[[-78,81,82,83,84,85,86,87]],"type":"Polygon","properties":{"adm1_name":"Tigray","adm3_name":"Abergele (TG)","adm3_pcode":"ET010210","NewPCODE":"ET010210"}},{"arcs":[[88,-74]],"type":"Polygon","properties":{"adm1_name":"Tigray","adm3_name":"Abiy Adi town","adm3_pcode":"ET010211","NewPCODE":"ET010211"}},{"arcs":[[-60]],"type":"Polygon","properties":{"adm1_name":"Tigray","adm3_name":"Adwa town","adm3_pcode":"ET010212","NewPCODE":"ET010212"}},{"arcs":[[-66]],"type":"Polygon","properties":{"adm1_name":"Tigray","adm3_name":"Axum town","adm3_pcode":"ET010213","NewPCODE":"ET010213"}},{"arcs":[[89,-59,-61,-39,90]],"type":"Polygon","properties":{"adm1_name":"Tigray","adm3_name":"Rama Adi Arbaete","adm3_pcode":"ET010214","NewPCODE":"ET010214"}},{"arcs":[[91,-49,-55,-90,92]],"type":"Polygon","properties":{"adm1_name":"Tigray","adm3_name":"Ahsea","adm3_pcode":"ET010215","NewPCODE":"ET010215"}},{"arcs":[[93,-43,-92,94]],"type":"Polygon","properties":{"adm1_name":"Tigray","adm3_name":"Egela","adm3_pcode":"ET010216","NewPCODE":"ET010216"}},{"arcs":[[-47,95,-50,-56]],"type":"Polygon","properties":{"adm1_name":"Tigray","adm3_name":"Hahayle","adm3_pcode":"ET010217","NewPCODE":"ET010217"}},{"arcs":[[-57,-53,96,-72,-81,-62]],"type":"Polygon","properties":{"adm1_name":"Tigray","adm3_name":"Endafelasi","adm3_pcode":"ET010218","NewPCODE":"ET010218"}},{"arcs":[[97,98,99,100,-51,-96,-46]],"type":"Polygon","properties":{"adm1_name":"Tigray","adm3_name":"Emba Sieneti","adm3_pcode":"ET010219","NewPCODE":"ET010219"}},{"type":null,"properties":{"adm1_name":"Tigray","adm3_name":"Enticho town","adm3_pcode":"ET010220","NewPCODE":"ET010220"}},{"arcs":[[-52,-101,101,102,-75,-89,-73,-97]],"type":"Polygon","properties":{"adm1_name":"Tigray","adm3_name":"Keyhe tekli","adm3_pcode":"ET010221","NewPCODE":"ET010221"}},{"arcs":[[103,104,-82,-77]],"type":"Polygon","properties":{"adm1_name":"Tigray","adm3_name":"Tanqua Melashe","adm3_pcode":"ET010222","NewPCODE":"ET010222"}},{"arcs":[[105,106,107,108,109,110,-44,-94,111]],"type":"Polygon","properties":{"adm1_name":"Tigray","adm3_name":"Gulo Mekeda","adm3_pcode":"ET010301","NewPCODE":"ET010301"}},{"arcs":[[112,113,-108,114]],"type":"Polygon","properties":{"adm1_name":"Tigray","adm3_name":"Erob","adm3_pcode":"ET010302","NewPCODE":"ET010302"}},{"arcs":[[-114,115,116,117,-109]],"type":"Polygon","properties":{"adm1_name":"Tigray","adm3_name":"Sebuha Saesie","adm3_pcode":"ET010303","NewPCODE":"ET010303"}},{"arcs":[[-118,118,119,-99,120,-110],[121]],"type":"Polygon","properties":{"adm1_name":"Tigray","adm3_name":"Ganta Afeshum","adm3_pcode":"ET010304","NewPCODE":"ET010304"}},{"arcs":[[122,123,124,125,-102,-100,-120]],"type":"Polygon","properties":{"adm1_name":"Tigray","adm3_name":"Hawzen","adm3_pcode":"ET010305","NewPCODE":"ET010305"}},{"arcs":[[126,127,128,129,130,-124,131]],"type":"Polygon","properties":{"adm1_name":"Tigray","adm3_name":"Kilte Awulaelo","adm3_pcode":"ET010306","NewPCODE":"ET010306"}},{"arcs":[[132,-127,133,134,135]],"type":"Polygon","properties":{"adm1_name":"Tigray","adm3_name":"Atsbi","adm3_pcode":"ET010307","NewPCODE":"ET010307"}},{"arcs":[[-122]],"type":"Polygon","properties":{"adm1_name":"Tigray","adm3_name":"Adigrat town","adm3_pcode":"ET010308","NewPCODE":"ET010308"}},{"arcs":[[-129,136]],"type":"Polygon","properties":{"adm1_name":"Tigray","adm3_name":"Wukro town","adm3_pcode":"ET010309","NewPCODE":"ET010309"}},{"arcs":[[-121,-98,-45,-111]],"type":"Polygon","properties":{"adm1_name":"Tigray","adm3_name":"Bizet","adm3_pcode":"ET010310","NewPCODE":"ET010310"}},{"type":null,"properties":{"adm1_name":"Tigray","adm3_name":"Edaga Hamus town","adm3_pcode":"ET010311","NewPCODE":"ET010311"}},{"type":null,"properties":{"adm1_name":"Tigray","adm3_name":"Hawzen town","adm3_pcode":"ET010312","NewPCODE":"ET010312"}},{"type":null,"properties":{"adm1_name":"Tigray","adm3_name":"Freweyni town","adm3_pcode":"ET010313","NewPCODE":"ET010313"}},{"arcs":[[137,-134,-132,-123,-119,-117,138]],"type":"Polygon","properties":{"adm1_name":"Tigray","adm3_name":"Tsaeda Emba","adm3_pcode":"ET010314","NewPCODE":"ET010314"}},{"type":null,"properties":{"adm1_name":"Tigray","adm3_name":"Atsbi town","adm3_pcode":"ET010315","NewPCODE":"ET010315"}},{"arcs":[[139,140,141,-130,-137,-128,-133,142]],"type":"Polygon","properties":{"adm1_name":"Tigray","adm3_name":"Agulae","adm3_pcode":"ET010316","NewPCODE":"ET010316"}},{"arcs":[[143,144,-125,-131,-142]],"type":"Polygon","properties":{"adm1_name":"Tigray","adm3_name":"Geraleta","adm3_pcode":"ET010317","NewPCODE":"ET010317"}},{"arcs":[[-106,145]],"type":"Polygon","properties":{"adm1_name":"Tigray","adm3_name":"Zala Anbesa town","adm3_pcode":"ET010318","NewPCODE":"ET010318"}},{"arcs":[[146,147,148,149,150]],"type":"Polygon","properties":{"adm1_name":"Tigray","adm3_name":"Selewa","adm3_pcode":"ET010401","NewPCODE":"ET010401"}},{"arcs":[[151,152,153,154,155,-148]],"type":"Polygon","properties":{"adm1_name":"Tigray","adm3_name":"Bora (TG)","adm3_pcode":"ET010402","NewPCODE":"ET010402"}},{"arcs":[[156,157,-154,158]],"type":"Polygon","properties":{"adm1_name":"Tigray","adm3_name":"Neqsege","adm3_pcode":"ET010403","NewPCODE":"ET010403"}},{"arcs":[[159,160,161,-152,-147,162]],"type":"Polygon","properties":{"adm1_name":"Tigray","adm3_name":"Emba Alaje","adm3_pcode":"ET010404","NewPCODE":"ET010404"}},{"arcs":[[163,-159,-153,-162,164]],"type":"Polygon","properties":{"adm1_name":"Tigray","adm3_name":"Endamehoni","adm3_pcode":"ET010405","NewPCODE":"ET010405"}},{"arcs":[[165,166,167,-165,-161,168,169]],"type":"Polygon","properties":{"adm1_name":"Tigray","adm3_name":"Raya Azebo","adm3_pcode":"ET010406","NewPCODE":"ET010406"}},{"type":null,"properties":{"adm1_name":"Tigray","adm3_name":"Maichew town","adm3_pcode":"ET010409","NewPCODE":"ET010409"}},{"type":null,"properties":{"adm1_name":"Tigray","adm3_name":"Mekhoni town","adm3_pcode":"ET010412","NewPCODE":"ET010412"}},{"arcs":[[170,171,-83,-105,172,173]],"type":"Polygon","properties":{"adm1_name":"Tigray","adm3_name":"Saharti","adm3_pcode":"ET010601","NewPCODE":"ET010601"}},{"arcs":[[174,175,176,177,178,179,-174,180,-144,-141],[181,182,183,184,185,186]],"type":"Polygon","properties":{"adm1_name":"Tigray","adm3_name":"Enderta","adm3_pcode":"ET010602","NewPCODE":"ET010602"}},{"arcs":[[187,-178,188,189,-163,-151,190,-171,-180]],"type":"Polygon","properties":{"adm1_name":"Tigray","adm3_name":"Hintalo","adm3_pcode":"ET010603","NewPCODE":"ET010603"}},{"arcs":[[-145,-181,-173,-104,-76,-103,-126]],"type":"Polygon","properties":{"adm1_name":"Tigray","adm3_name":"Degua Temben","adm3_pcode":"ET010604","NewPCODE":"ET010604"}},{"type":null,"properties":{"adm1_name":"Tigray","adm3_name":"Hagere Selam town","adm3_pcode":"ET010605","NewPCODE":"ET010605"}},{"arcs":[[-191,-150,191,-84,-172]],"type":"Polygon","properties":{"adm1_name":"Tigray","adm3_name":"Samre","adm3_pcode":"ET010606","NewPCODE":"ET010606"}},{"arcs":[[-188,-179]],"type":"Polygon","properties":{"adm1_name":"Tigray","adm3_name":"Adigudom","adm3_pcode":"ET010607","NewPCODE":"ET010607"}},{"arcs":[[192,-169,-160,-190,193]],"type":"Polygon","properties":{"adm1_name":"Tigray","adm3_name":"Wajirat","adm3_pcode":"ET010608","NewPCODE":"ET010608"}},{"arcs":[[194,195,-182,196]],"type":"Polygon","properties":{"adm1_name":"Tigray","adm3_name":"Kuiha Sub City","adm3_pcode":"ET010701","NewPCODE":"ET010701"}},{"arcs":[[-187,197,198,-197]],"type":"Polygon","properties":{"adm1_name":"Tigray","adm3_name":"Hadnet Sub City","adm3_pcode":"ET010702","NewPCODE":"ET010702"}},{"arcs":[[199,-184,200,201]],"type":"Polygon","properties":{"adm1_name":"Tigray","adm3_name":"Ayder Sub City","adm3_pcode":"ET010703","NewPCODE":"ET010703"}},{"arcs":[[202,-185,-200,203]],"type":"Polygon","properties":{"adm1_name":"Tigray","adm3_name":"Hawelti Sub City","adm3_pcode":"ET010704","NewPCODE":"ET010704"}},{"arcs":[[-186,-203,204,-198]],"type":"Polygon","properties":{"adm1_name":"Tigray","adm3_name":"Adihaki Sub City","adm3_pcode":"ET010705","NewPCODE":"ET010705"}},{"arcs":[[-205,-204,-202,205,-195,-199]],"type":"Polygon","properties":{"adm1_name":"Tigray","adm3_name":"Qedamay Weyane Sub City","adm3_pcode":"ET010706","NewPCODE":"ET010706"}},{"arcs":[[-206,-201,-183,-196]],"type":"Polygon","properties":{"adm1_name":"Tigray","adm3_name":"Semen Sub City","adm3_pcode":"ET010707","NewPCODE":"ET010707"}},{"arcs":[[206,207,208,209,210,211,212,213,214],[215]],"type":"Polygon","properties":{"adm1_name":"Afar","adm3_name":"Dubti","adm3_pcode":"ET020101","NewPCODE":"ET020101"}},{"arcs":[[216,217,-215,218,219,220]],"type":"Polygon","properties":{"adm1_name":"Afar","adm3_name":"Elidar","adm3_pcode":"ET020102","NewPCODE":"ET020102"}},{"arcs":[[221,222,-207,-218],[223]],"type":"Polygon","properties":{"adm1_name":"Afar","adm3_name":"Asayita","adm3_pcode":"ET020103","NewPCODE":"ET020103"}},{"arcs":[[224,225,226,-222,-217,227]],"type":"Polygon","properties":{"adm1_name":"Afar","adm3_name":"Afambo","adm3_pcode":"ET020104","NewPCODE":"ET020104"}},{"arcs":[[228,229,230,-210]],"type":"Polygon","properties":{"adm1_name":"Afar","adm3_name":"Mile","adm3_pcode":"ET020105","NewPCODE":"ET020105"}},{"arcs":[[-231,231,232,233,234,235,-211]],"type":"Polygon","properties":{"adm1_name":"Afar","adm3_name":"Chifra","adm3_pcode":"ET020106","NewPCODE":"ET020106"}},{"type":null,"properties":{"adm1_name":"Afar","adm3_name":"Dubti town","adm3_pcode":"ET020107","NewPCODE":"ET020107"}},{"arcs":[[-219,-214,236,237,238,239]],"type":"Polygon","properties":{"adm1_name":"Afar","adm3_name":"Kori","adm3_pcode":"ET020108","NewPCODE":"ET020108"}},{"arcs":[[-230,240,241,242,243,-232]],"type":"Polygon","properties":{"adm1_name":"Afar","adm3_name":"Adar","adm3_pcode":"ET020109","NewPCODE":"ET020109"}},{"arcs":[[-224]],"type":"Polygon","properties":{"adm1_name":"Afar","adm3_name":"Asayita town","adm3_pcode":"ET020111","NewPCODE":"ET020111"}},{"type":null,"properties":{"adm1_name":"Afar","adm3_name":"Mile town","adm3_pcode":"ET020112","NewPCODE":"ET020112"}},{"type":null,"properties":{"adm1_name":"Afar","adm3_name":"Chifra town","adm3_pcode":"ET020113","NewPCODE":"ET020113"}},{"arcs":[[-216]],"type":"Polygon","properties":{"adm1_name":"Afar","adm3_name":"Samera Logiya town","adm3_pcode":"ET020198","NewPCODE":"ET020198"}},{"arcs":[[244,245,246,247,248,249,250]],"type":"Polygon","properties":{"adm1_name":"Afar","adm3_name":"Erebti","adm3_pcode":"ET020201","NewPCODE":"ET020201"}},{"arcs":[[251,-135,-138,252]],"type":"Polygon","properties":{"adm1_name":"Afar","adm3_name":"Kunneba","adm3_pcode":"ET020202","NewPCODE":"ET020202"}},{"arcs":[[-249,253,-194,-189,-177,254,255]],"type":"Polygon","properties":{"adm1_name":"Afar","adm3_name":"Abaala","adm3_pcode":"ET020203","NewPCODE":"ET020203"}},{"arcs":[[256,257,258,-170,-193,-254,-248]],"type":"Polygon","properties":{"adm1_name":"Afar","adm3_name":"Megale","adm3_pcode":"ET020204","NewPCODE":"ET020204"}},{"arcs":[[259,-251,260,-143,-136,-252,261,262]],"type":"Polygon","properties":{"adm1_name":"Afar","adm3_name":"Berahile","adm3_pcode":"ET020205","NewPCODE":"ET020205"}},{"arcs":[[-262,-253,-139,-116,-113,263]],"type":"Polygon","properties":{"adm1_name":"Afar","adm3_name":"Dalol","adm3_pcode":"ET020206","NewPCODE":"ET020206"}},{"arcs":[[264,265,-245,-260,266]],"type":"Polygon","properties":{"adm1_name":"Afar","adm3_name":"Afdera","adm3_pcode":"ET020207","NewPCODE":"ET020207"}},{"arcs":[[-220,-240,267,-265,268]],"type":"Polygon","properties":{"adm1_name":"Afar","adm3_name":"Bidu","adm3_pcode":"ET020208","NewPCODE":"ET020208"}},{"arcs":[[-255,-176,269]],"type":"Polygon","properties":{"adm1_name":"Afar","adm3_name":"Abaala town","adm3_pcode":"ET020209","NewPCODE":"ET020209"}},{"arcs":[[-250,-256,-270,-175,-140,-261]],"type":"Polygon","properties":{"adm1_name":"Afar","adm3_name":"Wasama","adm3_pcode":"ET020210","NewPCODE":"ET020210"}},{"arcs":[[270,271,272,273,274,275,276]],"type":"Polygon","properties":{"adm1_name":"Afar","adm3_name":"Amibara","adm3_pcode":"ET020301","NewPCODE":"ET020301"}},{"arcs":[[-273,277,278,279,280,281]],"type":"Polygon","properties":{"adm1_name":"Afar","adm3_name":"Awash Fantale","adm3_pcode":"ET020302","NewPCODE":"ET020302"}},{"arcs":[[282,283,284,285,286]],"type":"Polygon","properties":{"adm1_name":"Afar","adm3_name":"Gewane","adm3_pcode":"ET020303","NewPCODE":"ET020303"}},{"arcs":[[287,-276,288,-274,-282,289,290,291,292,293]],"type":"Polygon","properties":{"adm1_name":"Afar","adm3_name":"Dulecha","adm3_pcode":"ET020304","NewPCODE":"ET020304"}},{"arcs":[[294,295,296,297,298,-284,299]],"type":"Polygon","properties":{"adm1_name":"Afar","adm3_name":"Gala'alu","adm3_pcode":"ET020305","NewPCODE":"ET020305"}},{"arcs":[[[300,301,302,-291]],[[-293,303,304,305]]],"type":"MultiPolygon","properties":{"adm1_name":"Afar","adm3_name":"Arguba","adm3_pcode":"ET020306","NewPCODE":"ET020306"}},{"arcs":[[306,307,-277,-288,308,-297]],"type":"Polygon","properties":{"adm1_name":"Afar","adm3_name":"Hanruka","adm3_pcode":"ET020307","NewPCODE":"ET020307"}},{"arcs":[[309,-300,-283,310,311]],"type":"Polygon","properties":{"adm1_name":"Afar","adm3_name":"Abida","adm3_pcode":"ET020308","NewPCODE":"ET020308"}},{"arcs":[[-285,-299,312,313,314]],"type":"Polygon","properties":{"adm1_name":"Afar","adm3_name":"Borimodaytu","adm3_pcode":"ET020309","NewPCODE":"ET020309"}},{"arcs":[[-275,-289]],"type":"Polygon","properties":{"adm1_name":"Afar","adm3_name":"Werer","adm3_pcode":"ET020310","NewPCODE":"ET020310"}},{"arcs":[[315,-278,-272]],"type":"Polygon","properties":{"adm1_name":"Afar","adm3_name":"Awash town","adm3_pcode":"ET020396","NewPCODE":"ET020396"}},{"arcs":[[-213,316,317,318,319,-237]],"type":"Polygon","properties":{"adm1_name":"Afar","adm3_name":"Awra (AF)","adm3_pcode":"ET020401","NewPCODE":"ET020401"}},{"arcs":[[-236,320,-317,-212]],"type":"Polygon","properties":{"adm1_name":"Afar","adm3_name":"Euwa","adm3_pcode":"ET020402","NewPCODE":"ET020402"}},{"arcs":[[321,-238,-320,322,323,-257,-247]],"type":"Polygon","properties":{"adm1_name":"Afar","adm3_name":"Teru","adm3_pcode":"ET020403","NewPCODE":"ET020403"}},{"arcs":[[-324,324,325,-258]],"type":"Polygon","properties":{"adm1_name":"Afar","adm3_name":"Yalo","adm3_pcode":"ET020404","NewPCODE":"ET020404"}},{"arcs":[[-319,326,327,-325,-323]],"type":"Polygon","properties":{"adm1_name":"Afar","adm3_name":"Gulina","adm3_pcode":"ET020405","NewPCODE":"ET020405"}},{"arcs":[[-268,-239,-322,-246,-266]],"type":"Polygon","properties":{"adm1_name":"Afar","adm3_name":"Mabay","adm3_pcode":"ET020406","NewPCODE":"ET020406"}},{"arcs":[[-243,328,329,330]],"type":"Polygon","properties":{"adm1_name":"Afar","adm3_name":"Telalek","adm3_pcode":"ET020501","NewPCODE":"ET020501"}},{"arcs":[[-309,-294,-306,331,332,333,334,335,336,-313,-298]],"type":"Polygon","properties":{"adm1_name":"Afar","adm3_name":"Samurobi","adm3_pcode":"ET020502","NewPCODE":"ET020502"}},{"arcs":[[337,338,339,340,-330,341]],"type":"Polygon","properties":{"adm1_name":"Afar","adm3_name":"Dawe","adm3_pcode":"ET020503","NewPCODE":"ET020503"}},{"arcs":[[-286,-315,342,343,-339,344]],"type":"Polygon","properties":{"adm1_name":"Afar","adm3_name":"Dalefage","adm3_pcode":"ET020504","NewPCODE":"ET020504"}},{"arcs":[[-314,-337,345,-343]],"type":"Polygon","properties":{"adm1_name":"Afar","adm3_name":"Hadelela","adm3_pcode":"ET020505","NewPCODE":"ET020505"}},{"arcs":[[346,347,348,-208,-223,-227]],"type":"Polygon","properties":{"adm1_name":"Afar","adm3_name":"Gerani","adm3_pcode":"ET020601","NewPCODE":"ET020601"}},{"arcs":[[-349,349,350,351,-241,-229,-209]],"type":"Polygon","properties":{"adm1_name":"Afar","adm3_name":"Kilalu","adm3_pcode":"ET020602","NewPCODE":"ET020602"}},{"arcs":[[352,-342,-329,-242,-352]],"type":"Polygon","properties":{"adm1_name":"Afar","adm3_name":"Yangudi","adm3_pcode":"ET020603","NewPCODE":"ET020603"}},{"arcs":[[353,-311,-287,-345,-338,-353,-351]],"type":"Polygon","properties":{"adm1_name":"Afar","adm3_name":"Sibaybi","adm3_pcode":"ET020604","NewPCODE":"ET020604"}},{"arcs":[[354,355,356,357,358,359]],"type":"Polygon","properties":{"adm1_name":"Amhara","adm3_name":"Addi Arekay","adm3_pcode":"ET030101","NewPCODE":"ET030101"}},{"arcs":[[360,361,362,363,364,365]],"type":"Polygon","properties":{"adm1_name":"Amhara","adm3_name":"Beyeda","adm3_pcode":"ET030102","NewPCODE":"ET030102"}},{"arcs":[[-357,366,-366,367,368,369,370]],"type":"Polygon","properties":{"adm1_name":"Amhara","adm3_name":"Janamora","adm3_pcode":"ET030103","NewPCODE":"ET030103"}},{"arcs":[[371,-358,-371,372,373,374]],"type":"Polygon","properties":{"adm1_name":"Amhara","adm3_name":"Debark","adm3_pcode":"ET030104","NewPCODE":"ET030104"}},{"arcs":[[-374,375,376,377,378]],"type":"Polygon","properties":{"adm1_name":"Amhara","adm3_name":"Dabat","adm3_pcode":"ET030105","NewPCODE":"ET030105"}},{"type":null,"properties":{"adm1_name":"Amhara","adm3_name":"Dabat town","adm3_pcode":"ET030106","NewPCODE":"ET030106"}},{"arcs":[[[379,380,-79,-88,381,-361,-367,-356]],[[382,-86,383,-363]]],"type":"MultiPolygon","properties":{"adm1_name":"Amhara","adm3_name":"Telemt","adm3_pcode":"ET030119","NewPCODE":"ET030119"}},{"type":null,"properties":{"adm1_name":"Amhara","adm3_name":"Debark town","adm3_pcode":"ET030198","NewPCODE":"ET030198"}},{"arcs":[[384,385,386,387,388,389,390,391,392]],"type":"Polygon","properties":{"adm1_name":"Amhara","adm3_name":"Ebenat","adm3_pcode":"ET030201","NewPCODE":"ET030201"}},{"arcs":[[393,394,395,-385,396,397]],"type":"Polygon","properties":{"adm1_name":"Amhara","adm3_name":"Libokemekem","adm3_pcode":"ET030202","NewPCODE":"ET030202"}},{"arcs":[[398,-397,-393,399,400,401,402]],"type":"Polygon","properties":{"adm1_name":"Amhara","adm3_name":"Fogera","adm3_pcode":"ET030203","NewPCODE":"ET030203"}},{"arcs":[[-392,403,404,-400],[405]],"type":"Polygon","properties":{"adm1_name":"Amhara","adm3_name":"Farta","adm3_pcode":"ET030204","NewPCODE":"ET030204"}},{"arcs":[[406,407,408,409,410,411,412,413]],"type":"Polygon","properties":{"adm1_name":"Amhara","adm3_name":"Lay Gayint","adm3_pcode":"ET030205","NewPCODE":"ET030205"}},{"arcs":[[414,415,416,417,-411]],"type":"Polygon","properties":{"adm1_name":"Amhara","adm3_name":"Tach Gayint","adm3_pcode":"ET030206","NewPCODE":"ET030206"}},{"arcs":[[-413,418,419,420,421,422]],"type":"Polygon","properties":{"adm1_name":"Amhara","adm3_name":"Semada","adm3_pcode":"ET030207","NewPCODE":"ET030207"}},{"arcs":[[-401,-405,423,-414,-423,424,425,426,427],[428]],"type":"Polygon","properties":{"adm1_name":"Amhara","adm3_name":"East Esite","adm3_pcode":"ET030208","NewPCODE":"ET030208"}},{"arcs":[[429,430,431,-402,-428,432,433,434,435]],"type":"Polygon","properties":{"adm1_name":"Amhara","adm3_name":"Dera (AM)","adm3_pcode":"ET030209","NewPCODE":"ET030209"}},{"arcs":[[-406]],"type":"Polygon","properties":{"adm1_name":"Amhara","adm3_name":"Debre Tabor town","adm3_pcode":"ET030210","NewPCODE":"ET030210"}},{"arcs":[[-427,436,437,-433]],"type":"Polygon","properties":{"adm1_name":"Amhara","adm3_name":"Andabet /West Esite","adm3_pcode":"ET030211","NewPCODE":"ET030211"}},{"arcs":[[-404,-391,438,-407,-424]],"type":"Polygon","properties":{"adm1_name":"Amhara","adm3_name":"Guna Begemider","adm3_pcode":"ET030212","NewPCODE":"ET030212"}},{"arcs":[[439,-408,-439,-390]],"type":"Polygon","properties":{"adm1_name":"Amhara","adm3_name":"Mena Meketewa","adm3_pcode":"ET030213","NewPCODE":"ET030213"}},{"arcs":[[-412,-418,440,441,-419]],"type":"Polygon","properties":{"adm1_name":"Amhara","adm3_name":"Sede Muja","adm3_pcode":"ET030214","NewPCODE":"ET030214"}},{"type":null,"properties":{"adm1_name":"Amhara","adm3_name":"Nefas Mewicha town","adm3_pcode":"ET030215","NewPCODE":"ET030215"}},{"type":null,"properties":{"adm1_name":"Amhara","adm3_name":"Wegeda town","adm3_pcode":"ET030216","NewPCODE":"ET030216"}},{"type":null,"properties":{"adm1_name":"Amhara","adm3_name":"Ebenat town","adm3_pcode":"ET030217","NewPCODE":"ET030217"}},{"type":null,"properties":{"adm1_name":"Amhara","adm3_name":"Hamusit town","adm3_pcode":"ET030218","NewPCODE":"ET030218"}},{"type":null,"properties":{"adm1_name":"Amhara","adm3_name":"Woreta town","adm3_pcode":"ET030293","NewPCODE":"ET030293"}},{"arcs":[[-429]],"type":"Polygon","properties":{"adm1_name":"Amhara","adm3_name":"Mekan Eyesuse","adm3_pcode":"ET030298","NewPCODE":"ET030298"}},{"type":null,"properties":{"adm1_name":"Amhara","adm3_name":"Adiss Zemen town","adm3_pcode":"ET030299","NewPCODE":"ET030299"}},{"arcs":[[442,443,444,445,-409,-440,-389]],"type":"Polygon","properties":{"adm1_name":"Amhara","adm3_name":"Bugna","adm3_pcode":"ET030301","NewPCODE":"ET030301"}},{"arcs":[[446,447,448,449,450,451,452,-327,-318]],"type":"Polygon","properties":{"adm1_name":"Amhara","adm3_name":"Raya Kobo","adm3_pcode":"ET030302","NewPCODE":"ET030302"}},{"arcs":[[453,454,455,456,457,-451]],"type":"Polygon","properties":{"adm1_name":"Amhara","adm3_name":"Gidan","adm3_pcode":"ET030303","NewPCODE":"ET030303"}},{"arcs":[[-446,458,459,460,461,462,-415,-410]],"type":"Polygon","properties":{"adm1_name":"Amhara","adm3_name":"Meket","adm3_pcode":"ET030304","NewPCODE":"ET030304"}},{"arcs":[[463,464,465,-462,466,467]],"type":"Polygon","properties":{"adm1_name":"Amhara","adm3_name":"Wadla","adm3_pcode":"ET030305","NewPCODE":"ET030305"}},{"arcs":[[468,469]],"type":"Polygon","properties":{"adm1_name":"Amhara","adm3_name":"Hara town","adm3_pcode":"ET030306","NewPCODE":"ET030306"}},{"arcs":[[[470,471,472,473,474,-454,-450]],[[475,-469,476,477,-448]]],"type":"MultiPolygon","properties":{"adm1_name":"Amhara","adm3_name":"Guba Lafto","adm3_pcode":"ET030307","NewPCODE":"ET030307"}},{"arcs":[[-235,478,479,480,-472,481,-477,-470,-476,-447,-321]],"type":"Polygon","properties":{"adm1_name":"Amhara","adm3_name":"Habru","adm3_pcode":"ET030308","NewPCODE":"ET030308"}},{"arcs":[[-478,-482,-471,-449]],"type":"Polygon","properties":{"adm1_name":"Amhara","adm3_name":"Woldiya town","adm3_pcode":"ET030309","NewPCODE":"ET030309"}},{"arcs":[[-457,482,-459,-445,483,484]],"type":"Polygon","properties":{"adm1_name":"Amhara","adm3_name":"Lasta","adm3_pcode":"ET030310","NewPCODE":"ET030310"}},{"arcs":[[485,-416,-463,-466,486]],"type":"Polygon","properties":{"adm1_name":"Amhara","adm3_name":"Dawunt","adm3_pcode":"ET030311","NewPCODE":"ET030311"}},{"arcs":[[487,-468,488,-460,-483,-456]],"type":"Polygon","properties":{"adm1_name":"Amhara","adm3_name":"Gazo","adm3_pcode":"ET030312","NewPCODE":"ET030312"}},{"arcs":[[-475,489,-464,-488,-455]],"type":"Polygon","properties":{"adm1_name":"Amhara","adm3_name":"Angot","adm3_pcode":"ET030313","NewPCODE":"ET030313"}},{"type":null,"properties":{"adm1_name":"Amhara","adm3_name":"Filakit town","adm3_pcode":"ET030314","NewPCODE":"ET030314"}},{"arcs":[[-467,-461,-489]],"type":"Polygon","properties":{"adm1_name":"Amhara","adm3_name":"Gashena town","adm3_pcode":"ET030315","NewPCODE":"ET030315"}},{"type":null,"properties":{"adm1_name":"Amhara","adm3_name":"Mersa town","adm3_pcode":"ET030397","NewPCODE":"ET030397"}},{"type":null,"properties":{"adm1_name":"Amhara","adm3_name":"Lalibela town","adm3_pcode":"ET030398","NewPCODE":"ET030398"}},{"type":null,"properties":{"adm1_name":"Amhara","adm3_name":"Kobo town","adm3_pcode":"ET030399","NewPCODE":"ET030399"}},{"arcs":[[490,491,492,493]],"type":"Polygon","properties":{"adm1_name":"Amhara","adm3_name":"Argoba","adm3_pcode":"ET030401","NewPCODE":"ET030401"}},{"arcs":[[494,495,496,497,498,499,500,501]],"type":"Polygon","properties":{"adm1_name":"Amhara","adm3_name":"Tenta","adm3_pcode":"ET030402","NewPCODE":"ET030402"}},{"arcs":[[502,503,-495,504]],"type":"Polygon","properties":{"adm1_name":"Amhara","adm3_name":"Kutaber","adm3_pcode":"ET030403","NewPCODE":"ET030403"}},{"arcs":[[505,-505,-502,506,-473,-481]],"type":"Polygon","properties":{"adm1_name":"Amhara","adm3_name":"Ambasel","adm3_pcode":"ET030404","NewPCODE":"ET030404"}},{"arcs":[[507,508,509,510,-506,-480]],"type":"Polygon","properties":{"adm1_name":"Amhara","adm3_name":"Thehulederie","adm3_pcode":"ET030405","NewPCODE":"ET030405"}},{"arcs":[[-507,-501,511,-487,-465,-490,-474]],"type":"Polygon","properties":{"adm1_name":"Amhara","adm3_name":"Delanta","adm3_pcode":"ET030406","NewPCODE":"ET030406"}},{"arcs":[[512,-493,513,514,515,516,517,518,-509,519]],"type":"Polygon","properties":{"adm1_name":"Amhara","adm3_name":"Kalu","adm3_pcode":"ET030407","NewPCODE":"ET030407"}},{"arcs":[[520,521,522,523,-515]],"type":"Polygon","properties":{"adm1_name":"Amhara","adm3_name":"Albuko","adm3_pcode":"ET030408","NewPCODE":"ET030408"}},{"arcs":[[[-524,524,525,-496,-504,526,527,-516]],[[528,-518]]],"type":"MultiPolygon","properties":{"adm1_name":"Amhara","adm3_name":"Dessie Zuria","adm3_pcode":"ET030409","NewPCODE":"ET030409"}},{"arcs":[[529,-497,-526,530,531,532,533,534,535,536,-499]],"type":"Polygon","properties":{"adm1_name":"Amhara","adm3_name":"Legambo","adm3_pcode":"ET030410","NewPCODE":"ET030410"}},{"arcs":[[-442,537,-536,538,539,540,-420]],"type":"Polygon","properties":{"adm1_name":"Amhara","adm3_name":"Sayint","adm3_pcode":"ET030411","NewPCODE":"ET030411"}},{"arcs":[[541,542,-539,-535,543,544]],"type":"Polygon","properties":{"adm1_name":"Amhara","adm3_name":"Borena /Debresina","adm3_pcode":"ET030412","NewPCODE":"ET030412"}},{"arcs":[[545,546,547,548,549,-533]],"type":"Polygon","properties":{"adm1_name":"Amhara","adm3_name":"Kelela","adm3_pcode":"ET030413","NewPCODE":"ET030413"}},{"arcs":[[550,551,552,553,-547,554,555]],"type":"Polygon","properties":{"adm1_name":"Amhara","adm3_name":"Jama","adm3_pcode":"ET030414","NewPCODE":"ET030414"}},{"arcs":[[-523,556,557,-556,558,-531,-525]],"type":"Polygon","properties":{"adm1_name":"Amhara","adm3_name":"Were Ilu","adm3_pcode":"ET030415","NewPCODE":"ET030415"}},{"arcs":[[-544,-534,-550,559,560,561]],"type":"Polygon","properties":{"adm1_name":"Amhara","adm3_name":"Wegde","adm3_pcode":"ET030416","NewPCODE":"ET030416"}},{"arcs":[[-519,-529,-517,-528,562,-510]],"type":"Polygon","properties":{"adm1_name":"Amhara","adm3_name":"Kombolcha town","adm3_pcode":"ET030417","NewPCODE":"ET030417"}},{"arcs":[[-563,-527,-503,-511]],"type":"Polygon","properties":{"adm1_name":"Amhara","adm3_name":"Dessie town","adm3_pcode":"ET030418","NewPCODE":"ET030418"}},{"arcs":[[-540,-543,563]],"type":"Polygon","properties":{"adm1_name":"Amhara","adm3_name":"Mehal Sayint","adm3_pcode":"ET030419","NewPCODE":"ET030419"}},{"arcs":[[-559,-555,-546,-532]],"type":"Polygon","properties":{"adm1_name":"Amhara","adm3_name":"Legehida","adm3_pcode":"ET030420","NewPCODE":"ET030420"}},{"arcs":[[-500,-537,-538,-441,-417,-486,-512]],"type":"Polygon","properties":{"adm1_name":"Amhara","adm3_name":"Mekdela","adm3_pcode":"ET030421","NewPCODE":"ET030421"}},{"arcs":[[564,-520,-508,-479,-234]],"type":"Polygon","properties":{"adm1_name":"Amhara","adm3_name":"Worebabu","adm3_pcode":"ET030422","NewPCODE":"ET030422"}},{"type":null,"properties":{"adm1_name":"Amhara","adm3_name":"Wereilu town","adm3_pcode":"ET030423","NewPCODE":"ET030423"}},{"type":null,"properties":{"adm1_name":"Amhara","adm3_name":"Wegel tena town","adm3_pcode":"ET030424","NewPCODE":"ET030424"}},{"type":null,"properties":{"adm1_name":"Amhara","adm3_name":"Degolo town","adm3_pcode":"ET030425","NewPCODE":"ET030425"}},{"type":null,"properties":{"adm1_name":"Amhara","adm3_name":"Kelala town","adm3_pcode":"ET030426","NewPCODE":"ET030426"}},{"type":null,"properties":{"adm1_name":"Amhara","adm3_name":"Akeseta town","adm3_pcode":"ET030427","NewPCODE":"ET030427"}},{"arcs":[[-530,-498]],"type":"Polygon","properties":{"adm1_name":"Amhara","adm3_name":"Gimeba town","adm3_pcode":"ET030428","NewPCODE":"ET030428"}},{"type":null,"properties":{"adm1_name":"Amhara","adm3_name":"Harbu town","adm3_pcode":"ET030429","NewPCODE":"ET030429"}},{"type":null,"properties":{"adm1_name":"Amhara","adm3_name":"Wegedi town","adm3_pcode":"ET030430","NewPCODE":"ET030430"}},{"type":null,"properties":{"adm1_name":"Amhara","adm3_name":"Mekane Selam town","adm3_pcode":"ET030498","NewPCODE":"ET030498"}},{"type":null,"properties":{"adm1_name":"Amhara","adm3_name":"Hike town","adm3_pcode":"ET030499","NewPCODE":"ET030499"}},{"arcs":[[-554,565,566,-548]],"type":"Polygon","properties":{"adm1_name":"Amhara","adm3_name":"Mida Woremo","adm3_pcode":"ET030501","NewPCODE":"ET030501"}},{"arcs":[[567,568,569,570,571,572,573,-566,-553]],"type":"Polygon","properties":{"adm1_name":"Amhara","adm3_name":"Merhabete","adm3_pcode":"ET030502","NewPCODE":"ET030502"}},{"arcs":[[574,575,576,577,578,-570]],"type":"Polygon","properties":{"adm1_name":"Amhara","adm3_name":"Ensaro","adm3_pcode":"ET030503","NewPCODE":"ET030503"}},{"arcs":[[579,-575,-569,580,581]],"type":"Polygon","properties":{"adm1_name":"Amhara","adm3_name":"Moretna Jiru","adm3_pcode":"ET030504","NewPCODE":"ET030504"}},{"arcs":[[582,583,584,585,586,587,-551,-558]],"type":"Polygon","properties":{"adm1_name":"Amhara","adm3_name":"Menze Gera Midir","adm3_pcode":"ET030505","NewPCODE":"ET030505"}},{"arcs":[[588,589,-583,-557,-522]],"type":"Polygon","properties":{"adm1_name":"Amhara","adm3_name":"Gishe Rabel","adm3_pcode":"ET030506","NewPCODE":"ET030506"}},{"arcs":[[590,591,-584,-590,592]],"type":"Polygon","properties":{"adm1_name":"Amhara","adm3_name":"Antsokiya","adm3_pcode":"ET030507","NewPCODE":"ET030507"}},{"arcs":[[593,594,595,596,597,-585,-592,598]],"type":"Polygon","properties":{"adm1_name":"Amhara","adm3_name":"Eferatana Gidem","adm3_pcode":"ET030508","NewPCODE":"ET030508"}},{"arcs":[[599,600,601,602,-586,-598]],"type":"Polygon","properties":{"adm1_name":"Amhara","adm3_name":"Menze Mama Midir","adm3_pcode":"ET030509","NewPCODE":"ET030509"}},{"arcs":[[-305,603,604,605,-601,606,-332]],"type":"Polygon","properties":{"adm1_name":"Amhara","adm3_name":"Tarema Ber","adm3_pcode":"ET030510","NewPCODE":"ET030510"}},{"arcs":[[607,608,609,-602,-606]],"type":"Polygon","properties":{"adm1_name":"Amhara","adm3_name":"Mojan Wedera","adm3_pcode":"ET030511","NewPCODE":"ET030511"}},{"arcs":[[610,-333,-607,-600,-597,611,-335]],"type":"Polygon","properties":{"adm1_name":"Amhara","adm3_name":"Kewet","adm3_pcode":"ET030512","NewPCODE":"ET030512"}},{"arcs":[[612,613,614,615,616,617,618,619,620]],"type":"Polygon","properties":{"adm1_name":"Amhara","adm3_name":"Angolelana Tera","adm3_pcode":"ET030513","NewPCODE":"ET030513"}},{"arcs":[[621,-302,622,623,-615,624]],"type":"Polygon","properties":{"adm1_name":"Amhara","adm3_name":"Assagirt","adm3_pcode":"ET030514","NewPCODE":"ET030514"}},{"arcs":[[-304,-292,-303,-622,625,-604]],"type":"Polygon","properties":{"adm1_name":"Amhara","adm3_name":"Ankober","adm3_pcode":"ET030515","NewPCODE":"ET030515"}},{"arcs":[[626,627,628,629,630,-616,-624,631]],"type":"Polygon","properties":{"adm1_name":"Amhara","adm3_name":"Hagere Mariam","adm3_pcode":"ET030516","NewPCODE":"ET030516"}},{"arcs":[[-281,632,633,-632,-623,-301,-290]],"type":"Polygon","properties":{"adm1_name":"Amhara","adm3_name":"Berehet","adm3_pcode":"ET030517","NewPCODE":"ET030517"}},{"arcs":[[634,635,636,637,638,-627,-634]],"type":"Polygon","properties":{"adm1_name":"Amhara","adm3_name":"Minjar Shenkora","adm3_pcode":"ET030518","NewPCODE":"ET030518"}},{"arcs":[[-626,-625,-614,639,-621,640,641,-582,642,-608,-605]],"type":"Polygon","properties":{"adm1_name":"Amhara","adm3_name":"Basona Worena","adm3_pcode":"ET030519","NewPCODE":"ET030519"}},{"arcs":[[-613,-640]],"type":"Polygon","properties":{"adm1_name":"Amhara","adm3_name":"Debre Berhan town","adm3_pcode":"ET030520","NewPCODE":"ET030520"}},{"arcs":[[-588,643,-609,-643,-581,-568,-552]],"type":"Polygon","properties":{"adm1_name":"Amhara","adm3_name":"Menze Keya Gabriel","adm3_pcode":"ET030521","NewPCODE":"ET030521"}},{"arcs":[[-603,-610,-644,-587]],"type":"Polygon","properties":{"adm1_name":"Amhara","adm3_name":"Menze Lalo Midir","adm3_pcode":"ET030522","NewPCODE":"ET030522"}},{"arcs":[[644,645,-576,-580,-642]],"type":"Polygon","properties":{"adm1_name":"Amhara","adm3_name":"Siya Debirna Wayu","adm3_pcode":"ET030523","NewPCODE":"ET030523"}},{"arcs":[[646,647,-630]],"type":"Polygon","properties":{"adm1_name":"Amhara","adm3_name":"Tulefa town","adm3_pcode":"ET030524","NewPCODE":"ET030524"}},{"type":null,"properties":{"adm1_name":"Amhara","adm3_name":"Arerti town","adm3_pcode":"ET030525","NewPCODE":"ET030525"}},{"type":null,"properties":{"adm1_name":"Amhara","adm3_name":"Molale town","adm3_pcode":"ET030526","NewPCODE":"ET030526"}},{"type":null,"properties":{"adm1_name":"Amhara","adm3_name":"Debre Sina town","adm3_pcode":"ET030527","NewPCODE":"ET030527"}},{"type":null,"properties":{"adm1_name":"Amhara","adm3_name":"Enewari town","adm3_pcode":"ET030528","NewPCODE":"ET030528"}},{"arcs":[[-611,-334]],"type":"Polygon","properties":{"adm1_name":"Amhara","adm3_name":"Shoa Robit","adm3_pcode":"ET030595","NewPCODE":"ET030595"}},{"type":null,"properties":{"adm1_name":"Amhara","adm3_name":"Mehal Meda town","adm3_pcode":"ET030597","NewPCODE":"ET030597"}},{"arcs":[[648,-595]],"type":"Polygon","properties":{"adm1_name":"Amhara","adm3_name":"Ataye town","adm3_pcode":"ET030598","NewPCODE":"ET030598"}},{"type":null,"properties":{"adm1_name":"Amhara","adm3_name":"Aleme Ketma town","adm3_pcode":"ET030599","NewPCODE":"ET030599"}},{"arcs":[[649,650,651,652,653,654]],"type":"Polygon","properties":{"adm1_name":"Amhara","adm3_name":"Bibugn","adm3_pcode":"ET030601","NewPCODE":"ET030601"}},{"arcs":[[-437,-426,655,656,657,658,-651,659,660]],"type":"Polygon","properties":{"adm1_name":"Amhara","adm3_name":"Hulet Ej Enese","adm3_pcode":"ET030602","NewPCODE":"ET030602"}},{"arcs":[[661,662,663,-657]],"type":"Polygon","properties":{"adm1_name":"Amhara","adm3_name":"Goncha Siso Enebse","adm3_pcode":"ET030603","NewPCODE":"ET030603"}},{"arcs":[[-421,-541,-564,-542,664,-663,665]],"type":"Polygon","properties":{"adm1_name":"Amhara","adm3_name":"Enebse Sarmder","adm3_pcode":"ET030604","NewPCODE":"ET030604"}},{"arcs":[[-664,-665,-545,-562,666,667,668,-658]],"type":"Polygon","properties":{"adm1_name":"Amhara","adm3_name":"Enarj Enawga","adm3_pcode":"ET030605","NewPCODE":"ET030605"}},{"arcs":[[-668,669,670,671]],"type":"Polygon","properties":{"adm1_name":"Amhara","adm3_name":"Enemay","adm3_pcode":"ET030606","NewPCODE":"ET030606"}},{"arcs":[[-669,-672,672,673,674,675,-652,-659]],"type":"Polygon","properties":{"adm1_name":"Amhara","adm3_name":"Debay Telatgen","adm3_pcode":"ET030607","NewPCODE":"ET030607"}},{"arcs":[[676,677,678,679,680,681,682,683]],"type":"Polygon","properties":{"adm1_name":"Amhara","adm3_name":"Debre Elias","adm3_pcode":"ET030608","NewPCODE":"ET030608"}},{"arcs":[[684,-654,685,686,-680]],"type":"Polygon","properties":{"adm1_name":"Amhara","adm3_name":"Michakel","adm3_pcode":"ET030609","NewPCODE":"ET030609"}},{"arcs":[[-687,687,-675,688,689,690,691,692,693,-681]],"type":"Polygon","properties":{"adm1_name":"Amhara","adm3_name":"Guzamn","adm3_pcode":"ET030610","NewPCODE":"ET030610"}},{"arcs":[[-693,694,695,696,697]],"type":"Polygon","properties":{"adm1_name":"Amhara","adm3_name":"Baso Liben","adm3_pcode":"ET030611","NewPCODE":"ET030611"}},{"arcs":[[-674,698,699,700,-689]],"type":"Polygon","properties":{"adm1_name":"Amhara","adm3_name":"Awabel","adm3_pcode":"ET030612","NewPCODE":"ET030612"}},{"arcs":[[-671,701,702,-699,-673]],"type":"Polygon","properties":{"adm1_name":"Amhara","adm3_name":"Dejen","adm3_pcode":"ET030613","NewPCODE":"ET030613"}},{"arcs":[[-561,703,704,-702,-670,-667]],"type":"Polygon","properties":{"adm1_name":"Amhara","adm3_name":"Shebel Bernta","adm3_pcode":"ET030614","NewPCODE":"ET030614"}},{"arcs":[[705,-691]],"type":"Polygon","properties":{"adm1_name":"Amhara","adm3_name":"Debre Markos town","adm3_pcode":"ET030615","NewPCODE":"ET030615"}},{"arcs":[[-686,-653,-676,-688]],"type":"Polygon","properties":{"adm1_name":"Amhara","adm3_name":"Senan","adm3_pcode":"ET030616","NewPCODE":"ET030616"}},{"arcs":[[-706,-690,-701,706,707,-695,-692]],"type":"Polygon","properties":{"adm1_name":"Amhara","adm3_name":"Aneded","adm3_pcode":"ET030617","NewPCODE":"ET030617"}},{"type":null,"properties":{"adm1_name":"Amhara","adm3_name":"Amanuel town","adm3_pcode":"ET030618","NewPCODE":"ET030618"}},{"arcs":[[-422,-666,-662,-656,-425]],"type":"Polygon","properties":{"adm1_name":"Amhara","adm3_name":"Sedae","adm3_pcode":"ET030619","NewPCODE":"ET030619"}},{"type":null,"properties":{"adm1_name":"Amhara","adm3_name":"Gundwoin town","adm3_pcode":"ET030620","NewPCODE":"ET030620"}},{"type":null,"properties":{"adm1_name":"Amhara","adm3_name":"Debrework town","adm3_pcode":"ET030621","NewPCODE":"ET030621"}},{"type":null,"properties":{"adm1_name":"Amhara","adm3_name":"Lumame town","adm3_pcode":"ET030622","NewPCODE":"ET030622"}},{"type":null,"properties":{"adm1_name":"Amhara","adm3_name":"Merto Lemariyam town","adm3_pcode":"ET030623","NewPCODE":"ET030623"}},{"type":null,"properties":{"adm1_name":"Amhara","adm3_name":"Mota town","adm3_pcode":"ET030694","NewPCODE":"ET030694"}},{"type":null,"properties":{"adm1_name":"Amhara","adm3_name":"Dejen town","adm3_pcode":"ET030698","NewPCODE":"ET030698"}},{"type":null,"properties":{"adm1_name":"Amhara","adm3_name":"Bechena town","adm3_pcode":"ET030699","NewPCODE":"ET030699"}},{"arcs":[[708,709,710,711,712,713,714,715]],"type":"Polygon","properties":{"adm1_name":"Amhara","adm3_name":"Sekela","adm3_pcode":"ET030705","NewPCODE":"ET030705"}},{"arcs":[[716,717,718,-711,719]],"type":"Polygon","properties":{"adm1_name":"Amhara","adm3_name":"Quarit","adm3_pcode":"ET030706","NewPCODE":"ET030706"}},{"arcs":[[720,-660,-650,721,722,-718]],"type":"Polygon","properties":{"adm1_name":"Amhara","adm3_name":"Dega Damot","adm3_pcode":"ET030707","NewPCODE":"ET030707"}},{"arcs":[[723,-722,-655,-685,-679,724]],"type":"Polygon","properties":{"adm1_name":"Amhara","adm3_name":"Dembecha","adm3_pcode":"ET030708","NewPCODE":"ET030708"}},{"arcs":[[-712,-719,-723,-724,725],[726]],"type":"Polygon","properties":{"adm1_name":"Amhara","adm3_name":"Jabi Tehnan","adm3_pcode":"ET030709","NewPCODE":"ET030709"}},{"arcs":[[727,-713,-726,-725,-678,728,729]],"type":"Polygon","properties":{"adm1_name":"Amhara","adm3_name":"Bure (AM)","adm3_pcode":"ET030710","NewPCODE":"ET030710"}},{"arcs":[[730,731,732,733,-730,734,735,736]],"type":"Polygon","properties":{"adm1_name":"Amhara","adm3_name":"Wemberma","adm3_pcode":"ET030711","NewPCODE":"ET030711"}},{"arcs":[[-727]],"type":"Polygon","properties":{"adm1_name":"Amhara","adm3_name":"Finote Selam town","adm3_pcode":"ET030714","NewPCODE":"ET030714"}},{"type":null,"properties":{"adm1_name":"Amhara","adm3_name":"Shendi town","adm3_pcode":"ET030716","NewPCODE":"ET030716"}},{"type":null,"properties":{"adm1_name":"Amhara","adm3_name":"Denbecha town","adm3_pcode":"ET030717","NewPCODE":"ET030717"}},{"type":null,"properties":{"adm1_name":"Amhara","adm3_name":"Jiga town","adm3_pcode":"ET030720","NewPCODE":"ET030720"}},{"type":null,"properties":{"adm1_name":"Amhara","adm3_name":"Bure town","adm3_pcode":"ET030798","NewPCODE":"ET030798"}},{"arcs":[[737,738,739,740,741]],"type":"Polygon","properties":{"adm1_name":"Amhara","adm3_name":"Zequala","adm3_pcode":"ET030801","NewPCODE":"ET030801"}},{"arcs":[[742,743,-740,744,745,746,747],[748]],"type":"Polygon","properties":{"adm1_name":"Amhara","adm3_name":"Sekota","adm3_pcode":"ET030802","NewPCODE":"ET030802"}},{"arcs":[[749,-741,-744,750,-443,-388]],"type":"Polygon","properties":{"adm1_name":"Amhara","adm3_name":"Dehana","adm3_pcode":"ET030803","NewPCODE":"ET030803"}},{"arcs":[[-484,-444,-751,-743,751]],"type":"Polygon","properties":{"adm1_name":"Amhara","adm3_name":"Gaz Gibla","adm3_pcode":"ET030804","NewPCODE":"ET030804"}},{"arcs":[[-364,-384,-85,-192,-149,-156,752,-745,-739,753]],"type":"Polygon","properties":{"adm1_name":"Amhara","adm3_name":"Abergele (AM)","adm3_pcode":"ET030805","NewPCODE":"ET030805"}},{"arcs":[[-365,-754,-738,754,-368]],"type":"Polygon","properties":{"adm1_name":"Amhara","adm3_name":"Sahila","adm3_pcode":"ET030806","NewPCODE":"ET030806"}},{"arcs":[[-749]],"type":"Polygon","properties":{"adm1_name":"Amhara","adm3_name":"Sekota town","adm3_pcode":"ET030807","NewPCODE":"ET030807"}},{"arcs":[[755,-746,-753,-155,-158,756]],"type":"Polygon","properties":{"adm1_name":"Amhara","adm3_name":"Tsagbeji","adm3_pcode":"ET030808","NewPCODE":"ET030808"}},{"type":null,"properties":{"adm1_name":"Amhara","adm3_name":"Amde Work town","adm3_pcode":"ET030809","NewPCODE":"ET030809"}},{"arcs":[[757,758,759,760,761,762]],"type":"Polygon","properties":{"adm1_name":"Amhara","adm3_name":"Dangila","adm3_pcode":"ET030901","NewPCODE":"ET030901"}},{"arcs":[[763,764,765,-715,766,767,768]],"type":"Polygon","properties":{"adm1_name":"Amhara","adm3_name":"Banja","adm3_pcode":"ET030902","NewPCODE":"ET030902"}},{"arcs":[[769,770,-768,771,-733]],"type":"Polygon","properties":{"adm1_name":"Amhara","adm3_name":"Ankasha","adm3_pcode":"ET030903","NewPCODE":"ET030903"}},{"arcs":[[772,773,-761,774,-769,-771,775,-731,776],[777]],"type":"Polygon","properties":{"adm1_name":"Amhara","adm3_name":"Guangua","adm3_pcode":"ET030904","NewPCODE":"ET030904"}},{"arcs":[[778,-716,-766,779,-764,-775,-760]],"type":"Polygon","properties":{"adm1_name":"Amhara","adm3_name":"Fagta Lakoma","adm3_pcode":"ET030905","NewPCODE":"ET030905"}},{"arcs":[[780,781,782,-763,783,784,785,786]],"type":"Polygon","properties":{"adm1_name":"Amhara","adm3_name":"Jawi","adm3_pcode":"ET030906","NewPCODE":"ET030906"}},{"arcs":[[-772,-767,-714,-728,-734]],"type":"Polygon","properties":{"adm1_name":"Amhara","adm3_name":"Guagusa Shikudad","adm3_pcode":"ET030907","NewPCODE":"ET030907"}},{"arcs":[[-776,-770,-732]],"type":"Polygon","properties":{"adm1_name":"Amhara","adm3_name":"Ayehu Guwagusa","adm3_pcode":"ET030908","NewPCODE":"ET030908"}},{"type":null,"properties":{"adm1_name":"Amhara","adm3_name":"Agew Gimija Bet town","adm3_pcode":"ET030909","NewPCODE":"ET030909"}},{"type":null,"properties":{"adm1_name":"Amhara","adm3_name":"Adiss Kidame town","adm3_pcode":"ET030910","NewPCODE":"ET030910"}},{"type":null,"properties":{"adm1_name":"Amhara","adm3_name":"Tilili town","adm3_pcode":"ET030911","NewPCODE":"ET030911"}},{"type":null,"properties":{"adm1_name":"Amhara","adm3_name":"Fendika town","adm3_pcode":"ET030912","NewPCODE":"ET030912"}},{"arcs":[[-765,-780]],"type":"Polygon","properties":{"adm1_name":"Amhara","adm3_name":"Injibara town","adm3_pcode":"ET030996","NewPCODE":"ET030996"}},{"type":null,"properties":{"adm1_name":"Amhara","adm3_name":"Zigem town","adm3_pcode":"ET030997","NewPCODE":"ET030997"}},{"type":null,"properties":{"adm1_name":"Amhara","adm3_name":"Dangila town","adm3_pcode":"ET030998","NewPCODE":"ET030998"}},{"arcs":[[-778]],"type":"Polygon","properties":{"adm1_name":"Amhara","adm3_name":"Chagni town","adm3_pcode":"ET030999","NewPCODE":"ET030999"}},{"arcs":[[-492,787,788,-593,-589,-521,-514]],"type":"Polygon","properties":{"adm1_name":"Amhara","adm3_name":"Dewa Cheffa","adm3_pcode":"ET031001","NewPCODE":"ET031001"}},{"arcs":[[-244,-331,789,-494,-513,-565,-233]],"type":"Polygon","properties":{"adm1_name":"Amhara","adm3_name":"Bati","adm3_pcode":"ET031002","NewPCODE":"ET031002"}},{"arcs":[[-346,-336,-612,-596,-649,-594,790]],"type":"Polygon","properties":{"adm1_name":"Amhara","adm3_name":"Jilye Tumuga","adm3_pcode":"ET031003","NewPCODE":"ET031003"}},{"arcs":[[-340,-344,-791,-599,-591,-789,791]],"type":"Polygon","properties":{"adm1_name":"Amhara","adm3_name":"Artuma Fursi","adm3_pcode":"ET031004","NewPCODE":"ET031004"}},{"arcs":[[-341,-792,-788,-491,-790]],"type":"Polygon","properties":{"adm1_name":"Amhara","adm3_name":"Dewa Harewa","adm3_pcode":"ET031005","NewPCODE":"ET031005"}},{"type":null,"properties":{"adm1_name":"Amhara","adm3_name":"Kemisie town","adm3_pcode":"ET031006","NewPCODE":"ET031006"}},{"type":null,"properties":{"adm1_name":"Amhara","adm3_name":"Chef Robit town","adm3_pcode":"ET031007","NewPCODE":"ET031007"}},{"type":null,"properties":{"adm1_name":"Amhara","adm3_name":"Senbete town","adm3_pcode":"ET031008","NewPCODE":"ET031008"}},{"type":null,"properties":{"adm1_name":"Amhara","adm3_name":"Bati town","adm3_pcode":"ET031099","NewPCODE":"ET031099"}},{"type":null,"properties":{"adm1_name":"Amhara","adm3_name":"Amba Giorgis town","adm3_pcode":"ET031103","NewPCODE":"ET031103"}},{"type":null,"properties":{"adm1_name":"Amhara","adm3_name":"Shawra town","adm3_pcode":"ET031104","NewPCODE":"ET031104"}},{"type":null,"properties":{"adm1_name":"Amhara","adm3_name":"Kolla Debba town","adm3_pcode":"ET031105","NewPCODE":"ET031105"}},{"arcs":[[792,793,794,795,796]],"type":"Polygon","properties":{"adm1_name":"Amhara","adm3_name":"Chilga 1","adm3_pcode":"ET031106","NewPCODE":"ET031106"}},{"arcs":[[797,798,-375,-379,799,800,801]],"type":"Polygon","properties":{"adm1_name":"Amhara","adm3_name":"Tegede","adm3_pcode":"ET031107","NewPCODE":"ET031107"}},{"arcs":[[802,803,804,805,806,807,-794,808,809]],"type":"Polygon","properties":{"adm1_name":"Amhara","adm3_name":"Lay Armacho","adm3_pcode":"ET031108","NewPCODE":"ET031108"}},{"arcs":[[810,-377,811,812,813,-804]],"type":"Polygon","properties":{"adm1_name":"Amhara","adm3_name":"Wegera","adm3_pcode":"ET031109","NewPCODE":"ET031109"}},{"arcs":[[-814,814,-395,815,816,-805]],"type":"Polygon","properties":{"adm1_name":"Amhara","adm3_name":"Gonder Zuria","adm3_pcode":"ET031110","NewPCODE":"ET031110"}},{"arcs":[[-807,817,-816,-394,818]],"type":"Polygon","properties":{"adm1_name":"Amhara","adm3_name":"East Dembia","adm3_pcode":"ET031111","NewPCODE":"ET031111"}},{"arcs":[[[819,-796,820,821]],[[822,-809,-793,823]]],"type":"MultiPolygon","properties":{"adm1_name":"Amhara","adm3_name":"Chilga 2","adm3_pcode":"ET031112","NewPCODE":"ET031112"}},{"arcs":[[824,825,826,827,828,-782,829]],"type":"Polygon","properties":{"adm1_name":"Amhara","adm3_name":"Alefa","adm3_pcode":"ET031115","NewPCODE":"ET031115"}},{"arcs":[[-815,-813,830,831,-386,-396]],"type":"Polygon","properties":{"adm1_name":"Amhara","adm3_name":"West Belesa","adm3_pcode":"ET031116","NewPCODE":"ET031116"}},{"arcs":[[-369,-755,-742,-750,-387,-832,832]],"type":"Polygon","properties":{"adm1_name":"Amhara","adm3_name":"East Belesa","adm3_pcode":"ET031117","NewPCODE":"ET031117"}},{"arcs":[[-817,-818,-806]],"type":"Polygon","properties":{"adm1_name":"Amhara","adm3_name":"Gondar town","adm3_pcode":"ET031118","NewPCODE":"ET031118"}},{"arcs":[[833,-801,834,-810,-823,835,836]],"type":"Polygon","properties":{"adm1_name":"Amhara","adm3_name":"Masero Denb /Central Armacho","adm3_pcode":"ET031119","NewPCODE":"ET031119"}},{"arcs":[[-800,-378,-811,-803,-835]],"type":"Polygon","properties":{"adm1_name":"Amhara","adm3_name":"Tach Armacho","adm3_pcode":"ET031120","NewPCODE":"ET031120"}},{"arcs":[[837,838,-822,839,840,-825,841]],"type":"Polygon","properties":{"adm1_name":"Amhara","adm3_name":"Takusa","adm3_pcode":"ET031121","NewPCODE":"ET031121"}},{"arcs":[[-373,-370,-833,-831,-812,-376]],"type":"Polygon","properties":{"adm1_name":"Amhara","adm3_name":"Kinfaz Begela","adm3_pcode":"ET031122","NewPCODE":"ET031122"}},{"arcs":[[-821,-795,-808,-819,-398,-399,842,-840]],"type":"Polygon","properties":{"adm1_name":"Amhara","adm3_name":"West Dembiya","adm3_pcode":"ET031125","NewPCODE":"ET031125"}},{"type":null,"properties":{"adm1_name":"Amhara","adm3_name":"Aykel town","adm3_pcode":"ET031199","NewPCODE":"ET031199"}},{"arcs":[[-836,-824,-797,-820,-839,843]],"type":"Polygon","properties":{"adm1_name":"Amhara","adm3_name":"Adagn Ager Chaqo","adm3_pcode":"ET031205","NewPCODE":"ET031205"}},{"arcs":[[844,845,846,847,-802,-834,848,849]],"type":"Polygon","properties":{"adm1_name":"Amhara","adm3_name":"Mirab Armacho","adm3_pcode":"ET031206","NewPCODE":"ET031206"}},{"arcs":[[-849,-837,-844,-838,850,851]],"type":"Polygon","properties":{"adm1_name":"Amhara","adm3_name":"Metema","adm3_pcode":"ET031213","NewPCODE":"ET031213"}},{"arcs":[[-851,-842,-830,-781,852,853]],"type":"Polygon","properties":{"adm1_name":"Amhara","adm3_name":"Quara","adm3_pcode":"ET031214","NewPCODE":"ET031214"}},{"arcs":[[854,-847]],"type":"Polygon","properties":{"adm1_name":"Amhara","adm3_name":"Midre Genet","adm3_pcode":"ET031223","NewPCODE":"ET031223"}},{"type":null,"properties":{"adm1_name":"Amhara","adm3_name":"Metema Yohanes town","adm3_pcode":"ET031224","NewPCODE":"ET031224"}},{"type":null,"properties":{"adm1_name":"Amhara","adm3_name":"Gendawuha town","adm3_pcode":"ET031292","NewPCODE":"ET031292"}},{"arcs":[[855,856,857,-828]],"type":"Polygon","properties":{"adm1_name":"Amhara","adm3_name":"Semen Achefer","adm3_pcode":"ET031301","NewPCODE":"ET031301"}},{"type":null,"properties":{"adm1_name":"Amhara","adm3_name":"Merawi town","adm3_pcode":"ET031302","NewPCODE":"ET031302"}},{"arcs":[[-435,858,-720,-710,859,860]],"type":"Polygon","properties":{"adm1_name":"Amhara","adm3_name":"Yilmana Densa","adm3_pcode":"ET031303","NewPCODE":"ET031303"}},{"arcs":[[-857,861,862,863,864,865]],"type":"Polygon","properties":{"adm1_name":"Amhara","adm3_name":"Mecha","adm3_pcode":"ET031304","NewPCODE":"ET031304"}},{"arcs":[[-829,-858,-866,866,-758,-783]],"type":"Polygon","properties":{"adm1_name":"Amhara","adm3_name":"Debub Achefer","adm3_pcode":"ET031305","NewPCODE":"ET031305"}},{"arcs":[[-867,-865,867,-860,-709,-779,-759]],"type":"Polygon","properties":{"adm1_name":"Amhara","adm3_name":"Debub Mecha","adm3_pcode":"ET031306","NewPCODE":"ET031306"}},{"arcs":[[-434,-438,-661,-721,-717,-859]],"type":"Polygon","properties":{"adm1_name":"Amhara","adm3_name":"Gonje","adm3_pcode":"ET031307","NewPCODE":"ET031307"}},{"type":null,"properties":{"adm1_name":"Amhara","adm3_name":"Dure Bete","adm3_pcode":"ET031308","NewPCODE":"ET031308"}},{"type":null,"properties":{"adm1_name":"Amhara","adm3_name":"Adete town","adm3_pcode":"ET031309","NewPCODE":"ET031309"}},{"arcs":[[868,-431,869,-436,-861,-868,-864,870,-862,-856,-827],[871,872]],"type":"Polygon","properties":{"adm1_name":"Amhara","adm3_name":"Bahir Dar Zuria","adm3_pcode":"ET031310","NewPCODE":"ET031310"}},{"arcs":[[873,-872]],"type":"Polygon","properties":{"adm1_name":"Amhara","adm3_name":"Bahir Dar town","adm3_pcode":"ET031401","NewPCODE":"ET031401"}},{"arcs":[[-874,-873]],"type":"Polygon","properties":{"adm1_name":"Amhara","adm3_name":"Zege town","adm3_pcode":"ET031403","NewPCODE":"ET031403"}},{"arcs":[[-841,-843,-403,-432,-869,-826]],"type":"Polygon","properties":{"adm1_name":"Amhara","adm3_name":"Deq","adm3_pcode":"ET031404","NewPCODE":"ET031404"}},{"arcs":[[-863,-871]],"type":"Polygon","properties":{"adm1_name":"Amhara","adm3_name":"Meshenti town","adm3_pcode":"ET031405","NewPCODE":"ET031405"}},{"arcs":[[-430,-870]],"type":"Polygon","properties":{"adm1_name":"Amhara","adm3_name":"Tis Abay town","adm3_pcode":"ET031406","NewPCODE":"ET031406"}},{"arcs":[[874,875,876,877,878,879],[880]],"type":"Polygon","properties":{"adm1_name":"Oromia","adm3_name":"Mana Sibu","adm3_pcode":"ET040101","NewPCODE":"ET040101"}},{"arcs":[[881,882,883,884,885],[886]],"type":"Polygon","properties":{"adm1_name":"Oromia","adm3_name":"Nejo","adm3_pcode":"ET040102","NewPCODE":"ET040102"}},{"arcs":[[[887,888,889,890,891,892],[893]],[[894,895]]],"type":"MultiPolygon","properties":{"adm1_name":"Oromia","adm3_name":"Gimbi","adm3_pcode":"ET040103","NewPCODE":"ET040103"}},{"arcs":[[-892,896,897,898,899,900,901]],"type":"Polygon","properties":{"adm1_name":"Oromia","adm3_name":"Lalo Asabi","adm3_pcode":"ET040104","NewPCODE":"ET040104"}},{"arcs":[[902,903,904,-875,905]],"type":"Polygon","properties":{"adm1_name":"Oromia","adm3_name":"Kiltu Kara","adm3_pcode":"ET040105","NewPCODE":"ET040105"}},{"arcs":[[906,-901,907,-882]],"type":"Polygon","properties":{"adm1_name":"Oromia","adm3_name":"Boji Dirmeji","adm3_pcode":"ET040106","NewPCODE":"ET040106"}},{"arcs":[[908,909,910,911,912,913]],"type":"Polygon","properties":{"adm1_name":"Oromia","adm3_name":"Ayira","adm3_pcode":"ET040107","NewPCODE":"ET040107"}},{"arcs":[[914,-884,915,916,917]],"type":"Polygon","properties":{"adm1_name":"Oromia","adm3_name":"Jarso (West Wellega)","adm3_pcode":"ET040108","NewPCODE":"ET040108"}},{"arcs":[[918,919,-877,920,921,922]],"type":"Polygon","properties":{"adm1_name":"Oromia","adm3_name":"Gudetu Kondole","adm3_pcode":"ET040109","NewPCODE":"ET040109"}},{"arcs":[[-908,-900,923,-916,-883]],"type":"Polygon","properties":{"adm1_name":"Oromia","adm3_name":"Boji Chekorsa","adm3_pcode":"ET040110","NewPCODE":"ET040110"}},{"arcs":[[-905,924,-918,925,926,-921,-876]],"type":"Polygon","properties":{"adm1_name":"Oromia","adm3_name":"Babo","adm3_pcode":"ET040111","NewPCODE":"ET040111"}},{"arcs":[[927,928,929,930,-911]],"type":"Polygon","properties":{"adm1_name":"Oromia","adm3_name":"Yubdo","adm3_pcode":"ET040112","NewPCODE":"ET040112"}},{"arcs":[[-898,931,932,933,-929,934]],"type":"Polygon","properties":{"adm1_name":"Oromia","adm3_name":"Gaji","adm3_pcode":"ET040113","NewPCODE":"ET040113"}},{"arcs":[[935,936,937,938,-933,939,-890]],"type":"Polygon","properties":{"adm1_name":"Oromia","adm3_name":"Haru","adm3_pcode":"ET040114","NewPCODE":"ET040114"}},{"arcs":[[940,-938,941,942]],"type":"Polygon","properties":{"adm1_name":"Oromia","adm3_name":"Nole Kaba","adm3_pcode":"ET040115","NewPCODE":"ET040115"}},{"arcs":[[943,944,-919,945]],"type":"Polygon","properties":{"adm1_name":"Oromia","adm3_name":"Begi","adm3_pcode":"ET040116","NewPCODE":"ET040116"}},{"arcs":[[-891,-940,-932,-897]],"type":"Polygon","properties":{"adm1_name":"Oromia","adm3_name":"Homa","adm3_pcode":"ET040117","NewPCODE":"ET040117"}},{"arcs":[[946,-930,-934,-939,-941,947,948]],"type":"Polygon","properties":{"adm1_name":"Oromia","adm3_name":"Sayo Nole","adm3_pcode":"ET040118","NewPCODE":"ET040118"}},{"arcs":[[-926,-917,-924,-899,-935,-928,-910,949]],"type":"Polygon","properties":{"adm1_name":"Oromia","adm3_name":"Guliso","adm3_pcode":"ET040119","NewPCODE":"ET040119"}},{"arcs":[[-894]],"type":"Polygon","properties":{"adm1_name":"Oromia","adm3_name":"Gimbi town","adm3_pcode":"ET040193","NewPCODE":"ET040193"}},{"arcs":[[950,-885,-915,-925,-904]],"type":"Polygon","properties":{"adm1_name":"Oromia","adm3_name":"Leta Sibu","adm3_pcode":"ET040197","NewPCODE":"ET040197"}},{"arcs":[[-881]],"type":"Polygon","properties":{"adm1_name":"Oromia","adm3_name":"Mendi town","adm3_pcode":"ET040198","NewPCODE":"ET040198"}},{"arcs":[[-887]],"type":"Polygon","properties":{"adm1_name":"Oromia","adm3_name":"Nejo town","adm3_pcode":"ET040199","NewPCODE":"ET040199"}},{"arcs":[[951,952,953,954,955]],"type":"Polygon","properties":{"adm1_name":"Oromia","adm3_name":"Limu (OR)","adm3_pcode":"ET040201","NewPCODE":"ET040201"}},{"arcs":[[956,-953,957,958]],"type":"Polygon","properties":{"adm1_name":"Oromia","adm3_name":"Ibantu","adm3_pcode":"ET040202","NewPCODE":"ET040202"}},{"arcs":[[959,960,961,-954,-957,962]],"type":"Polygon","properties":{"adm1_name":"Oromia","adm3_name":"Gida Ayana","adm3_pcode":"ET040203","NewPCODE":"ET040203"}},{"arcs":[[-958,-952,963,964]],"type":"Polygon","properties":{"adm1_name":"Oromia","adm3_name":"Haro Limu","adm3_pcode":"ET040204","NewPCODE":"ET040204"}},{"arcs":[[965,966,967,968,969,970]],"type":"Polygon","properties":{"adm1_name":"Oromia","adm3_name":"Boneya Boshe","adm3_pcode":"ET040205","NewPCODE":"ET040205"}},{"arcs":[[971,972,973,974,975,976,977]],"type":"Polygon","properties":{"adm1_name":"Oromia","adm3_name":"Wayu Tuka","adm3_pcode":"ET040206","NewPCODE":"ET040206"}},{"arcs":[[978,979,980,981,982,983,984]],"type":"Polygon","properties":{"adm1_name":"Oromia","adm3_name":"Bila Seyo","adm3_pcode":"ET040207","NewPCODE":"ET040207"}},{"arcs":[[-983,985,-966,986]],"type":"Polygon","properties":{"adm1_name":"Oromia","adm3_name":"Gobu Seyo","adm3_pcode":"ET040208","NewPCODE":"ET040208"}},{"arcs":[[-984,-987,-971,987,-972,988]],"type":"Polygon","properties":{"adm1_name":"Oromia","adm3_name":"Sibu Sire","adm3_pcode":"ET040209","NewPCODE":"ET040209"}},{"arcs":[[989,990,991,992,993,994,995]],"type":"Polygon","properties":{"adm1_name":"Oromia","adm3_name":"Diga","adm3_pcode":"ET040210","NewPCODE":"ET040210"}},{"arcs":[[996,-990,997]],"type":"Polygon","properties":{"adm1_name":"Oromia","adm3_name":"Sasiga","adm3_pcode":"ET040211","NewPCODE":"ET040211"}},{"arcs":[[-994,998,-975,999,1000,1001,1002]],"type":"Polygon","properties":{"adm1_name":"Oromia","adm3_name":"Leka Dulecha","adm3_pcode":"ET040212","NewPCODE":"ET040212"}},{"arcs":[[[-955,-962,1003,-985,-989,-978,1004,-991,-997,1005]],[[1006,-976,-999,-993]]],"type":"MultiPolygon","properties":{"adm1_name":"Oromia","adm3_name":"Guto Gida","adm3_pcode":"ET040213","NewPCODE":"ET040213"}},{"arcs":[[-1001,1007,1008,1009,1010]],"type":"Polygon","properties":{"adm1_name":"Oromia","adm3_name":"Jimma Arjo","adm3_pcode":"ET040214","NewPCODE":"ET040214"}},{"arcs":[[-974,1011,1012,1013,1014,-1008,-1000]],"type":"Polygon","properties":{"adm1_name":"Oromia","adm3_name":"Nunu Kumba","adm3_pcode":"ET040215","NewPCODE":"ET040215"}},{"arcs":[[-988,-970,1015,1016,-1012,-973]],"type":"Polygon","properties":{"adm1_name":"Oromia","adm3_name":"Wama Hagalo","adm3_pcode":"ET040216","NewPCODE":"ET040216"}},{"arcs":[[-736,1017,1018,1019,-960,1020]],"type":"Polygon","properties":{"adm1_name":"Oromia","adm3_name":"Kiremu","adm3_pcode":"ET040217","NewPCODE":"ET040217"}},{"arcs":[[-1005,-977,-1007,-992]],"type":"Polygon","properties":{"adm1_name":"Oromia","adm3_name":"Nekemte town","adm3_pcode":"ET040297","NewPCODE":"ET040297"}},{"arcs":[[1021,1022,1023,-949,1024,1025,1026,1027]],"type":"Polygon","properties":{"adm1_name":"Oromia","adm3_name":"Darimu","adm3_pcode":"ET040301","NewPCODE":"ET040301"}},{"arcs":[[-948,-943,1028,1029,1030,1031,1032,-1025]],"type":"Polygon","properties":{"adm1_name":"Oromia","adm3_name":"Alge Sachi","adm3_pcode":"ET040302","NewPCODE":"ET040302"}},{"arcs":[[1033,1034,1035,1036,1037]],"type":"Polygon","properties":{"adm1_name":"Oromia","adm3_name":"Yayu","adm3_pcode":"ET040309","NewPCODE":"ET040309"}},{"arcs":[[1038,-1027,1039,1040,1041,1042,1043,1044],[1045]],"type":"Polygon","properties":{"adm1_name":"Oromia","adm3_name":"Metu Zuria","adm3_pcode":"ET040310","NewPCODE":"ET040310"}},{"arcs":[[1046,-1043,1047,1048]],"type":"Polygon","properties":{"adm1_name":"Oromia","adm3_name":"Ale","adm3_pcode":"ET040311","NewPCODE":"ET040311"}},{"arcs":[[1049,1050,-1045,1051,1052,1053]],"type":"Polygon","properties":{"adm1_name":"Oromia","adm3_name":"Bure (OR)","adm3_pcode":"ET040312","NewPCODE":"ET040312"}},{"arcs":[[1054,-1053,1055,1056,1057,1058,1059,1060]],"type":"Polygon","properties":{"adm1_name":"Oromia","adm3_name":"Sale Nono","adm3_pcode":"ET040313","NewPCODE":"ET040313"}},{"arcs":[[-1048,-1042,1061,1062,1063]],"type":"Polygon","properties":{"adm1_name":"Oromia","adm3_name":"Becho (Ilu Aba Bora)","adm3_pcode":"ET040314","NewPCODE":"ET040314"}},{"arcs":[[-1026,-1033,1064,1065,-1040]],"type":"Polygon","properties":{"adm1_name":"Oromia","adm3_name":"Bilo Nopha","adm3_pcode":"ET040315","NewPCODE":"ET040315"}},{"arcs":[[-1066,1066,-1038,1067,1068,-1062,-1041]],"type":"Polygon","properties":{"adm1_name":"Oromia","adm3_name":"Hurumu","adm3_pcode":"ET040316","NewPCODE":"ET040316"}},{"arcs":[[1069,-1049,-1064,1070,1071,1072,-1057]],"type":"Polygon","properties":{"adm1_name":"Oromia","adm3_name":"Didu","adm3_pcode":"ET040317","NewPCODE":"ET040317"}},{"arcs":[[-1052,-1044,-1047,-1070,-1056]],"type":"Polygon","properties":{"adm1_name":"Oromia","adm3_name":"Halu /Huka","adm3_pcode":"ET040319","NewPCODE":"ET040319"}},{"arcs":[[-1046]],"type":"Polygon","properties":{"adm1_name":"Oromia","adm3_name":"Metu town","adm3_pcode":"ET040320","NewPCODE":"ET040320"}},{"arcs":[[-1065,-1032,1073,-1034,-1067]],"type":"Polygon","properties":{"adm1_name":"Oromia","adm3_name":"Dorani","adm3_pcode":"ET040324","NewPCODE":"ET040324"}},{"arcs":[[1074,-1013,-1017,1075,1076,1077,1078]],"type":"Polygon","properties":{"adm1_name":"Oromia","adm3_name":"Limu Seka","adm3_pcode":"ET040401","NewPCODE":"ET040401"}},{"arcs":[[-1078,1079,1080,1081,1082,1083,1084,1085]],"type":"Polygon","properties":{"adm1_name":"Oromia","adm3_name":"Limu Kosa","adm3_pcode":"ET040402","NewPCODE":"ET040402"}},{"arcs":[[[1086,1087,1088,1089,1090,1091,1092]],[[1093,1094,1095,1096]]],"type":"MultiPolygon","properties":{"adm1_name":"Oromia","adm3_name":"Sekoru","adm3_pcode":"ET040403","NewPCODE":"ET040403"}},{"arcs":[[1097,-1082,1098,-1088,1099,-1094,1100]],"type":"Polygon","properties":{"adm1_name":"Oromia","adm3_name":"Tiro Afeta","adm3_pcode":"ET040404","NewPCODE":"ET040404"}},{"arcs":[[1101,1102,1103,-1083,-1098,1104,1105]],"type":"Polygon","properties":{"adm1_name":"Oromia","adm3_name":"Kersa (Jimma)","adm3_pcode":"ET040405","NewPCODE":"ET040405"}},{"arcs":[[1106,-1084,-1104,1107,1108]],"type":"Polygon","properties":{"adm1_name":"Oromia","adm3_name":"Mena (Jimma)","adm3_pcode":"ET040406","NewPCODE":"ET040406"}},{"arcs":[[1109,1110,1111,-1085,-1107,1112],[1113]],"type":"Polygon","properties":{"adm1_name":"Oromia","adm3_name":"Goma","adm3_pcode":"ET040407","NewPCODE":"ET040407"}},{"arcs":[[1114,1115,1116,1117,-1110,1118,1119,1120]],"type":"Polygon","properties":{"adm1_name":"Oromia","adm3_name":"Gera","adm3_pcode":"ET040408","NewPCODE":"ET040408"}},{"arcs":[[1121,-1119,-1113,-1109,1122,1123,1124]],"type":"Polygon","properties":{"adm1_name":"Oromia","adm3_name":"Seka Chekorsa","adm3_pcode":"ET040409","NewPCODE":"ET040409"}},{"arcs":[[-1124,1125,-1102,1126,1127,1128]],"type":"Polygon","properties":{"adm1_name":"Oromia","adm3_name":"Dedo","adm3_pcode":"ET040410","NewPCODE":"ET040410"}},{"arcs":[[-1105,-1101,-1097,1129,1130,1131]],"type":"Polygon","properties":{"adm1_name":"Oromia","adm3_name":"Omo Nada","adm3_pcode":"ET040411","NewPCODE":"ET040411"}},{"arcs":[[-1068,-1037,1132,-1116,1133]],"type":"Polygon","properties":{"adm1_name":"Oromia","adm3_name":"Sigmo","adm3_pcode":"ET040412","NewPCODE":"ET040412"}},{"arcs":[[-1036,1134,1135,1136,-1117,-1133]],"type":"Polygon","properties":{"adm1_name":"Oromia","adm3_name":"Setema","adm3_pcode":"ET040413","NewPCODE":"ET040413"}},{"arcs":[[1137,-1120,-1122,1138]],"type":"Polygon","properties":{"adm1_name":"Oromia","adm3_name":"Shebe Sambo","adm3_pcode":"ET040414","NewPCODE":"ET040414"}},{"arcs":[[-1077,1139,1140,1141,1142,-1080]],"type":"Polygon","properties":{"adm1_name":"Oromia","adm3_name":"Chora (Jimma)","adm3_pcode":"ET040415","NewPCODE":"ET040415"}},{"arcs":[[-1137,1143,-1111,-1118]],"type":"Polygon","properties":{"adm1_name":"Oromia","adm3_name":"Gumay","adm3_pcode":"ET040416","NewPCODE":"ET040416"}},{"arcs":[[-1114]],"type":"Polygon","properties":{"adm1_name":"Oromia","adm3_name":"Agaro town","adm3_pcode":"ET040417","NewPCODE":"ET040417"}},{"arcs":[[-1123,-1108,-1103,-1126]],"type":"Polygon","properties":{"adm1_name":"Oromia","adm3_name":"Jimma town","adm3_pcode":"ET040418","NewPCODE":"ET040418"}},{"arcs":[[1144,-1127,-1106,-1132,1145,1146,1147]],"type":"Polygon","properties":{"adm1_name":"Oromia","adm3_name":"Mancho","adm3_pcode":"ET040490","NewPCODE":"ET040490"}},{"arcs":[[-1146,-1131,1148,1149,1150,1151]],"type":"Polygon","properties":{"adm1_name":"Oromia","adm3_name":"Omo Beyam","adm3_pcode":"ET040491","NewPCODE":"ET040491"}},{"arcs":[[-1143,1152,1153,-1089,-1099,-1081]],"type":"Polygon","properties":{"adm1_name":"Oromia","adm3_name":"Botor Tolay","adm3_pcode":"ET040495","NewPCODE":"ET040495"}},{"arcs":[[-969,1154,1155,-1140,-1076,-1016]],"type":"Polygon","properties":{"adm1_name":"Oromia","adm3_name":"Nono Benja","adm3_pcode":"ET040499","NewPCODE":"ET040499"}},{"arcs":[[1156,1157,1158,-1155,-968]],"type":"Polygon","properties":{"adm1_name":"Oromia","adm3_name":"Illu Galan","adm3_pcode":"ET040500","NewPCODE":"ET040500"}},{"arcs":[[1159,-697,1160,1161,1162,1163,1164]],"type":"Polygon","properties":{"adm1_name":"Oromia","adm3_name":"Ginde Beret","adm3_pcode":"ET040501","NewPCODE":"ET040501"}},{"arcs":[[1165,1166,1167,1168,1169,1170,1171]],"type":"Polygon","properties":{"adm1_name":"Oromia","adm3_name":"Jeldu","adm3_pcode":"ET040502","NewPCODE":"ET040502"}},{"arcs":[[-1163,1172,1173,1174,1175,1176,1177,1178,1179]],"type":"Polygon","properties":{"adm1_name":"Oromia","adm3_name":"Ambo Zuria","adm3_pcode":"ET040503","NewPCODE":"ET040503"}},{"arcs":[[-1164,-1180,1180,1181,1182,1183,1184,1185]],"type":"Polygon","properties":{"adm1_name":"Oromia","adm3_name":"Mida Kegn","adm3_pcode":"ET040504","NewPCODE":"ET040504"}},{"arcs":[[1186,-1183,1187,1188,-1158,1189]],"type":"Polygon","properties":{"adm1_name":"Oromia","adm3_name":"Cheliya","adm3_pcode":"ET040505","NewPCODE":"ET040505"}},{"arcs":[[1190,1191,-1190,-1157,-967,-986,-982]],"type":"Polygon","properties":{"adm1_name":"Oromia","adm3_name":"Bako Tibe","adm3_pcode":"ET040506","NewPCODE":"ET040506"}},{"arcs":[[-1159,-1189,1192,1193,1194,-1141,-1156]],"type":"Polygon","properties":{"adm1_name":"Oromia","adm3_name":"Dano","adm3_pcode":"ET040507","NewPCODE":"ET040507"}},{"arcs":[[-1142,-1195,1195,1196,1197,-1153]],"type":"Polygon","properties":{"adm1_name":"Oromia","adm3_name":"Nono","adm3_pcode":"ET040508","NewPCODE":"ET040508"}},{"arcs":[[1198,1199,1200,1201]],"type":"Polygon","properties":{"adm1_name":"Oromia","adm3_name":"Tikur Enchini","adm3_pcode":"ET040509","NewPCODE":"ET040509"}},{"arcs":[[1202,-1170,1203,1204,1205,-1175]],"type":"Polygon","properties":{"adm1_name":"Oromia","adm3_name":"Dendi","adm3_pcode":"ET040510","NewPCODE":"ET040510"}},{"arcs":[[1206,1207,1208,1209,1210,1211,1212,1213,-1168]],"type":"Polygon","properties":{"adm1_name":"Oromia","adm3_name":"Ejere /Addis Alem","adm3_pcode":"ET040511","NewPCODE":"ET040511"}},{"arcs":[[1214,1215,1216,-1210]],"type":"Polygon","properties":{"adm1_name":"Oromia","adm3_name":"Holeta town","adm3_pcode":"ET040512","NewPCODE":"ET040512"}},{"arcs":[[1217,1218,1219,1220,1221,1222,1223,-1208,1224]],"type":"Polygon","properties":{"adm1_name":"Oromia","adm3_name":"Adda Berga","adm3_pcode":"ET040513","NewPCODE":"ET040513"}},{"arcs":[[1225,-1225,-1207,-1167,1226]],"type":"Polygon","properties":{"adm1_name":"Oromia","adm3_name":"Meta Robi","adm3_pcode":"ET040514","NewPCODE":"ET040514"}},{"arcs":[[-1178,1227]],"type":"Polygon","properties":{"adm1_name":"Oromia","adm3_name":"Ambo town","adm3_pcode":"ET040515","NewPCODE":"ET040515"}},{"arcs":[[-696,-708,1228,1229,1230,-1227,-1166,1231,-1161]],"type":"Polygon","properties":{"adm1_name":"Oromia","adm3_name":"Abuna Ginde Beret","adm3_pcode":"ET040516","NewPCODE":"ET040516"}},{"arcs":[[-1179,-1228,-1177,1232,1233,-1199,1234,-1181]],"type":"Polygon","properties":{"adm1_name":"Oromia","adm3_name":"Toke Kutaye","adm3_pcode":"ET040517","NewPCODE":"ET040517"}},{"arcs":[[1235,-1201,1236,-1196,-1194]],"type":"Polygon","properties":{"adm1_name":"Oromia","adm3_name":"Jibat","adm3_pcode":"ET040518","NewPCODE":"ET040518"}},{"arcs":[[1237,-1171,-1203,-1174]],"type":"Polygon","properties":{"adm1_name":"Oromia","adm3_name":"Ifata","adm3_pcode":"ET040519","NewPCODE":"ET040519"}},{"arcs":[[[-1224,1238,1239,1240,1241,1242,-1215,-1209]],[[-1217,1243,1244,1245,-1211]]],"type":"MultiPolygon","properties":{"adm1_name":"Oromia","adm3_name":"Welmera","adm3_pcode":"ET040520","NewPCODE":"ET040520"}},{"arcs":[[-1169,-1214,1246,1247,-1204]],"type":"Polygon","properties":{"adm1_name":"Oromia","adm3_name":"Ejersa Lafo","adm3_pcode":"ET040590","NewPCODE":"ET040590"}},{"arcs":[[-1232,-1172,-1238,-1173,-1162]],"type":"Polygon","properties":{"adm1_name":"Oromia","adm3_name":"Cobi","adm3_pcode":"ET040592","NewPCODE":"ET040592"}},{"arcs":[[1248,-1218,-1226,-1231]],"type":"Polygon","properties":{"adm1_name":"Oromia","adm3_name":"Meta Walkite","adm3_pcode":"ET040594","NewPCODE":"ET040594"}},{"arcs":[[-1182,-1235,-1202,-1236,-1193,-1188]],"type":"Polygon","properties":{"adm1_name":"Oromia","adm3_name":"Liban Jawi","adm3_pcode":"ET040597","NewPCODE":"ET040597"}},{"arcs":[[-700,-703,-705,1249,1250,1251,-1229,-707]],"type":"Polygon","properties":{"adm1_name":"Oromia","adm3_name":"Wara Jarso","adm3_pcode":"ET040601","NewPCODE":"ET040601"}},{"arcs":[[-560,-549,-567,-574,1252,-1250,-704]],"type":"Polygon","properties":{"adm1_name":"Oromia","adm3_name":"Dera (OR)","adm3_pcode":"ET040602","NewPCODE":"ET040602"}},{"arcs":[[-1253,-573,1253,1254,-1251]],"type":"Polygon","properties":{"adm1_name":"Oromia","adm3_name":"Hidabu Abote","adm3_pcode":"ET040603","NewPCODE":"ET040603"}},{"arcs":[[-1252,-1255,1255,-1219,-1249,-1230],[1256]],"type":"Polygon","properties":{"adm1_name":"Oromia","adm3_name":"Kuyu","adm3_pcode":"ET040604","NewPCODE":"ET040604"}},{"arcs":[[1257,1258,-1220,-1256,-1254,-572]],"type":"Polygon","properties":{"adm1_name":"Oromia","adm3_name":"Degem","adm3_pcode":"ET040605","NewPCODE":"ET040605"}},{"arcs":[[-579,1259,1260,-1258,-571]],"type":"Polygon","properties":{"adm1_name":"Oromia","adm3_name":"Gerar Jarso","adm3_pcode":"ET040606","NewPCODE":"ET040606"}},{"arcs":[[-578,1261,1262,-1260]],"type":"Polygon","properties":{"adm1_name":"Oromia","adm3_name":"Debre Libanos","adm3_pcode":"ET040607","NewPCODE":"ET040607"}},{"arcs":[[1263,1264,1265,1266,-1262,-577,-646]],"type":"Polygon","properties":{"adm1_name":"Oromia","adm3_name":"Wuchale","adm3_pcode":"ET040608","NewPCODE":"ET040608"}},{"arcs":[[-620,1267,1268,-1264,-645,-641]],"type":"Polygon","properties":{"adm1_name":"Oromia","adm3_name":"Abichugna Gne'a","adm3_pcode":"ET040609","NewPCODE":"ET040609"}},{"arcs":[[-619,1269,-617,-631,-648,1270,1271,-1268]],"type":"Polygon","properties":{"adm1_name":"Oromia","adm3_name":"Kimbibit","adm3_pcode":"ET040610","NewPCODE":"ET040610"}},{"arcs":[[-1270,-618]],"type":"Polygon","properties":{"adm1_name":"Oromia","adm3_name":"Sheno town","adm3_pcode":"ET040611","NewPCODE":"ET040611"}},{"type":null,"properties":{"adm1_name":"Oromia","adm3_name":"Fiche town","adm3_pcode":"ET040613","NewPCODE":"ET040613"}},{"arcs":[[-1261,-1263,-1267,1272,-1221,-1259]],"type":"Polygon","properties":{"adm1_name":"Oromia","adm3_name":"Yaya Gulele","adm3_pcode":"ET040614","NewPCODE":"ET040614"}},{"arcs":[[-1272,1273,1274,1275,-1265,-1269]],"type":"Polygon","properties":{"adm1_name":"Oromia","adm3_name":"Jida","adm3_pcode":"ET040615","NewPCODE":"ET040615"}},{"arcs":[[-1257]],"type":"Polygon","properties":{"adm1_name":"Oromia","adm3_name":"Garba Guracha","adm3_pcode":"ET040616","NewPCODE":"ET040616"}},{"arcs":[[1276,1277,1278,1279,-1274,-1271,-647,-629]],"type":"Polygon","properties":{"adm1_name":"Oromia","adm3_name":"Aleltu","adm3_pcode":"ET040617","NewPCODE":"ET040617"}},{"arcs":[[[-1280,1280,1281,1282,1283,-1275]],[[1284,1285,1286,1287,1288,1289,-1278]]],"type":"MultiPolygon","properties":{"adm1_name":"Oromia","adm3_name":"Bereh","adm3_pcode":"ET040619","NewPCODE":"ET040619"}},{"arcs":[[-1276,-1284,1290,-1240,1291,-1222,-1273,-1266],[1292]],"type":"Polygon","properties":{"adm1_name":"Oromia","adm3_name":"Sululta (OR)","adm3_pcode":"ET040620","NewPCODE":"ET040620"}},{"arcs":[[-1293]],"type":"Polygon","properties":{"adm1_name":"Oromia","adm3_name":"Chancho town","adm3_pcode":"ET040621","NewPCODE":"ET040621"}},{"arcs":[[-1292,-1239,-1223]],"type":"Polygon","properties":{"adm1_name":"Oromia","adm3_name":"Mulo","adm3_pcode":"ET040622","NewPCODE":"ET040622"}},{"arcs":[[-1290,1293,-1281,-1279]],"type":"Polygon","properties":{"adm1_name":"Oromia","adm3_name":"Sendafa town","adm3_pcode":"ET040623","NewPCODE":"ET040623"}},{"arcs":[[1294,1295,1296,1297,-635,-633,-280,1298]],"type":"Polygon","properties":{"adm1_name":"Oromia","adm3_name":"Fentale","adm3_pcode":"ET040701","NewPCODE":"ET040701"}},{"arcs":[[1299,1300,1301,1302,1303,1304,-636,-1298]],"type":"Polygon","properties":{"adm1_name":"Oromia","adm3_name":"Boset","adm3_pcode":"ET040702","NewPCODE":"ET040702"}},{"arcs":[[[1305,1306,1307,1308,1309]],[[-1305,1310,1311,-637]]],"type":"MultiPolygon","properties":{"adm1_name":"Oromia","adm3_name":"Adama","adm3_pcode":"ET040703","NewPCODE":"ET040703"}},{"arcs":[[-1312,1312,-1308,1313,1314,1315,1316,1317,1318,-638],[1319]],"type":"Polygon","properties":{"adm1_name":"Oromia","adm3_name":"Lome (OR)","adm3_pcode":"ET040704","NewPCODE":"ET040704"}},{"arcs":[[-639,-1319,1320,-1285,-1277,-628]],"type":"Polygon","properties":{"adm1_name":"Oromia","adm3_name":"Gimbichu","adm3_pcode":"ET040705","NewPCODE":"ET040705"}},{"arcs":[[[-1318,1321,-1286,-1321]],[[1322,1323,1324,-1316]]],"type":"MultiPolygon","properties":{"adm1_name":"Oromia","adm3_name":"Ada'a","adm3_pcode":"ET040706","NewPCODE":"ET040706"}},{"arcs":[[1325,1326,1327,1328,1329,1330,1331,1332,1333,1334]],"type":"Polygon","properties":{"adm1_name":"Oromia","adm3_name":"Dugda","adm3_pcode":"ET040707","NewPCODE":"ET040707"}},{"arcs":[[1335,1336,1337,1338,1339,1340,1341,-1328,1342,-1326,1343,1344]],"type":"Polygon","properties":{"adm1_name":"Oromia","adm3_name":"Adama Tulu Jido Kombolcha","adm3_pcode":"ET040708","NewPCODE":"ET040708"}},{"arcs":[[-1325,1345,1346,1347,-1287,-1322,-1317]],"type":"Polygon","properties":{"adm1_name":"Oromia","adm3_name":"Bishoftu town","adm3_pcode":"ET040709","NewPCODE":"ET040709"}},{"arcs":[[-1334,1348,-1314,1349,1350]],"type":"Polygon","properties":{"adm1_name":"Oromia","adm3_name":"Bora (OR)","adm3_pcode":"ET040710","NewPCODE":"ET040710"}},{"arcs":[[-1333,1351,1352,-1323,-1315,-1349]],"type":"Polygon","properties":{"adm1_name":"Oromia","adm3_name":"Liben Chukala","adm3_pcode":"ET040711","NewPCODE":"ET040711"}},{"arcs":[[1353,1354,1355,1356,-1346,-1324,-1353]],"type":"Polygon","properties":{"adm1_name":"Oromia","adm3_name":"Akaki","adm3_pcode":"ET040712","NewPCODE":"ET040712"}},{"arcs":[[-1309,-1313,-1311,-1304,1357]],"type":"Polygon","properties":{"adm1_name":"Oromia","adm3_name":"Adama town","adm3_pcode":"ET040714","NewPCODE":"ET040714"}},{"arcs":[[-1320]],"type":"Polygon","properties":{"adm1_name":"Oromia","adm3_name":"Mojo town","adm3_pcode":"ET040797","NewPCODE":"ET040797"}},{"arcs":[[-1327,-1343]],"type":"Polygon","properties":{"adm1_name":"Oromia","adm3_name":"Batu town","adm3_pcode":"ET040798","NewPCODE":"ET040798"}},{"type":null,"properties":{"adm1_name":"Oromia","adm3_name":"Metehara town","adm3_pcode":"ET040799","NewPCODE":"ET040799"}},{"arcs":[[1358,1359,1360,-1300,-1297]],"type":"Polygon","properties":{"adm1_name":"Oromia","adm3_name":"Merti","adm3_pcode":"ET040801","NewPCODE":"ET040801"}},{"arcs":[[1361,1362,-1359,-1296,1363,1364]],"type":"Polygon","properties":{"adm1_name":"Oromia","adm3_name":"Aseko","adm3_pcode":"ET040802","NewPCODE":"ET040802"}},{"arcs":[[1365,1366,1367,-1362,1368,1369]],"type":"Polygon","properties":{"adm1_name":"Oromia","adm3_name":"Golocha","adm3_pcode":"ET040803","NewPCODE":"ET040803"}},{"arcs":[[1370,1371,-1301,-1361,1372,1373]],"type":"Polygon","properties":{"adm1_name":"Oromia","adm3_name":"Jeju","adm3_pcode":"ET040804","NewPCODE":"ET040804"}},{"arcs":[[[1374,-1310,-1358,-1303,1375,1376],[1377]],[[1378,-1350,-1307,1379]]],"type":"MultiPolygon","properties":{"adm1_name":"Oromia","adm3_name":"Dodota","adm3_pcode":"ET040805","NewPCODE":"ET040805"}},{"arcs":[[-1344,-1335,-1351,-1379,1380,1381,1382]],"type":"Polygon","properties":{"adm1_name":"Oromia","adm3_name":"Ziway Dugda","adm3_pcode":"ET040806","NewPCODE":"ET040806"}},{"arcs":[[1383,1384,-1381,-1380,-1306,-1375,1385]],"type":"Polygon","properties":{"adm1_name":"Oromia","adm3_name":"Hitosa","adm3_pcode":"ET040807","NewPCODE":"ET040807"}},{"arcs":[[1386,-1374,1387,1388,1389,1390]],"type":"Polygon","properties":{"adm1_name":"Oromia","adm3_name":"Sude","adm3_pcode":"ET040808","NewPCODE":"ET040808"}},{"arcs":[[1391,-1389,1392,-1367]],"type":"Polygon","properties":{"adm1_name":"Oromia","adm3_name":"Chole","adm3_pcode":"ET040809","NewPCODE":"ET040809"}},{"arcs":[[1393,1394,1395,-1390,-1392,-1366,1396]],"type":"Polygon","properties":{"adm1_name":"Oromia","adm3_name":"Amigna","adm3_pcode":"ET040810","NewPCODE":"ET040810"}},{"arcs":[[1397,1398,1399,1400,-1394,1401,1402]],"type":"Polygon","properties":{"adm1_name":"Oromia","adm3_name":"Seru","adm3_pcode":"ET040811","NewPCODE":"ET040811"}},{"arcs":[[1403,1404,1405,1406,-1391,-1396,1407,-1400,1408]],"type":"Polygon","properties":{"adm1_name":"Oromia","adm3_name":"Robe","adm3_pcode":"ET040812","NewPCODE":"ET040812"}},{"arcs":[[1409,1410,1411,-1405]],"type":"Polygon","properties":{"adm1_name":"Oromia","adm3_name":"Tena","adm3_pcode":"ET040813","NewPCODE":"ET040813"}},{"arcs":[[1412,1413,1414,1415,-1410,-1404,1416]],"type":"Polygon","properties":{"adm1_name":"Oromia","adm3_name":"Shirka","adm3_pcode":"ET040814","NewPCODE":"ET040814"}},{"arcs":[[1417,1418,1419,-1384,1420,-1411,-1416]],"type":"Polygon","properties":{"adm1_name":"Oromia","adm3_name":"Degeluna Tijo","adm3_pcode":"ET040815","NewPCODE":"ET040815"}},{"arcs":[[1421,-1382,-1385,-1420]],"type":"Polygon","properties":{"adm1_name":"Oromia","adm3_name":"Tiyo","adm3_pcode":"ET040816","NewPCODE":"ET040816"}},{"arcs":[[1422,1423,1424,-1345,-1383,-1422,-1419,1425]],"type":"Polygon","properties":{"adm1_name":"Oromia","adm3_name":"Munessa","adm3_pcode":"ET040817","NewPCODE":"ET040817"}},{"arcs":[[1426,1427,-1426,-1418,-1415,1428,1429],[1430]],"type":"Polygon","properties":{"adm1_name":"Oromia","adm3_name":"Limu Bilbilo","adm3_pcode":"ET040818","NewPCODE":"ET040818"}},{"arcs":[[-1393,-1388,-1373,-1360,-1363,-1368]],"type":"Polygon","properties":{"adm1_name":"Oromia","adm3_name":"Guna","adm3_pcode":"ET040819","NewPCODE":"ET040819"}},{"arcs":[[1431,-1376,-1302,-1372,1432]],"type":"Polygon","properties":{"adm1_name":"Oromia","adm3_name":"Sire","adm3_pcode":"ET040820","NewPCODE":"ET040820"}},{"arcs":[[-1412,-1421,-1386,-1377,-1432,1433,-1406]],"type":"Polygon","properties":{"adm1_name":"Oromia","adm3_name":"Lude Hitosa","adm3_pcode":"ET040821","NewPCODE":"ET040821"}},{"arcs":[[-1434,-1433,-1371,-1387,-1407]],"type":"Polygon","properties":{"adm1_name":"Oromia","adm3_name":"Diksis","adm3_pcode":"ET040822","NewPCODE":"ET040822"}},{"arcs":[[-1408,-1395,-1401]],"type":"Polygon","properties":{"adm1_name":"Oromia","adm3_name":"Bele Gesgar","adm3_pcode":"ET040823","NewPCODE":"ET040823"}},{"arcs":[[-1429,-1414,1434,1435]],"type":"Polygon","properties":{"adm1_name":"Oromia","adm3_name":"Inkolo Wabe","adm3_pcode":"ET040824","NewPCODE":"ET040824"}},{"type":null,"properties":{"adm1_name":"Oromia","adm3_name":"Asela town","adm3_pcode":"ET040825","NewPCODE":"ET040825"}},{"arcs":[[-1369,-1365,1436,1437,1438]],"type":"Polygon","properties":{"adm1_name":"Oromia","adm3_name":"Shanan Kolu","adm3_pcode":"ET040893","NewPCODE":"ET040893"}},{"arcs":[[-1431]],"type":"Polygon","properties":{"adm1_name":"Oromia","adm3_name":"Bokoji town","adm3_pcode":"ET040894","NewPCODE":"ET040894"}},{"arcs":[[-1378]],"type":"Polygon","properties":{"adm1_name":"Oromia","adm3_name":"Dera town","adm3_pcode":"ET040895","NewPCODE":"ET040895"}},{"arcs":[[1439,1440,1441,1442,-308,1443]],"type":"Polygon","properties":{"adm1_name":"Oromia","adm3_name":"Mieso","adm3_pcode":"ET040901","NewPCODE":"ET040901"}},{"arcs":[[1444,1445,1446,1447,-1441,1448,1449]],"type":"Polygon","properties":{"adm1_name":"Oromia","adm3_name":"Doba","adm3_pcode":"ET040902","NewPCODE":"ET040902"}},{"arcs":[[1450,1451,1452,1453,-1447,1454]],"type":"Polygon","properties":{"adm1_name":"Oromia","adm3_name":"Tulo (OR)","adm3_pcode":"ET040903","NewPCODE":"ET040903"}},{"arcs":[[1455,1456,1457,-1453]],"type":"Polygon","properties":{"adm1_name":"Oromia","adm3_name":"Mesela /Shen Duggoo","adm3_pcode":"ET040904","NewPCODE":"ET040904"}},{"type":null,"properties":{"adm1_name":"Oromia","adm3_name":"Chiro town","adm3_pcode":"ET040905","NewPCODE":"ET040905"}},{"arcs":[[1458,1459,1460,-1437,-1364,-1295,1461]],"type":"Polygon","properties":{"adm1_name":"Oromia","adm3_name":"Anchar","adm3_pcode":"ET040906","NewPCODE":"ET040906"}},{"arcs":[[1462,1463,-1459,1464,1465]],"type":"Polygon","properties":{"adm1_name":"Oromia","adm3_name":"Goba Koricha","adm3_pcode":"ET040907","NewPCODE":"ET040907"}},{"arcs":[[1466,1467,1468,-1460,-1464]],"type":"Polygon","properties":{"adm1_name":"Oromia","adm3_name":"Habro","adm3_pcode":"ET040908","NewPCODE":"ET040908"}},{"arcs":[[1469,-1438,-1461,-1469,1470,1471]],"type":"Polygon","properties":{"adm1_name":"Oromia","adm3_name":"Daro Lebu","adm3_pcode":"ET040909","NewPCODE":"ET040909"}},{"arcs":[[-1471,-1468,1472,1473]],"type":"Polygon","properties":{"adm1_name":"Oromia","adm3_name":"Boke","adm3_pcode":"ET040910","NewPCODE":"ET040910"}},{"arcs":[[1474,1475,1476,1477,-1473,-1467,-1463,1478]],"type":"Polygon","properties":{"adm1_name":"Oromia","adm3_name":"Kuni /Oda Bultum","adm3_pcode":"ET040911","NewPCODE":"ET040911"}},{"arcs":[[-1457,1479,-1475,1480]],"type":"Polygon","properties":{"adm1_name":"Oromia","adm3_name":"Gemechis","adm3_pcode":"ET040912","NewPCODE":"ET040912"}},{"arcs":[[-1454,-1458,-1481,-1479,-1466,1481,-1442,-1448]],"type":"Polygon","properties":{"adm1_name":"Oromia","adm3_name":"Chiro Zuria","adm3_pcode":"ET040913","NewPCODE":"ET040913"}},{"type":null,"properties":{"adm1_name":"Oromia","adm3_name":"Bedesa town","adm3_pcode":"ET040914","NewPCODE":"ET040914"}},{"arcs":[[-1402,-1397,-1370,-1439,-1470,1482,1483]],"type":"Polygon","properties":{"adm1_name":"Oromia","adm3_name":"Hawi Gudina","adm3_pcode":"ET040915","NewPCODE":"ET040915"}},{"arcs":[[-1482,-1465,-1462,-1299,-279,-316,-271,-1443]],"type":"Polygon","properties":{"adm1_name":"Oromia","adm3_name":"Gumbi Bordede","adm3_pcode":"ET040991","NewPCODE":"ET040991"}},{"arcs":[[-1483,-1472,-1474,-1478,1484,1485,1486]],"type":"Polygon","properties":{"adm1_name":"Oromia","adm3_name":"Burqua Dhintu","adm3_pcode":"ET040998","NewPCODE":"ET040998"}},{"type":null,"properties":{"adm1_name":"Oromia","adm3_name":"Babile town","adm3_pcode":"ET041000","NewPCODE":"ET041000"}},{"arcs":[[1487,1488,1489,1490,1491,1492,1493]],"type":"Polygon","properties":{"adm1_name":"Oromia","adm3_name":"Kombolcha","adm3_pcode":"ET041001","NewPCODE":"ET041001"}},{"arcs":[[1494,1495,1496,-1488,1497,1498]],"type":"Polygon","properties":{"adm1_name":"Oromia","adm3_name":"Jarso (East Hararge)","adm3_pcode":"ET041002","NewPCODE":"ET041002"}},{"arcs":[[1499,1500,1501,1502,-1496,1503]],"type":"Polygon","properties":{"adm1_name":"Oromia","adm3_name":"Gursum (OR)","adm3_pcode":"ET041003","NewPCODE":"ET041003"}},{"arcs":[[1504,1505,1506,1507,1508,1509,1510,-1502,1511,1512]],"type":"Polygon","properties":{"adm1_name":"Oromia","adm3_name":"Babile (OR)","adm3_pcode":"ET041004","NewPCODE":"ET041004"}},{"arcs":[[1513,1514,1515,1516,1517,1518,-1509]],"type":"Polygon","properties":{"adm1_name":"Oromia","adm3_name":"Fedis","adm3_pcode":"ET041005","NewPCODE":"ET041005"}},{"arcs":[[1519,1520,1521,-1517,1522,1523]],"type":"Polygon","properties":{"adm1_name":"Oromia","adm3_name":"Haro Maya","adm3_pcode":"ET041006","NewPCODE":"ET041006"}},{"arcs":[[-1523,-1516,1524,1525]],"type":"Polygon","properties":{"adm1_name":"Oromia","adm3_name":"Kurfa Chele","adm3_pcode":"ET041007","NewPCODE":"ET041007"}},{"arcs":[[1526,1527,-1524,-1526,1528,1529,1530,1531]],"type":"Polygon","properties":{"adm1_name":"Oromia","adm3_name":"Kersa (East Hararge)","adm3_pcode":"ET041008","NewPCODE":"ET041008"}},{"arcs":[[-1531,1532,1533,1534,1535,1536]],"type":"Polygon","properties":{"adm1_name":"Oromia","adm3_name":"Meta","adm3_pcode":"ET041009","NewPCODE":"ET041009"}},{"arcs":[[-1536,1537,-1455,-1446,1538,1539]],"type":"Polygon","properties":{"adm1_name":"Oromia","adm3_name":"Goro Gutu","adm3_pcode":"ET041010","NewPCODE":"ET041010"}},{"arcs":[[-1535,1540,1541,1542,-1451,-1538]],"type":"Polygon","properties":{"adm1_name":"Oromia","adm3_name":"Deder","adm3_pcode":"ET041011","NewPCODE":"ET041011"}},{"arcs":[[-1543,1543,1544,-1476,-1480,-1456,-1452]],"type":"Polygon","properties":{"adm1_name":"Oromia","adm3_name":"Melka Balo","adm3_pcode":"ET041012","NewPCODE":"ET041012"}},{"arcs":[[-1530,1545,1546,1547,-1544,-1542,1548,-1533]],"type":"Polygon","properties":{"adm1_name":"Oromia","adm3_name":"Bedeno","adm3_pcode":"ET041013","NewPCODE":"ET041013"}},{"arcs":[[1549,1550,1551,1552,-1514,-1508]],"type":"Polygon","properties":{"adm1_name":"Oromia","adm3_name":"Midhaga Tola","adm3_pcode":"ET041014","NewPCODE":"ET041014"}},{"arcs":[[1553,1554,-1504,-1495,1555,1556]],"type":"Polygon","properties":{"adm1_name":"Oromia","adm3_name":"Chinaksen","adm3_pcode":"ET041015","NewPCODE":"ET041015"}},{"arcs":[[-1525,-1515,-1553,1557,-1546,-1529]],"type":"Polygon","properties":{"adm1_name":"Oromia","adm3_name":"Girawa","adm3_pcode":"ET041016","NewPCODE":"ET041016"}},{"arcs":[[1558,1559,-1485,-1477,-1545,-1548]],"type":"Polygon","properties":{"adm1_name":"Oromia","adm3_name":"Golo Oda","adm3_pcode":"ET041017","NewPCODE":"ET041017"}},{"arcs":[[1560,1561,1562,-1559,-1547,-1558,-1552]],"type":"Polygon","properties":{"adm1_name":"Oromia","adm3_name":"Meyu Muleke","adm3_pcode":"ET041018","NewPCODE":"ET041018"}},{"arcs":[[1563,1564,-1492,1565,1566,1567,-1520,-1528]],"type":"Polygon","properties":{"adm1_name":"Oromia","adm3_name":"Maya town","adm3_pcode":"ET041019","NewPCODE":"ET041019"}},{"arcs":[[1568,-1554,1569]],"type":"Polygon","properties":{"adm1_name":"Oromia","adm3_name":"Mekanisa Oromo","adm3_pcode":"ET041020","NewPCODE":"ET041020"}},{"arcs":[[-1549,-1541,-1534]],"type":"Polygon","properties":{"adm1_name":"Oromia","adm3_name":"Goro Muti","adm3_pcode":"ET041089","NewPCODE":"ET041089"}},{"type":null,"properties":{"adm1_name":"Oromia","adm3_name":"Deder town","adm3_pcode":"ET041097","NewPCODE":"ET041097"}},{"arcs":[[1570,1571,-1486,-1560,-1563]],"type":"Polygon","properties":{"adm1_name":"Oromia","adm3_name":"Kumbi","adm3_pcode":"ET041098","NewPCODE":"ET041098"}},{"arcs":[[1572,1573,1574,-1435,-1413,1575]],"type":"Polygon","properties":{"adm1_name":"Oromia","adm3_name":"Agarfa","adm3_pcode":"ET041104","NewPCODE":"ET041104"}},{"arcs":[[1576,-1576,-1417,-1409,-1399,1577,1578]],"type":"Polygon","properties":{"adm1_name":"Oromia","adm3_name":"Gasera","adm3_pcode":"ET041106","NewPCODE":"ET041106"}},{"arcs":[[1579,1580,1581,1582,1583,1584,-1573,-1577,1585],[1586]],"type":"Polygon","properties":{"adm1_name":"Oromia","adm3_name":"Sinana","adm3_pcode":"ET041109","NewPCODE":"ET041109"}},{"arcs":[[1587,1588,1589,-1584,1590,-1582,1591,1592]],"type":"Polygon","properties":{"adm1_name":"Oromia","adm3_name":"Goba (OR)","adm3_pcode":"ET041110","NewPCODE":"ET041110"}},{"arcs":[[1593,1594,1595,-1588,1596,1597]],"type":"Polygon","properties":{"adm1_name":"Oromia","adm3_name":"Harena Buluk","adm3_pcode":"ET041111","NewPCODE":"ET041111"}},{"arcs":[[-1597,-1593,1598,1599,1600]],"type":"Polygon","properties":{"adm1_name":"Oromia","adm3_name":"Mena (Bale)","adm3_pcode":"ET041112","NewPCODE":"ET041112"}},{"arcs":[[-1599,-1592,-1581,1601,1602]],"type":"Polygon","properties":{"adm1_name":"Oromia","adm3_name":"Berbere","adm3_pcode":"ET041114","NewPCODE":"ET041114"}},{"arcs":[[1603,-1600,-1603,1604,1605,1606]],"type":"Polygon","properties":{"adm1_name":"Oromia","adm3_name":"Gura Damole","adm3_pcode":"ET041115","NewPCODE":"ET041115"}},{"arcs":[[1607,-1605,-1602,-1580,1608]],"type":"Polygon","properties":{"adm1_name":"Oromia","adm3_name":"Goro (Bale)","adm3_pcode":"ET041116","NewPCODE":"ET041116"}},{"arcs":[[-1587]],"type":"Polygon","properties":{"adm1_name":"Oromia","adm3_name":"Robe town","adm3_pcode":"ET041119","NewPCODE":"ET041119"}},{"arcs":[[-1591,-1583]],"type":"Polygon","properties":{"adm1_name":"Oromia","adm3_name":"Goba town","adm3_pcode":"ET041120","NewPCODE":"ET041120"}},{"arcs":[[-1590,1609,-1574,-1585]],"type":"Polygon","properties":{"adm1_name":"Oromia","adm3_name":"Dinsho","adm3_pcode":"ET041122","NewPCODE":"ET041122"}},{"arcs":[[1610,1611,1612,1613,1614]],"type":"Polygon","properties":{"adm1_name":"Oromia","adm3_name":"Yabelo","adm3_pcode":"ET041207","NewPCODE":"ET041207"}},{"arcs":[[1615,1616,1617,1618]],"type":"Polygon","properties":{"adm1_name":"Oromia","adm3_name":"Moyale (OR)","adm3_pcode":"ET041210","NewPCODE":"ET041210"}},{"arcs":[[1619,1620,1621,1622,1623]],"type":"Polygon","properties":{"adm1_name":"Oromia","adm3_name":"Dire","adm3_pcode":"ET041211","NewPCODE":"ET041211"}},{"arcs":[[1624,1625,1626,1627,1628,1629,1630,1631]],"type":"Polygon","properties":{"adm1_name":"Oromia","adm3_name":"Teltale","adm3_pcode":"ET041212","NewPCODE":"ET041212"}},{"arcs":[[-1623,1632,1633,-1616,1634]],"type":"Polygon","properties":{"adm1_name":"Oromia","adm3_name":"Miyo","adm3_pcode":"ET041216","NewPCODE":"ET041216"}},{"arcs":[[-1631,1635,1636,-1620,1637]],"type":"Polygon","properties":{"adm1_name":"Oromia","adm3_name":"Dilo","adm3_pcode":"ET041219","NewPCODE":"ET041219"}},{"arcs":[[1638,1639,-1613,1640]],"type":"Polygon","properties":{"adm1_name":"Oromia","adm3_name":"Gomole","adm3_pcode":"ET041223","NewPCODE":"ET041223"}},{"arcs":[[-1617,-1634,1641,1642,1643,1644]],"type":"Polygon","properties":{"adm1_name":"Oromia","adm3_name":"Guchi","adm3_pcode":"ET041290","NewPCODE":"ET041290"}},{"arcs":[[-1637,1645,-1611,1646,1647,-1621]],"type":"Polygon","properties":{"adm1_name":"Oromia","adm3_name":"Dubluk","adm3_pcode":"ET041291","NewPCODE":"ET041291"}},{"arcs":[[-1630,1648,1649,1650,-1641,-1612,-1646,-1636]],"type":"Polygon","properties":{"adm1_name":"Oromia","adm3_name":"Elwaya","adm3_pcode":"ET041295","NewPCODE":"ET041295"}},{"type":null,"properties":{"adm1_name":"Oromia","adm3_name":"Yabelo town","adm3_pcode":"ET041296","NewPCODE":"ET041296"}},{"arcs":[[1651,1652,1653,-1197,-1237,-1200,-1234]],"type":"Polygon","properties":{"adm1_name":"Oromia","adm3_name":"Ameya","adm3_pcode":"ET041301","NewPCODE":"ET041301"}},{"arcs":[[-1176,-1206,1654,1655,1656,-1652,-1233]],"type":"Polygon","properties":{"adm1_name":"Oromia","adm3_name":"Wenchi","adm3_pcode":"ET041302","NewPCODE":"ET041302"}},{"arcs":[[1657,1658,1659,1660,1661,1662,-1656],[1663]],"type":"Polygon","properties":{"adm1_name":"Oromia","adm3_name":"Waliso","adm3_pcode":"ET041303","NewPCODE":"ET041303"}},{"arcs":[[-1205,-1248,1664,1665,-1658,-1655]],"type":"Polygon","properties":{"adm1_name":"Oromia","adm3_name":"Dawo","adm3_pcode":"ET041304","NewPCODE":"ET041304"}},{"arcs":[[-1247,-1213,1666,1667,1668,-1665]],"type":"Polygon","properties":{"adm1_name":"Oromia","adm3_name":"Ilu","adm3_pcode":"ET041305","NewPCODE":"ET041305"}},{"arcs":[[-1246,1669,1670,1671,-1356,1672,1673,-1667,-1212]],"type":"Polygon","properties":{"adm1_name":"Oromia","adm3_name":"Sebeta Hawas","adm3_pcode":"ET041306","NewPCODE":"ET041306"}},{"arcs":[[1674,1675,1676,-1673,-1355,1677]],"type":"Polygon","properties":{"adm1_name":"Oromia","adm3_name":"Kersana Malima","adm3_pcode":"ET041307","NewPCODE":"ET041307"}},{"arcs":[[1678,1679,-1668,-1674,-1677]],"type":"Polygon","properties":{"adm1_name":"Oromia","adm3_name":"Tole","adm3_pcode":"ET041308","NewPCODE":"ET041308"}},{"arcs":[[-1666,-1669,-1680,1680,-1659]],"type":"Polygon","properties":{"adm1_name":"Oromia","adm3_name":"Becho (SW Shewa)","adm3_pcode":"ET041309","NewPCODE":"ET041309"}},{"arcs":[[1681,1682,1683,-1660,-1681,-1679,-1676,1684]],"type":"Polygon","properties":{"adm1_name":"Oromia","adm3_name":"Seden Sodo","adm3_pcode":"ET041310","NewPCODE":"ET041310"}},{"arcs":[[-1664]],"type":"Polygon","properties":{"adm1_name":"Oromia","adm3_name":"Woliso town","adm3_pcode":"ET041311","NewPCODE":"ET041311"}},{"arcs":[[-1653,-1657,-1663,1685,1686]],"type":"Polygon","properties":{"adm1_name":"Oromia","adm3_name":"Goro (SW Shewa)","adm3_pcode":"ET041312","NewPCODE":"ET041312"}},{"arcs":[[1687,-1678,-1354,-1352,-1332]],"type":"Polygon","properties":{"adm1_name":"Oromia","adm3_name":"Sodo Daci","adm3_pcode":"ET041314","NewPCODE":"ET041314"}},{"arcs":[[1688,1689,1690,1691,1692,1693,1694]],"type":"Polygon","properties":{"adm1_name":"Oromia","adm3_name":"Uraga","adm3_pcode":"ET041401","NewPCODE":"ET041401"}},{"arcs":[[-1692,1695,1696,1697,1698,1699,1700,1701]],"type":"Polygon","properties":{"adm1_name":"Oromia","adm3_name":"Bore","adm3_pcode":"ET041402","NewPCODE":"ET041402"}},{"arcs":[[1702,1703,1704,1705,1706,1707,1708,1709],[1710]],"type":"Polygon","properties":{"adm1_name":"Oromia","adm3_name":"Adola","adm3_pcode":"ET041403","NewPCODE":"ET041403"}},{"arcs":[[1711,1712,-1710,1713,1714,1715]],"type":"Polygon","properties":{"adm1_name":"Oromia","adm3_name":"Wadera","adm3_pcode":"ET041404","NewPCODE":"ET041404"}},{"arcs":[[1716,1717,1718,1719,1720,-1695,1721,-1705,1722,-1703,-1713]],"type":"Polygon","properties":{"adm1_name":"Oromia","adm3_name":"Odo Shakiso","adm3_pcode":"ET041405","NewPCODE":"ET041405"}},{"arcs":[[1723,1724,1725,-1696,-1691]],"type":"Polygon","properties":{"adm1_name":"Oromia","adm3_name":"Dama","adm3_pcode":"ET041408","NewPCODE":"ET041408"}},{"arcs":[[-1722,-1694,1726,-1706]],"type":"Polygon","properties":{"adm1_name":"Oromia","adm3_name":"Arda Jila","adm3_pcode":"ET041409","NewPCODE":"ET041409"}},{"arcs":[[-1714,-1709,1727,1728,1729,1730]],"type":"Polygon","properties":{"adm1_name":"Oromia","adm3_name":"Girja /Harenfema","adm3_pcode":"ET041410","NewPCODE":"ET041410"}},{"arcs":[[-1727,-1693,-1702,1731,-1707]],"type":"Polygon","properties":{"adm1_name":"Oromia","adm3_name":"Ana Sora","adm3_pcode":"ET041411","NewPCODE":"ET041411"}},{"arcs":[[1732,1733,1734,1735,-1717,-1712,1736]],"type":"Polygon","properties":{"adm1_name":"Oromia","adm3_name":"Saba Boru","adm3_pcode":"ET041412","NewPCODE":"ET041412"}},{"arcs":[[1737,-1718,-1736]],"type":"Polygon","properties":{"adm1_name":"Oromia","adm3_name":"Aga Wayu","adm3_pcode":"ET041482","NewPCODE":"ET041482"}},{"arcs":[[1738,1739,-1724,-1690]],"type":"Polygon","properties":{"adm1_name":"Oromia","adm3_name":"Haro Walabu","adm3_pcode":"ET041490","NewPCODE":"ET041490"}},{"arcs":[[-1711]],"type":"Polygon","properties":{"adm1_name":"Oromia","adm3_name":"Adola town","adm3_pcode":"ET041492","NewPCODE":"ET041492"}},{"arcs":[[-1723,-1704]],"type":"Polygon","properties":{"adm1_name":"Oromia","adm3_name":"Shakiso town","adm3_pcode":"ET041499","NewPCODE":"ET041499"}},{"arcs":[[1740,1741,1742,1743,1744,1745,1746,1747]],"type":"Polygon","properties":{"adm1_name":"Oromia","adm3_name":"Bule Hora","adm3_pcode":"ET041501","NewPCODE":"ET041501"}},{"arcs":[[-1746,1748,1749,1750,1751]],"type":"Polygon","properties":{"adm1_name":"Oromia","adm3_name":"Kercha","adm3_pcode":"ET041502","NewPCODE":"ET041502"}},{"type":null,"properties":{"adm1_name":"Oromia","adm3_name":"Kercha town","adm3_pcode":"ET041503","NewPCODE":"ET041503"}},{"arcs":[[1752,-1750,1753,1754,-1739,-1689,-1721]],"type":"Polygon","properties":{"adm1_name":"Oromia","adm3_name":"Hambela Wamena","adm3_pcode":"ET041509","NewPCODE":"ET041509"}},{"arcs":[[1755,1756,1757,1758,1759,1760,1761,1762,1763,1764,1765]],"type":"Polygon","properties":{"adm1_name":"Oromia","adm3_name":"Abaya","adm3_pcode":"ET041513","NewPCODE":"ET041513"}},{"arcs":[[1766,1767,-1748,1768,-1734,1769,-1639,-1651]],"type":"Polygon","properties":{"adm1_name":"Oromia","adm3_name":"Dugda Dawa","adm3_pcode":"ET041515","NewPCODE":"ET041515"}},{"arcs":[[1770,1771,1772,1773,-1766,1774,1775,1776,1777,1778,1779,1780,-1744]],"type":"Polygon","properties":{"adm1_name":"Oromia","adm3_name":"Gelana (West Guji)","adm3_pcode":"ET041517","NewPCODE":"ET041517"}},{"arcs":[[-1747,-1752,1781,-1719,-1738,-1735,-1769]],"type":"Polygon","properties":{"adm1_name":"Oromia","adm3_name":"Melka Soda","adm3_pcode":"ET041518","NewPCODE":"ET041518"}},{"arcs":[[1782,-1742]],"type":"Polygon","properties":{"adm1_name":"Oromia","adm3_name":"Bule Hora town","adm3_pcode":"ET041587","NewPCODE":"ET041587"}},{"arcs":[[1783,1784,-1771,-1743,-1783,-1741,-1768]],"type":"Polygon","properties":{"adm1_name":"Oromia","adm3_name":"Suro Berguda","adm3_pcode":"ET041594","NewPCODE":"ET041594"}},{"arcs":[[-1751,-1753,-1720,-1782]],"type":"Polygon","properties":{"adm1_name":"Oromia","adm3_name":"Birbirsa Kojowa","adm3_pcode":"ET041596","NewPCODE":"ET041596"}},{"arcs":[[1785,1786,1787,1788,-1135,-1035,-1074,-1031]],"type":"Polygon","properties":{"adm1_name":"Oromia","adm3_name":"Chora (Buno Bedele)","adm3_pcode":"ET041603","NewPCODE":"ET041603"}},{"arcs":[[1789,1790,-1786,-1030]],"type":"Polygon","properties":{"adm1_name":"Oromia","adm3_name":"Dega","adm3_pcode":"ET041604","NewPCODE":"ET041604"}},{"arcs":[[-1002,-1011,1791,-1787,-1791,1792,1793]],"type":"Polygon","properties":{"adm1_name":"Oromia","adm3_name":"Dabo Hana","adm3_pcode":"ET041605","NewPCODE":"ET041605"}},{"arcs":[[1794,-1009,-1015,1795,1796]],"type":"Polygon","properties":{"adm1_name":"Oromia","adm3_name":"Gechi","adm3_pcode":"ET041606","NewPCODE":"ET041606"}},{"arcs":[[-1796,-1014,-1075,1797]],"type":"Polygon","properties":{"adm1_name":"Oromia","adm3_name":"Borecha","adm3_pcode":"ET041607","NewPCODE":"ET041607"}},{"arcs":[[1798,-1797,-1798,-1079,-1086,-1112,-1144,-1136,-1789]],"type":"Polygon","properties":{"adm1_name":"Oromia","adm3_name":"Dedesa","adm3_pcode":"ET041608","NewPCODE":"ET041608"}},{"arcs":[[-942,-937,1799,-1793,-1790,-1029]],"type":"Polygon","properties":{"adm1_name":"Oromia","adm3_name":"Meko","adm3_pcode":"ET041618","NewPCODE":"ET041618"}},{"type":null,"properties":{"adm1_name":"Oromia","adm3_name":"Bedele town","adm3_pcode":"ET041621","NewPCODE":"ET041621"}},{"arcs":[[-1792,-1010,-1795,-1799,-1788]],"type":"Polygon","properties":{"adm1_name":"Oromia","adm3_name":"Bedele Zuria","adm3_pcode":"ET041622","NewPCODE":"ET041622"}},{"arcs":[[1800,-895,1801,-995,-1003,-1794,-1800,-936,-889]],"type":"Polygon","properties":{"adm1_name":"Oromia","adm3_name":"Chwaka","adm3_pcode":"ET041623","NewPCODE":"ET041623"}},{"type":null,"properties":{"adm1_name":"Oromia","adm3_name":"Dodola town","adm3_pcode":"ET041700","NewPCODE":"ET041700"}},{"arcs":[[1802,1803,1804,1805,1806,1807,1808,1809,1810]],"type":"Polygon","properties":{"adm1_name":"Oromia","adm3_name":"Siraro","adm3_pcode":"ET041701","NewPCODE":"ET041701"}},{"arcs":[[1811,1812,-1807,1813,1814,1815]],"type":"Polygon","properties":{"adm1_name":"Oromia","adm3_name":"Shala","adm3_pcode":"ET041702","NewPCODE":"ET041702"}},{"arcs":[[1816,1817,1818,1819,1820,1821,-1816,1822,-1337,1823,-1424]],"type":"Polygon","properties":{"adm1_name":"Oromia","adm3_name":"Arsi Negele","adm3_pcode":"ET041703","NewPCODE":"ET041703"}},{"arcs":[[1824,1825,1826,1827,1828,1829,-1818,1830,1831],[1832]],"type":"Polygon","properties":{"adm1_name":"Oromia","adm3_name":"Kofele","adm3_pcode":"ET041704","NewPCODE":"ET041704"}},{"arcs":[[1833,-1831,-1817,-1423,-1428]],"type":"Polygon","properties":{"adm1_name":"Oromia","adm3_name":"Kore","adm3_pcode":"ET041705","NewPCODE":"ET041705"}},{"arcs":[[1834,-1832,-1834,-1427,1835]],"type":"Polygon","properties":{"adm1_name":"Oromia","adm3_name":"Gedeb Asasa","adm3_pcode":"ET041706","NewPCODE":"ET041706"}},{"arcs":[[1836,1837,-1825,-1835,1838]],"type":"Polygon","properties":{"adm1_name":"Oromia","adm3_name":"Dodola","adm3_pcode":"ET041707","NewPCODE":"ET041707"}},{"arcs":[[1839,1840,1841,1842,1843,1844,-1826,-1838,1845]],"type":"Polygon","properties":{"adm1_name":"Oromia","adm3_name":"Kokosa","adm3_pcode":"ET041708","NewPCODE":"ET041708"}},{"arcs":[[1846,-1730,1847,1848,1849,1850,-1846,-1837,1851,-1595]],"type":"Polygon","properties":{"adm1_name":"Oromia","adm3_name":"Nenesebo","adm3_pcode":"ET041709","NewPCODE":"ET041709"}},{"arcs":[[-1852,-1839,-1836,-1430,-1436,-1575,-1610,-1589,-1596]],"type":"Polygon","properties":{"adm1_name":"Oromia","adm3_name":"Adaba","adm3_pcode":"ET041710","NewPCODE":"ET041710"}},{"arcs":[[1852,1853,1854,1855,-1808,-1813,1856,1857,-1820]],"type":"Polygon","properties":{"adm1_name":"Oromia","adm3_name":"Shashemene town","adm3_pcode":"ET041711","NewPCODE":"ET041711"}},{"arcs":[[[1858,-1857,-1812,-1822]],[[1859,1860,-1853,-1819,-1830]]],"type":"MultiPolygon","properties":{"adm1_name":"Oromia","adm3_name":"Shashemene","adm3_pcode":"ET041712","NewPCODE":"ET041712"}},{"arcs":[[-1833]],"type":"Polygon","properties":{"adm1_name":"Oromia","adm3_name":"Kofele town","adm3_pcode":"ET041713","NewPCODE":"ET041713"}},{"arcs":[[-1824,-1336,-1425]],"type":"Polygon","properties":{"adm1_name":"Oromia","adm3_name":"Heban Arsi","adm3_pcode":"ET041783","NewPCODE":"ET041783"}},{"arcs":[[1861,-1860,-1829]],"type":"Polygon","properties":{"adm1_name":"Oromia","adm3_name":"Wondo","adm3_pcode":"ET041797","NewPCODE":"ET041797"}},{"arcs":[[-1858,-1859,-1821]],"type":"Polygon","properties":{"adm1_name":"Oromia","adm3_name":"Arsi Negele town","adm3_pcode":"ET041799","NewPCODE":"ET041799"}},{"arcs":[[1862,-1028,-1039,-1051,1863,1864]],"type":"Polygon","properties":{"adm1_name":"Oromia","adm3_name":"Hawa Galan","adm3_pcode":"ET041801","NewPCODE":"ET041801"}},{"arcs":[[1865,1866,1867,1868,-1865,1869,1870,1871]],"type":"Polygon","properties":{"adm1_name":"Oromia","adm3_name":"Yama Logi Welel","adm3_pcode":"ET041802","NewPCODE":"ET041802"}},{"arcs":[[1872,-914,1873,1874,-1868]],"type":"Polygon","properties":{"adm1_name":"Oromia","adm3_name":"Dale Wabera","adm3_pcode":"ET041803","NewPCODE":"ET041803"}},{"arcs":[[1875,-922,-927,-950,-909,-1873,-1867]],"type":"Polygon","properties":{"adm1_name":"Oromia","adm3_name":"Gawo Kebe","adm3_pcode":"ET041804","NewPCODE":"ET041804"}},{"arcs":[[1876,-1870,-1864,-1050,1877],[1878]],"type":"Polygon","properties":{"adm1_name":"Oromia","adm3_name":"Sayo","adm3_pcode":"ET041805","NewPCODE":"ET041805"}},{"arcs":[[-1879]],"type":"Polygon","properties":{"adm1_name":"Oromia","adm3_name":"Denbi Dollo town","adm3_pcode":"ET041806","NewPCODE":"ET041806"}},{"arcs":[[1879,-1871,-1877,1880,1881]],"type":"Polygon","properties":{"adm1_name":"Oromia","adm3_name":"Anfilo","adm3_pcode":"ET041807","NewPCODE":"ET041807"}},{"arcs":[[-1874,-913,1882,-1023,1883]],"type":"Polygon","properties":{"adm1_name":"Oromia","adm3_name":"Dale Sadi","adm3_pcode":"ET041808","NewPCODE":"ET041808"}},{"arcs":[[1884,-946,1885,-1872,-1880,1886,1887]],"type":"Polygon","properties":{"adm1_name":"Oromia","adm3_name":"Gidami","adm3_pcode":"ET041809","NewPCODE":"ET041809"}},{"arcs":[[-923,-1876,-1866,-1886]],"type":"Polygon","properties":{"adm1_name":"Oromia","adm3_name":"Jimma Horo","adm3_pcode":"ET041810","NewPCODE":"ET041810"}},{"arcs":[[-1883,-912,-931,-947,-1024]],"type":"Polygon","properties":{"adm1_name":"Oromia","adm3_name":"Lalo Kile","adm3_pcode":"ET041811","NewPCODE":"ET041811"}},{"arcs":[[-1875,-1884,-1022,-1863,-1869]],"type":"Polygon","properties":{"adm1_name":"Oromia","adm3_name":"Sedi Chenka","adm3_pcode":"ET041812","NewPCODE":"ET041812"}},{"arcs":[[1888,1889,1890,-980,1891]],"type":"Polygon","properties":{"adm1_name":"Oromia","adm3_name":"Horo","adm3_pcode":"ET041901","NewPCODE":"ET041901"}},{"type":null,"properties":{"adm1_name":"Oromia","adm3_name":"Shambu town","adm3_pcode":"ET041902","NewPCODE":"ET041902"}},{"arcs":[[1892,-1165,-1186,1893,1894,1895,1896]],"type":"Polygon","properties":{"adm1_name":"Oromia","adm3_name":"Guduru","adm3_pcode":"ET041903","NewPCODE":"ET041903"}},{"arcs":[[-682,-694,-698,-1160,-1893,1897]],"type":"Polygon","properties":{"adm1_name":"Oromia","adm3_name":"Ababo","adm3_pcode":"ET041904","NewPCODE":"ET041904"}},{"arcs":[[1898,1899,-1896,1900,-1890]],"type":"Polygon","properties":{"adm1_name":"Oromia","adm3_name":"Abay Chomen","adm3_pcode":"ET041905","NewPCODE":"ET041905"}},{"arcs":[[-1891,-1901,-1895,1901,1902,-1191,-981]],"type":"Polygon","properties":{"adm1_name":"Oromia","adm3_name":"Jimma Genete","adm3_pcode":"ET041906","NewPCODE":"ET041906"}},{"arcs":[[-1903,1903,-1184,-1187,-1192]],"type":"Polygon","properties":{"adm1_name":"Oromia","adm3_name":"Jimma Rare","adm3_pcode":"ET041907","NewPCODE":"ET041907"}},{"arcs":[[1904,-684,1905,1906,1907,-1019]],"type":"Polygon","properties":{"adm1_name":"Oromia","adm3_name":"Jarte Jardega","adm3_pcode":"ET041908","NewPCODE":"ET041908"}},{"arcs":[[-735,-729,-677,-1905,-1018]],"type":"Polygon","properties":{"adm1_name":"Oromia","adm3_name":"Amuru","adm3_pcode":"ET041909","NewPCODE":"ET041909"}},{"arcs":[[-1020,-1908,1908,-1892,-979,-1004,-961]],"type":"Polygon","properties":{"adm1_name":"Oromia","adm3_name":"Abe Dongoro","adm3_pcode":"ET041910","NewPCODE":"ET041910"}},{"arcs":[[-1894,-1185,-1904,-1902]],"type":"Polygon","properties":{"adm1_name":"Oromia","adm3_name":"Choman Guduru","adm3_pcode":"ET041911","NewPCODE":"ET041911"}},{"arcs":[[-1907,1909,-1899,-1889,-1909]],"type":"Polygon","properties":{"adm1_name":"Oromia","adm3_name":"Horo Buluk","adm3_pcode":"ET041912","NewPCODE":"ET041912"}},{"arcs":[[-683,-1898,-1897,-1900,-1910,-1906]],"type":"Polygon","properties":{"adm1_name":"Oromia","adm3_name":"Sulula Finca'a","adm3_pcode":"ET041913","NewPCODE":"ET041913"}},{"arcs":[[1910,1911,1912,1913,1914]],"type":"Polygon","properties":{"adm1_name":"Oromia","adm3_name":"Burayu","adm3_pcode":"ET042001","NewPCODE":"ET042001"}},{"arcs":[[1915,1916,1917,1918,1919]],"type":"Polygon","properties":{"adm1_name":"Oromia","adm3_name":"Eka Tafo","adm3_pcode":"ET042002","NewPCODE":"ET042002"}},{"arcs":[[[1920,1921,1922,1923,1924]],[[1925,1926,1927,1928]]],"type":"MultiPolygon","properties":{"adm1_name":"Oromia","adm3_name":"Furi","adm3_pcode":"ET042003","NewPCODE":"ET042003"}},{"arcs":[[-1357,-1672,1929,-1929,1930,1931,-1347]],"type":"Polygon","properties":{"adm1_name":"Oromia","adm3_name":"Galan","adm3_pcode":"ET042004","NewPCODE":"ET042004"}},{"arcs":[[1932,-1925,1933,-1926,-1930,-1671]],"type":"Polygon","properties":{"adm1_name":"Oromia","adm3_name":"Galan Gudo","adm3_pcode":"ET042005","NewPCODE":"ET042005"}},{"arcs":[[-1216,-1243,1934,-1915,1935,1936,-1244]],"type":"Polygon","properties":{"adm1_name":"Oromia","adm3_name":"Gefersa Guje","adm3_pcode":"ET042006","NewPCODE":"ET042006"}},{"arcs":[[-1348,-1932,1937,1938,1939,-1288]],"type":"Polygon","properties":{"adm1_name":"Oromia","adm3_name":"Koye","adm3_pcode":"ET042007","NewPCODE":"ET042007"}},{"arcs":[[-1294,-1289,-1940,1940,-1916,1941,-1282]],"type":"Polygon","properties":{"adm1_name":"Oromia","adm3_name":"Kura Jida","adm3_pcode":"ET042008","NewPCODE":"ET042008"}},{"arcs":[[1942,-1919,1943,1944,-1911,-1935,-1242]],"type":"Polygon","properties":{"adm1_name":"Oromia","adm3_name":"Mana Abichu","adm3_pcode":"ET042009","NewPCODE":"ET042009"}},{"arcs":[[-1936,-1914,1945,1946,-1922,1947]],"type":"Polygon","properties":{"adm1_name":"Oromia","adm3_name":"Melka Nonno","adm3_pcode":"ET042010","NewPCODE":"ET042010"}},{"arcs":[[-1245,-1937,-1948,-1921,-1933,-1670]],"type":"Polygon","properties":{"adm1_name":"Oromia","adm3_name":"Sebeta","adm3_pcode":"ET042011","NewPCODE":"ET042011"}},{"arcs":[[-1283,-1942,-1920,-1943,-1241,-1291]],"type":"Polygon","properties":{"adm1_name":"Oromia","adm3_name":"Sululta","adm3_pcode":"ET042012","NewPCODE":"ET042012"}},{"arcs":[[1948,-1578,-1398,1949,1950]],"type":"Polygon","properties":{"adm1_name":"Oromia","adm3_name":"Gololcha Bale","adm3_pcode":"ET042101","NewPCODE":"ET042101"}},{"arcs":[[-1950,-1403,-1484,-1487,-1572,1951,1952]],"type":"Polygon","properties":{"adm1_name":"Oromia","adm3_name":"Lege Hida","adm3_pcode":"ET042102","NewPCODE":"ET042102"}},{"arcs":[[1953,1954,1955,-1609,-1586,-1579,-1949,1956,1957],[1958]],"type":"Polygon","properties":{"adm1_name":"Oromia","adm3_name":"Ginir","adm3_pcode":"ET042103","NewPCODE":"ET042103"}},{"arcs":[[1959,1960,-1958,1961,1962,1963]],"type":"Polygon","properties":{"adm1_name":"Oromia","adm3_name":"Rayitu","adm3_pcode":"ET042104","NewPCODE":"ET042104"}},{"arcs":[[1964,-1962,-1957,-1951,-1953,1965,1966,1967,1968]],"type":"Polygon","properties":{"adm1_name":"Oromia","adm3_name":"Seweyna","adm3_pcode":"ET042105","NewPCODE":"ET042105"}},{"arcs":[[-1606,-1608,-1956,1969]],"type":"Polygon","properties":{"adm1_name":"Oromia","adm3_name":"Dawe Ketchen","adm3_pcode":"ET042106","NewPCODE":"ET042106"}},{"arcs":[[-1959]],"type":"Polygon","properties":{"adm1_name":"Oromia","adm3_name":"Ginir town","adm3_pcode":"ET042107","NewPCODE":"ET042107"}},{"type":null,"properties":{"adm1_name":"Oromia","adm3_name":"Negele town","adm3_pcode":"ET042201","NewPCODE":"ET042201"}},{"arcs":[[1970,1971,1972,1973]],"type":"Polygon","properties":{"adm1_name":"Oromia","adm3_name":"Liben","adm3_pcode":"ET042202","NewPCODE":"ET042202"}},{"arcs":[[1974,-1973,1975,1976,-1598,-1601,-1604,1977,1978]],"type":"Polygon","properties":{"adm1_name":"Oromia","adm3_name":"Meda Welabu","adm3_pcode":"ET042203","NewPCODE":"ET042203"}},{"arcs":[[1979,-1715,-1731,-1847,-1594,-1977]],"type":"Polygon","properties":{"adm1_name":"Oromia","adm3_name":"West Welabu","adm3_pcode":"ET042204","NewPCODE":"ET042204"}},{"arcs":[[1980,-1737,-1716,-1980,-1976,-1972,1981]],"type":"Polygon","properties":{"adm1_name":"Oromia","adm3_name":"Gora Dola","adm3_pcode":"ET042205","NewPCODE":"ET042205"}},{"arcs":[[1982,1983,-1982,-1971,1984,1985]],"type":"Polygon","properties":{"adm1_name":"Oromia","adm3_name":"Gumi Idalo","adm3_pcode":"ET042206","NewPCODE":"ET042206"}},{"arcs":[[1986,-1614,-1640,-1770,-1733,-1981,-1984]],"type":"Polygon","properties":{"adm1_name":"Oromia","adm3_name":"Arero","adm3_pcode":"ET042207","NewPCODE":"ET042207"}},{"arcs":[[1987,-1643,1988,-1647,-1615,-1987,-1983,1989]],"type":"Polygon","properties":{"adm1_name":"Oromia","adm3_name":"Wachile","adm3_pcode":"ET042208","NewPCODE":"ET042208"}},{"arcs":[[-1622,-1648,-1989,-1642,-1633]],"type":"Polygon","properties":{"adm1_name":"Oromia","adm3_name":"Dhas","adm3_pcode":"ET042209","NewPCODE":"ET042209"}},{"arcs":[[1990,1991,1992,1993,-225,1994]],"type":"Polygon","properties":{"adm1_name":"Somali","adm3_name":"Ayisha","adm3_pcode":"ET050101","NewPCODE":"ET050101"}},{"arcs":[[1995,1996,-1556,-1499,1997,1998,1999,-1992]],"type":"Polygon","properties":{"adm1_name":"Somali","adm3_name":"Dembel","adm3_pcode":"ET050102","NewPCODE":"ET050102"}},{"arcs":[[2000,-1999,2001,2002,2003,2004,2005,2006,2007,2008,2009]],"type":"Polygon","properties":{"adm1_name":"Somali","adm3_name":"Shinile","adm3_pcode":"ET050103","NewPCODE":"ET050103"}},{"arcs":[[-2009,2010,2011,-1532,-1537,-1540,2012,2013,2014,2015]],"type":"Polygon","properties":{"adm1_name":"Somali","adm3_name":"Erer (SM)","adm3_pcode":"ET050104","NewPCODE":"ET050104"}},{"arcs":[[-2014,2016,-1450,2017,2018,-295,-310,2019]],"type":"Polygon","properties":{"adm1_name":"Somali","adm3_name":"Afdem","adm3_pcode":"ET050105","NewPCODE":"ET050105"}},{"arcs":[[-2000,-2001,2020,-1993]],"type":"Polygon","properties":{"adm1_name":"Somali","adm3_name":"Hadhagala","adm3_pcode":"ET050106","NewPCODE":"ET050106"}},{"arcs":[[-1449,-1440,2021,-2018]],"type":"Polygon","properties":{"adm1_name":"Somali","adm3_name":"Miesso","adm3_pcode":"ET050107","NewPCODE":"ET050107"}},{"arcs":[[-2022,-1444,-307,-296,-2019]],"type":"Polygon","properties":{"adm1_name":"Somali","adm3_name":"Daymeed","adm3_pcode":"ET050108","NewPCODE":"ET050108"}},{"arcs":[[2022,-2015,-2020,-312,-354,-350,-348]],"type":"Polygon","properties":{"adm1_name":"Somali","adm3_name":"Dhunyar","adm3_pcode":"ET050109","NewPCODE":"ET050109"}},{"arcs":[[-1539,-1445,-2017,-2013]],"type":"Polygon","properties":{"adm1_name":"Somali","adm3_name":"Gota-Biki","adm3_pcode":"ET050198","NewPCODE":"ET050198"}},{"arcs":[[-1994,-2021,-2010,-2016,-2023,-347,-226]],"type":"Polygon","properties":{"adm1_name":"Somali","adm3_name":"Gablalu","adm3_pcode":"ET050199","NewPCODE":"ET050199"}},{"arcs":[[2023,-1512,-1501,2024]],"type":"Polygon","properties":{"adm1_name":"Somali","adm3_name":"Gursum (SM)","adm3_pcode":"ET050202","NewPCODE":"ET050202"}},{"arcs":[[2025,2026,-1550,-1507]],"type":"Polygon","properties":{"adm1_name":"Somali","adm3_name":"Babile (SM)","adm3_pcode":"ET050203","NewPCODE":"ET050203"}},{"arcs":[[2027,2028,-1513,-2024,2029,2030,2031,2032]],"type":"Polygon","properties":{"adm1_name":"Somali","adm3_name":"Shabeeley","adm3_pcode":"ET050204","NewPCODE":"ET050204"}},{"arcs":[[2033,2034,2035,2036,2037,-1570,-1557,-1997,2038,2039]],"type":"Polygon","properties":{"adm1_name":"Somali","adm3_name":"Aw-Bare","adm3_pcode":"ET050205","NewPCODE":"ET050205"}},{"arcs":[[2040,2041,2042,-2033,2043,-2036,2044],[2045]],"type":"Polygon","properties":{"adm1_name":"Somali","adm3_name":"Kebribeyah","adm3_pcode":"ET050206","NewPCODE":"ET050206"}},{"arcs":[[2046,2047,2048,-2041,2049]],"type":"Polygon","properties":{"adm1_name":"Somali","adm3_name":"Harshin","adm3_pcode":"ET050207","NewPCODE":"ET050207"}},{"arcs":[[2050,2051,-2030,-2025,-1500,-1555,-1569,-2038]],"type":"Polygon","properties":{"adm1_name":"Somali","adm3_name":"Tuliguled","adm3_pcode":"ET050283","NewPCODE":"ET050283"}},{"arcs":[[2052,2053,2054,2055,-1505,-2029]],"type":"Polygon","properties":{"adm1_name":"Somali","adm3_name":"Goljano","adm3_pcode":"ET050290","NewPCODE":"ET050290"}},{"arcs":[[2056,-2031,-2052]],"type":"Polygon","properties":{"adm1_name":"Somali","adm3_name":"Jigjiga town","adm3_pcode":"ET050293","NewPCODE":"ET050293"}},{"arcs":[[-2034,2057]],"type":"Polygon","properties":{"adm1_name":"Somali","adm3_name":"Wajale town","adm3_pcode":"ET050295","NewPCODE":"ET050295"}},{"arcs":[[-2046]],"type":"Polygon","properties":{"adm1_name":"Somali","adm3_name":"Kebribayah town","adm3_pcode":"ET050296","NewPCODE":"ET050296"}},{"arcs":[[2058,2059,2060,-2053,-2028,-2043]],"type":"Polygon","properties":{"adm1_name":"Somali","adm3_name":"Koran /Mulla","adm3_pcode":"ET050297","NewPCODE":"ET050297"}},{"arcs":[[-2044,-2032,-2057,-2051,-2037]],"type":"Polygon","properties":{"adm1_name":"Somali","adm3_name":"Haroreys","adm3_pcode":"ET050298","NewPCODE":"ET050298"}},{"arcs":[[-2039,-1996,-1991,2061]],"type":"Polygon","properties":{"adm1_name":"Somali","adm3_name":"Harawo","adm3_pcode":"ET050299","NewPCODE":"ET050299"}},{"arcs":[[2062,2063,2064,2065,2066,-2054,-2061]],"type":"Polygon","properties":{"adm1_name":"Somali","adm3_name":"Degehamedo","adm3_pcode":"ET050301","NewPCODE":"ET050301"}},{"arcs":[[2067,2068,2069,2070,-2064,2071,2072],[2073]],"type":"Polygon","properties":{"adm1_name":"Somali","adm3_name":"Degehabur","adm3_pcode":"ET050302","NewPCODE":"ET050302"}},{"arcs":[[2074,2075,-2069,2076,2077]],"type":"Polygon","properties":{"adm1_name":"Somali","adm3_name":"Aware","adm3_pcode":"ET050303","NewPCODE":"ET050303"}},{"arcs":[[2078,2079,2080,2081,2082]],"type":"Polygon","properties":{"adm1_name":"Somali","adm3_name":"Gashamo","adm3_pcode":"ET050304","NewPCODE":"ET050304"}},{"arcs":[[2083,2084,2085,2086,-2070,-2076]],"type":"Polygon","properties":{"adm1_name":"Somali","adm3_name":"Gunagado","adm3_pcode":"ET050305","NewPCODE":"ET050305"}},{"arcs":[[2087,-2072,-2063,-2060]],"type":"Polygon","properties":{"adm1_name":"Somali","adm3_name":"Bilcil-Bur","adm3_pcode":"ET050306","NewPCODE":"ET050306"}},{"arcs":[[-2074]],"type":"Polygon","properties":{"adm1_name":"Somali","adm3_name":"Degahabur town","adm3_pcode":"ET050307","NewPCODE":"ET050307"}},{"arcs":[[2088,-2077,-2068,2089,-2048]],"type":"Polygon","properties":{"adm1_name":"Somali","adm3_name":"Yocale","adm3_pcode":"ET050382","NewPCODE":"ET050382"}},{"arcs":[[-2082,2090,-2078,-2089,-2047,2091]],"type":"Polygon","properties":{"adm1_name":"Somali","adm3_name":"Daror","adm3_pcode":"ET050392","NewPCODE":"ET050392"}},{"arcs":[[-2071,-2087,2092,2093,2094,2095,-2065]],"type":"Polygon","properties":{"adm1_name":"Somali","adm3_name":"Burqod","adm3_pcode":"ET050394","NewPCODE":"ET050394"}},{"arcs":[[-2049,-2090,-2073,-2088,-2059,-2042]],"type":"Polygon","properties":{"adm1_name":"Somali","adm3_name":"Ararso","adm3_pcode":"ET050395","NewPCODE":"ET050395"}},{"arcs":[[-2081,2096,-2084,-2075,-2091]],"type":"Polygon","properties":{"adm1_name":"Somali","adm3_name":"Dig","adm3_pcode":"ET050399","NewPCODE":"ET050399"}},{"arcs":[[-2056,2097,2098,2099,2100,-2026,-1506]],"type":"Polygon","properties":{"adm1_name":"Somali","adm3_name":"Fik","adm3_pcode":"ET050402","NewPCODE":"ET050402"}},{"arcs":[[-1967,2101,2102]],"type":"Polygon","properties":{"adm1_name":"Somali","adm3_name":"Salahad","adm3_pcode":"ET050403","NewPCODE":"ET050403"}},{"arcs":[[2103,2104,2105,2106,2107,2108,2109,-2099]],"type":"Polygon","properties":{"adm1_name":"Somali","adm3_name":"Hamero","adm3_pcode":"ET050404","NewPCODE":"ET050404"}},{"arcs":[[-2102,-1966,-1952,2110,-2109,2111,2112]],"type":"Polygon","properties":{"adm1_name":"Somali","adm3_name":"Lagahida","adm3_pcode":"ET050407","NewPCODE":"ET050407"}},{"arcs":[[-2027,-2101,2113,-1561,-1551]],"type":"Polygon","properties":{"adm1_name":"Somali","adm3_name":"Meyumuluka","adm3_pcode":"ET050408","NewPCODE":"ET050408"}},{"arcs":[[-2110,-2111,-1571,-1562,-2114,-2100]],"type":"Polygon","properties":{"adm1_name":"Somali","adm3_name":"Qubi","adm3_pcode":"ET050497","NewPCODE":"ET050497"}},{"arcs":[[-2067,2114,-2104,-2098,-2055]],"type":"Polygon","properties":{"adm1_name":"Somali","adm3_name":"Yahob","adm3_pcode":"ET050498","NewPCODE":"ET050498"}},{"arcs":[[-2112,-2108,2115]],"type":"Polygon","properties":{"adm1_name":"Somali","adm3_name":"Wangey","adm3_pcode":"ET050499","NewPCODE":"ET050499"}},{"arcs":[[2116,-2093,-2086,2117]],"type":"Polygon","properties":{"adm1_name":"Somali","adm3_name":"Shaygosh","adm3_pcode":"ET050501","NewPCODE":"ET050501"}},{"arcs":[[2118,2119,2120,2121],[2122]],"type":"Polygon","properties":{"adm1_name":"Somali","adm3_name":"Kebridehar","adm3_pcode":"ET050502","NewPCODE":"ET050502"}},{"arcs":[[2123,2124,2125,2126,2127,2128,2129,2130]],"type":"Polygon","properties":{"adm1_name":"Somali","adm3_name":"Shilabo","adm3_pcode":"ET050503","NewPCODE":"ET050503"}},{"arcs":[[2131,2132,2133,2134,-2127]],"type":"Polygon","properties":{"adm1_name":"Somali","adm3_name":"Debeweyin","adm3_pcode":"ET050504","NewPCODE":"ET050504"}},{"arcs":[[2135,2136,2137,2138,-2118,-2085,-2097,-2080]],"type":"Polygon","properties":{"adm1_name":"Somali","adm3_name":"Marsin","adm3_pcode":"ET050586","NewPCODE":"ET050586"}},{"arcs":[[-2123]],"type":"Polygon","properties":{"adm1_name":"Somali","adm3_name":"Kebridehar town","adm3_pcode":"ET050592","NewPCODE":"ET050592"}},{"arcs":[[2139,2140,-2122,-2138,2141]],"type":"Polygon","properties":{"adm1_name":"Somali","adm3_name":"Goglo","adm3_pcode":"ET050595","NewPCODE":"ET050595"}},{"arcs":[[2142,2143,2144,-2120,2145]],"type":"Polygon","properties":{"adm1_name":"Somali","adm3_name":"Lasdhankayre","adm3_pcode":"ET050596","NewPCODE":"ET050596"}},{"arcs":[[2146,2147,-2132,-2126]],"type":"Polygon","properties":{"adm1_name":"Somali","adm3_name":"Higloley","adm3_pcode":"ET050597","NewPCODE":"ET050597"}},{"arcs":[[-2135,2148,-2146,-2119,-2141,-2128]],"type":"Polygon","properties":{"adm1_name":"Somali","adm3_name":"El-Ogaden","adm3_pcode":"ET050598","NewPCODE":"ET050598"}},{"arcs":[[-2121,-2145,2149,-2094,-2117,-2139]],"type":"Polygon","properties":{"adm1_name":"Somali","adm3_name":"Bodaley","adm3_pcode":"ET050599","NewPCODE":"ET050599"}},{"arcs":[[2150,-1969,2151,2152,2153,2154]],"type":"Polygon","properties":{"adm1_name":"Somali","adm3_name":"East Imi","adm3_pcode":"ET050601","NewPCODE":"ET050601"}},{"arcs":[[2155,2156,2157,2158,2159,2160,2161,2162,2163]],"type":"Polygon","properties":{"adm1_name":"Somali","adm3_name":"Adadle","adm3_pcode":"ET050602","NewPCODE":"ET050602"}},{"arcs":[[2164,2165,2166,-2144,2167,2168]],"type":"Polygon","properties":{"adm1_name":"Somali","adm3_name":"Danan","adm3_pcode":"ET050603","NewPCODE":"ET050603"}},{"arcs":[[-2162,2169,-2169,2170,2171],[2172]],"type":"Polygon","properties":{"adm1_name":"Somali","adm3_name":"Gode","adm3_pcode":"ET050604","NewPCODE":"ET050604"}},{"arcs":[[-2163,-2172,-2133,-2148,2173,2174]],"type":"Polygon","properties":{"adm1_name":"Somali","adm3_name":"Kelafo","adm3_pcode":"ET050605","NewPCODE":"ET050605"}},{"arcs":[[-2174,-2147,-2125,2175,2176]],"type":"Polygon","properties":{"adm1_name":"Somali","adm3_name":"Mustahil","adm3_pcode":"ET050606","NewPCODE":"ET050606"}},{"arcs":[[-2176,-2124,2177]],"type":"Polygon","properties":{"adm1_name":"Somali","adm3_name":"Ferfer","adm3_pcode":"ET050607","NewPCODE":"ET050607"}},{"arcs":[[2178,2179,2180,-2165,-2170,-2161]],"type":"Polygon","properties":{"adm1_name":"Somali","adm3_name":"Berocano","adm3_pcode":"ET050608","NewPCODE":"ET050608"}},{"arcs":[[-2173]],"type":"Polygon","properties":{"adm1_name":"Somali","adm3_name":"Godey town","adm3_pcode":"ET050696","NewPCODE":"ET050696"}},{"arcs":[[-2134,-2171,-2168,-2143,-2149]],"type":"Polygon","properties":{"adm1_name":"Somali","adm3_name":"Elale","adm3_pcode":"ET050698","NewPCODE":"ET050698"}},{"arcs":[[2181,-2154,2182,2183,2184,-2180]],"type":"Polygon","properties":{"adm1_name":"Somali","adm3_name":"Aba-Korow","adm3_pcode":"ET050699","NewPCODE":"ET050699"}},{"arcs":[[2185,2186,2187,2188,2189,-2136,-2079,2190]],"type":"Polygon","properties":{"adm1_name":"Somali","adm3_name":"Danod","adm3_pcode":"ET050701","NewPCODE":"ET050701"}},{"arcs":[[2191,2192,2193,-2186,2194]],"type":"Polygon","properties":{"adm1_name":"Somali","adm3_name":"Bokh","adm3_pcode":"ET050702","NewPCODE":"ET050702"}},{"arcs":[[2195,-2187,-2194,2196]],"type":"Polygon","properties":{"adm1_name":"Somali","adm3_name":"Galadi","adm3_pcode":"ET050703","NewPCODE":"ET050703"}},{"arcs":[[-2130,2197,-2142,-2137,-2190,2198,-2188,-2196,2199]],"type":"Polygon","properties":{"adm1_name":"Somali","adm3_name":"Warder","adm3_pcode":"ET050704","NewPCODE":"ET050704"}},{"arcs":[[-2199,-2189]],"type":"Polygon","properties":{"adm1_name":"Somali","adm3_name":"Daratole","adm3_pcode":"ET050788","NewPCODE":"ET050788"}},{"arcs":[[-2129,-2140,-2198]],"type":"Polygon","properties":{"adm1_name":"Somali","adm3_name":"Lehel-Yucub","adm3_pcode":"ET050798","NewPCODE":"ET050798"}},{"arcs":[[-2192,2200]],"type":"Polygon","properties":{"adm1_name":"Somali","adm3_name":"Galhamur","adm3_pcode":"ET050799","NewPCODE":"ET050799"}},{"arcs":[[2201,2202,2203,2204,2205,2206,2207]],"type":"Polygon","properties":{"adm1_name":"Somali","adm3_name":"Charati","adm3_pcode":"ET050802","NewPCODE":"ET050802"}},{"arcs":[[2208,-2206,2209,-1960,2210,-2159]],"type":"Polygon","properties":{"adm1_name":"Somali","adm3_name":"Elkare /Serer","adm3_pcode":"ET050804","NewPCODE":"ET050804"}},{"arcs":[[-2211,-1964,2211,-2155,-2182,-2179,-2160]],"type":"Polygon","properties":{"adm1_name":"Somali","adm3_name":"West Imi","adm3_pcode":"ET050805","NewPCODE":"ET050805"}},{"arcs":[[2212,2213,2214,-2207,-2209,-2158]],"type":"Polygon","properties":{"adm1_name":"Somali","adm3_name":"Hargele","adm3_pcode":"ET050806","NewPCODE":"ET050806"}},{"arcs":[[2215,-2214,2216,2217,2218]],"type":"Polygon","properties":{"adm1_name":"Somali","adm3_name":"Barey","adm3_pcode":"ET050807","NewPCODE":"ET050807"}},{"arcs":[[2219,2220,-2208,-2215,-2216,2221]],"type":"Polygon","properties":{"adm1_name":"Somali","adm3_name":"Dolobay","adm3_pcode":"ET050808","NewPCODE":"ET050808"}},{"arcs":[[-1963,-1965,-2151,-2212]],"type":"Polygon","properties":{"adm1_name":"Somali","adm3_name":"Raso","adm3_pcode":"ET050809","NewPCODE":"ET050809"}},{"arcs":[[2222,-2217,-2213,-2157]],"type":"Polygon","properties":{"adm1_name":"Somali","adm3_name":"Kohle /Qoxle","adm3_pcode":"ET050898","NewPCODE":"ET050898"}},{"arcs":[[-2218,-2223,-2156,2223]],"type":"Polygon","properties":{"adm1_name":"Somali","adm3_name":"God-God","adm3_pcode":"ET050899","NewPCODE":"ET050899"}},{"arcs":[[2224,2225,-1979,2226,-2203,2227]],"type":"Polygon","properties":{"adm1_name":"Somali","adm3_name":"Filtu","adm3_pcode":"ET050901","NewPCODE":"ET050901"}},{"arcs":[[2228,-2220,2229]],"type":"Polygon","properties":{"adm1_name":"Somali","adm3_name":"Dolo Ado","adm3_pcode":"ET050902","NewPCODE":"ET050902"}},{"arcs":[[-2205,2230,-1954,-1961,-2210]],"type":"Polygon","properties":{"adm1_name":"Somali","adm3_name":"Goro Baqaqsa","adm3_pcode":"ET050903","NewPCODE":"ET050903"}},{"arcs":[[-2227,-1978,-1607,-1970,-1955,-2231,-2204]],"type":"Polygon","properties":{"adm1_name":"Somali","adm3_name":"Guradamole","adm3_pcode":"ET050904","NewPCODE":"ET050904"}},{"arcs":[[-1985,-1974,-1975,-2226,2231]],"type":"Polygon","properties":{"adm1_name":"Somali","adm3_name":"Deka Suftu","adm3_pcode":"ET050991","NewPCODE":"ET050991"}},{"arcs":[[2232,-2228,-2202,-2221,-2229,2233]],"type":"Polygon","properties":{"adm1_name":"Somali","adm3_name":"Bokolmayo","adm3_pcode":"ET050999","NewPCODE":"ET050999"}},{"arcs":[[-1968,-2103,-2113,-2116,-2107,2234,-2152]],"type":"Polygon","properties":{"adm1_name":"Somali","adm3_name":"Ayun","adm3_pcode":"ET051001","NewPCODE":"ET051001"}},{"arcs":[[-2185,2235,2236,-2166,-2181]],"type":"Polygon","properties":{"adm1_name":"Somali","adm3_name":"Elwayne","adm3_pcode":"ET051002","NewPCODE":"ET051002"}},{"arcs":[[-2096,2237,2238,2239,2240]],"type":"Polygon","properties":{"adm1_name":"Somali","adm3_name":"Garbo","adm3_pcode":"ET051003","NewPCODE":"ET051003"}},{"arcs":[[-2241,2241,-2105,-2115,-2066]],"type":"Polygon","properties":{"adm1_name":"Somali","adm3_name":"Sagag","adm3_pcode":"ET051005","NewPCODE":"ET051005"}},{"arcs":[[-2153,-2235,-2106,-2242,-2240,2242,-2183]],"type":"Polygon","properties":{"adm1_name":"Somali","adm3_name":"Dihun","adm3_pcode":"ET051006","NewPCODE":"ET051006"}},{"arcs":[[-2167,-2237,2243,-2238,-2095,-2150]],"type":"Polygon","properties":{"adm1_name":"Somali","adm3_name":"Horshagah","adm3_pcode":"ET051095","NewPCODE":"ET051095"}},{"arcs":[[-2184,-2243,-2239,-2244,-2236]],"type":"Polygon","properties":{"adm1_name":"Somali","adm3_name":"Hararey","adm3_pcode":"ET051096","NewPCODE":"ET051096"}},{"arcs":[[-1618,-1645,2244,2245,2246,2247]],"type":"Polygon","properties":{"adm1_name":"Somali","adm3_name":"Moyale (SM)","adm3_pcode":"ET051103","NewPCODE":"ET051103"}},{"arcs":[[-2245,-1644,-1988,2248]],"type":"Polygon","properties":{"adm1_name":"Somali","adm3_name":"Hudet","adm3_pcode":"ET051104","NewPCODE":"ET051104"}},{"arcs":[[2249,-2246,-2249,-1990,-1986,-2232,-2225,-2233,2250]],"type":"Polygon","properties":{"adm1_name":"Somali","adm3_name":"Mubarek","adm3_pcode":"ET051187","NewPCODE":"ET051187"}},{"arcs":[[-2247,-2250,2251]],"type":"Polygon","properties":{"adm1_name":"Somali","adm3_name":"Qada Duma","adm3_pcode":"ET051198","NewPCODE":"ET051198"}},{"arcs":[[2252,2253]],"type":"Polygon","properties":{"adm1_name":"Benishangul-Gumuz","adm3_name":"Gilgel Beles town","adm3_pcode":"ET060200","NewPCODE":"ET060200"}},{"arcs":[[-786,2254,2255,2256,2257,2258]],"type":"Polygon","properties":{"adm1_name":"Benishangul-Gumuz","adm3_name":"Dangur","adm3_pcode":"ET060201","NewPCODE":"ET060201"}},{"arcs":[[-853,-787,-2259,2259,2260,2261]],"type":"Polygon","properties":{"adm1_name":"Benishangul-Gumuz","adm3_name":"Guba","adm3_pcode":"ET060202","NewPCODE":"ET060202"}},{"arcs":[[-2260,-2258,2262,2263,2264,2265]],"type":"Polygon","properties":{"adm1_name":"Benishangul-Gumuz","adm3_name":"Wembera","adm3_pcode":"ET060203","NewPCODE":"ET060203"}},{"arcs":[[2266,-2254,2267,-784,-762,-774,2268,2269,-2256]],"type":"Polygon","properties":{"adm1_name":"Benishangul-Gumuz","adm3_name":"Mandura","adm3_pcode":"ET060204","NewPCODE":"ET060204"}},{"arcs":[[2270,-2269,-773,2271]],"type":"Polygon","properties":{"adm1_name":"Benishangul-Gumuz","adm3_name":"Dibate","adm3_pcode":"ET060205","NewPCODE":"ET060205"}},{"arcs":[[-785,-2268,-2253,-2267,-2255]],"type":"Polygon","properties":{"adm1_name":"Benishangul-Gumuz","adm3_name":"Pawe","adm3_pcode":"ET060206","NewPCODE":"ET060206"}},{"arcs":[[-2257,-2270,-2271,2272,-2263]],"type":"Polygon","properties":{"adm1_name":"Benishangul-Gumuz","adm3_name":"Bulen","adm3_pcode":"ET060207","NewPCODE":"ET060207"}},{"arcs":[[2273,2274,2275,2276,2277,2278,2279]],"type":"Polygon","properties":{"adm1_name":"Benishangul-Gumuz","adm3_name":"Menge","adm3_pcode":"ET060301","NewPCODE":"ET060301"}},{"arcs":[[2280,-2280,2281,2282,2283]],"type":"Polygon","properties":{"adm1_name":"Benishangul-Gumuz","adm3_name":"Kurmuk","adm3_pcode":"ET060302","NewPCODE":"ET060302"}},{"arcs":[[-2283,2284,2285,2286,2287,2288,2289,2290]],"type":"Polygon","properties":{"adm1_name":"Benishangul-Gumuz","adm3_name":"Abrahmo","adm3_pcode":"ET060303","NewPCODE":"ET060303"}},{"arcs":[[2291,-2274,-2281,2292]],"type":"Polygon","properties":{"adm1_name":"Benishangul-Gumuz","adm3_name":"Sherkole","adm3_pcode":"ET060304","NewPCODE":"ET060304"}},{"arcs":[[-2289,2293,2294,-878,-920,-945,2295]],"type":"Polygon","properties":{"adm1_name":"Benishangul-Gumuz","adm3_name":"Bambasi","adm3_pcode":"ET060305","NewPCODE":"ET060305"}},{"arcs":[[-879,-2295,2296,2297,-2276,2298]],"type":"Polygon","properties":{"adm1_name":"Benishangul-Gumuz","adm3_name":"Bilidigilu","adm3_pcode":"ET060306","NewPCODE":"ET060306"}},{"arcs":[[-2282,-2279,2299,-2285]],"type":"Polygon","properties":{"adm1_name":"Benishangul-Gumuz","adm3_name":"Homosha","adm3_pcode":"ET060307","NewPCODE":"ET060307"}},{"arcs":[[-2277,-2298,2300]],"type":"Polygon","properties":{"adm1_name":"Benishangul-Gumuz","adm3_name":"Undulu","adm3_pcode":"ET060308","NewPCODE":"ET060308"}},{"arcs":[[2301,-2287]],"type":"Polygon","properties":{"adm1_name":"Benishangul-Gumuz","adm3_name":"Assosa town Admin","adm3_pcode":"ET060309","NewPCODE":"ET060309"}},{"type":null,"properties":{"adm1_name":"Benishangul-Gumuz","adm3_name":"Bambasi town","adm3_pcode":"ET060310","NewPCODE":"ET060310"}},{"arcs":[[-2302,-2286,-2300,-2278,-2301,-2297,-2294,-2288]],"type":"Polygon","properties":{"adm1_name":"Benishangul-Gumuz","adm3_name":"Ura","adm3_pcode":"ET060311","NewPCODE":"ET060311"}},{"arcs":[[2302]],"type":"Polygon","properties":{"adm1_name":"Benishangul-Gumuz","adm3_name":"Kamashi town","adm3_pcode":"ET060400","NewPCODE":"ET060400"}},{"arcs":[[-2264,-2273,-2272,-777,-737,-1021,-963,-959,-965,2303,2304,2305]],"type":"Polygon","properties":{"adm1_name":"Benishangul-Gumuz","adm3_name":"Zayi","adm3_pcode":"ET060401","NewPCODE":"ET060401"}},{"arcs":[[-2261,-2266,2306,-906,-880,-2299,-2275,-2292,2307]],"type":"Polygon","properties":{"adm1_name":"Benishangul-Gumuz","adm3_name":"Sedal","adm3_pcode":"ET060402","NewPCODE":"ET060402"}},{"arcs":[[-2305,2308,-893,-902,-907,2309],[-2303]],"type":"Polygon","properties":{"adm1_name":"Benishangul-Gumuz","adm3_name":"Kamashi","adm3_pcode":"ET060403","NewPCODE":"ET060403"}},{"arcs":[[-2265,-2306,-2310,-886,-951,-903,-2307]],"type":"Polygon","properties":{"adm1_name":"Benishangul-Gumuz","adm3_name":"Dembe","adm3_pcode":"ET060404","NewPCODE":"ET060404"}},{"arcs":[[-2304,-964,-956,-1006,-998,-996,-1802,-896,-1801,-888,-2309]],"type":"Polygon","properties":{"adm1_name":"Benishangul-Gumuz","adm3_name":"Mezniga","adm3_pcode":"ET060405","NewPCODE":"ET060405"}},{"arcs":[[-2290,-2296,-944,-1885,2310]],"type":"Polygon","properties":{"adm1_name":"Benishangul-Gumuz","adm3_name":"Mao-komo Special","adm3_pcode":"ET060508","NewPCODE":"ET060508"}},{"arcs":[[-1686,-1662,2311,2312,2313,2314,2315,2316,2317,2318]],"type":"Polygon","properties":{"adm1_name":"Central Ethiopia","adm3_name":"Kebena Special","adm3_pcode":"ET070001","NewPCODE":"ET070001"}},{"arcs":[[[-1198,-1654,-1687,-2319,2319,-1090,-1154]],[[-2317,2320,-2315,2321,2322]]],"type":"MultiPolygon","properties":{"adm1_name":"Central Ethiopia","adm3_name":"Abeshege","adm3_pcode":"ET070102","NewPCODE":"ET070102"}},{"arcs":[[-2322,-2314,2323,2324,2325,2326]],"type":"Polygon","properties":{"adm1_name":"Central Ethiopia","adm3_name":"Ezha","adm3_pcode":"ET070103","NewPCODE":"ET070103"}},{"arcs":[[-1661,-1684,2327,2328,-2312]],"type":"Polygon","properties":{"adm1_name":"Central Ethiopia","adm3_name":"Gedebano Gutazer Welene","adm3_pcode":"ET070104","NewPCODE":"ET070104"}},{"arcs":[[2329,2330,2331,2332,2333]],"type":"Polygon","properties":{"adm1_name":"Central Ethiopia","adm3_name":"Endiguagn","adm3_pcode":"ET070108","NewPCODE":"ET070108"}},{"arcs":[[2334,-2326,2335,2336,2337]],"type":"Polygon","properties":{"adm1_name":"Central Ethiopia","adm3_name":"Gumer","adm3_pcode":"ET070109","NewPCODE":"ET070109"}},{"arcs":[[-1091,-2320,-2318,-2323,-2327,-2335,2338,2339]],"type":"Polygon","properties":{"adm1_name":"Central Ethiopia","adm3_name":"Cheha","adm3_pcode":"ET070110","NewPCODE":"ET070110"}},{"arcs":[[-1092,-2340,2340,2341,2342]],"type":"Polygon","properties":{"adm1_name":"Central Ethiopia","adm3_name":"Enemor Ener","adm3_pcode":"ET070111","NewPCODE":"ET070111"}},{"arcs":[[-2329,2343,2344,-2324,-2313]],"type":"Polygon","properties":{"adm1_name":"Central Ethiopia","adm3_name":"Muhur Na Aklil","adm3_pcode":"ET070112","NewPCODE":"ET070112"}},{"arcs":[[-2341,-2339,-2338,2345,2346,-2330,2347]],"type":"Polygon","properties":{"adm1_name":"Central Ethiopia","adm3_name":"Geta","adm3_pcode":"ET070113","NewPCODE":"ET070113"}},{"arcs":[[-2321,-2316]],"type":"Polygon","properties":{"adm1_name":"Central Ethiopia","adm3_name":"Welkite town","adm3_pcode":"ET070114","NewPCODE":"ET070114"}},{"type":null,"properties":{"adm1_name":"Central Ethiopia","adm3_name":"Emdebir town","adm3_pcode":"ET070116","NewPCODE":"ET070116"}},{"arcs":[[-2342,-2348,-2334,2348,2349,2350,2351]],"type":"Polygon","properties":{"adm1_name":"Central Ethiopia","adm3_name":"Enor Ener","adm3_pcode":"ET070120","NewPCODE":"ET070120"}},{"arcs":[[2352,2353,2354,-2332,2355,2356]],"type":"Polygon","properties":{"adm1_name":"Central Ethiopia","adm3_name":"Misha","adm3_pcode":"ET070201","NewPCODE":"ET070201"}},{"arcs":[[2357,2358,-2353,2359,2360]],"type":"Polygon","properties":{"adm1_name":"Central Ethiopia","adm3_name":"Gombora","adm3_pcode":"ET070202","NewPCODE":"ET070202"}},{"arcs":[[-2360,-2357,2361,2362,2363,2364,2365,2366],[2367]],"type":"Polygon","properties":{"adm1_name":"Central Ethiopia","adm3_name":"Lemmo","adm3_pcode":"ET070203","NewPCODE":"ET070203"}},{"arcs":[[2368,2369,2370,2371,2372,2373,-2364]],"type":"Polygon","properties":{"adm1_name":"Central Ethiopia","adm3_name":"Shashogo","adm3_pcode":"ET070204","NewPCODE":"ET070204"}},{"arcs":[[2374,2375,2376,2377,2378,2379,-1804,2380,2381]],"type":"Polygon","properties":{"adm1_name":"Central Ethiopia","adm3_name":"Misrak Badawacho","adm3_pcode":"ET070205","NewPCODE":"ET070205"}},{"arcs":[[-1150,-2361,-2367,2382,2383,2384]],"type":"Polygon","properties":{"adm1_name":"Central Ethiopia","adm3_name":"Soro","adm3_pcode":"ET070206","NewPCODE":"ET070206"}},{"arcs":[[2385,2386,2387,-2384,2388,2389,2390,2391]],"type":"Polygon","properties":{"adm1_name":"Central Ethiopia","adm3_name":"Duna","adm3_pcode":"ET070207","NewPCODE":"ET070207"}},{"arcs":[[2392,2393,2394,-2369,-2363]],"type":"Polygon","properties":{"adm1_name":"Central Ethiopia","adm3_name":"Analemmo","adm3_pcode":"ET070208","NewPCODE":"ET070208"}},{"arcs":[[2395,2396,-2377,2397,2398]],"type":"Polygon","properties":{"adm1_name":"Central Ethiopia","adm3_name":"Mirab Badowach","adm3_pcode":"ET070209","NewPCODE":"ET070209"}},{"arcs":[[2399,-2350,2400,-2354,-2359,2401]],"type":"Polygon","properties":{"adm1_name":"Central Ethiopia","adm3_name":"Gibe","adm3_pcode":"ET070210","NewPCODE":"ET070210"}},{"arcs":[[-2368]],"type":"Polygon","properties":{"adm1_name":"Central Ethiopia","adm3_name":"Hosaena town","adm3_pcode":"ET070211","NewPCODE":"ET070211"}},{"type":null,"properties":{"adm1_name":"Central Ethiopia","adm3_name":"Shone town","adm3_pcode":"ET070212","NewPCODE":"ET070212"}},{"type":null,"properties":{"adm1_name":"Central Ethiopia","adm3_name":"Gimbichu town","adm3_pcode":"ET070213","NewPCODE":"ET070213"}},{"type":null,"properties":{"adm1_name":"Central Ethiopia","adm3_name":"Jajura town","adm3_pcode":"ET070214","NewPCODE":"ET070214"}},{"arcs":[[[-2349,-2333,-2355,-2401]],[[-2351,-2400,2402]]],"type":"MultiPolygon","properties":{"adm1_name":"Central Ethiopia","adm3_name":"Ameka","adm3_pcode":"ET070215","NewPCODE":"ET070215"}},{"arcs":[[-2381,-1803,2403]],"type":"Polygon","properties":{"adm1_name":"Central Ethiopia","adm3_name":"Siraro Badawacho","adm3_pcode":"ET070216","NewPCODE":"ET070216"}},{"arcs":[[-1151,-2385,-2388,2404,-2386,2405,2406]],"type":"Polygon","properties":{"adm1_name":"Central Ethiopia","adm3_name":"Mirab Soro","adm3_pcode":"ET070217","NewPCODE":"ET070217"}},{"arcs":[[2407,-2365,-2374,2408,2409,2410]],"type":"Polygon","properties":{"adm1_name":"Central Ethiopia","adm3_name":"Angacha","adm3_pcode":"ET070302","NewPCODE":"ET070302"}},{"arcs":[[-2397,2411,-2410,2412,2413,-2378],[2414]],"type":"Polygon","properties":{"adm1_name":"Central Ethiopia","adm3_name":"Kediada Gambela","adm3_pcode":"ET070303","NewPCODE":"ET070303"}},{"arcs":[[2415,-2390,2416,-2411,-2412,-2396,2417]],"type":"Polygon","properties":{"adm1_name":"Central Ethiopia","adm3_name":"Kacha Bira","adm3_pcode":"ET070304","NewPCODE":"ET070304"}},{"arcs":[[2418,-2391,-2416,2419,2420,2421,2422]],"type":"Polygon","properties":{"adm1_name":"Central Ethiopia","adm3_name":"Hadero Tunto","adm3_pcode":"ET070305","NewPCODE":"ET070305"}},{"arcs":[[-2383,-2366,-2408,-2417,-2389]],"type":"Polygon","properties":{"adm1_name":"Central Ethiopia","adm3_name":"Doyogena","adm3_pcode":"ET070306","NewPCODE":"ET070306"}},{"arcs":[[2423,-2413,-2409,-2373,2424]],"type":"Polygon","properties":{"adm1_name":"Central Ethiopia","adm3_name":"Damboya","adm3_pcode":"ET070307","NewPCODE":"ET070307"}},{"arcs":[[-2415]],"type":"Polygon","properties":{"adm1_name":"Central Ethiopia","adm3_name":"Durame town","adm3_pcode":"ET070308","NewPCODE":"ET070308"}},{"arcs":[[-2414,-2424,2425,2426,2427,-2379]],"type":"Polygon","properties":{"adm1_name":"Central Ethiopia","adm3_name":"Adilo","adm3_pcode":"ET070309","NewPCODE":"ET070309"}},{"type":null,"properties":{"adm1_name":"Central Ethiopia","adm3_name":"Shinshincho town","adm3_pcode":"ET070310","NewPCODE":"ET070310"}},{"arcs":[[-2421,2428]],"type":"Polygon","properties":{"adm1_name":"Central Ethiopia","adm3_name":"Hadero town","adm3_pcode":"ET070312","NewPCODE":"ET070312"}},{"arcs":[[2429]],"type":"Polygon","properties":{"adm1_name":"Central Ethiopia","adm3_name":"Butajira town","adm3_pcode":"ET070401","NewPCODE":"ET070401"}},{"type":null,"properties":{"adm1_name":"Central Ethiopia","adm3_name":"Bui town","adm3_pcode":"ET070402","NewPCODE":"ET070402"}},{"arcs":[[2430,-1685,-1675,-1688,-1331]],"type":"Polygon","properties":{"adm1_name":"Central Ethiopia","adm3_name":"Sodo","adm3_pcode":"ET070403","NewPCODE":"ET070403"}},{"arcs":[[2431,2432,2433,2434,-2344,-2328,-1683,2435],[-2430]],"type":"Polygon","properties":{"adm1_name":"Central Ethiopia","adm3_name":"Meskan","adm3_pcode":"ET070404","NewPCODE":"ET070404"}},{"arcs":[[2436,-2432,2437,2438]],"type":"Polygon","properties":{"adm1_name":"Central Ethiopia","adm3_name":"Misrak Meskan","adm3_pcode":"ET070405","NewPCODE":"ET070405"}},{"arcs":[[2439,-2438,-2436,-1682,-2431,-1330]],"type":"Polygon","properties":{"adm1_name":"Central Ethiopia","adm3_name":"Debub Sodo","adm3_pcode":"ET070406","NewPCODE":"ET070406"}},{"arcs":[[-2427,2440]],"type":"Polygon","properties":{"adm1_name":"Central Ethiopia","adm3_name":"Kulito town","adm3_pcode":"ET071401","NewPCODE":"ET071401"}},{"arcs":[[-2380,-2428,-2441,-2426,-2425,-2372,2441,2442,-1805]],"type":"Polygon","properties":{"adm1_name":"Central Ethiopia","adm3_name":"Wera","adm3_pcode":"ET071402","NewPCODE":"ET071402"}},{"arcs":[[-1814,-1806,-2443,2443,2444]],"type":"Polygon","properties":{"adm1_name":"Central Ethiopia","adm3_name":"Atote Ulo","adm3_pcode":"ET071403","NewPCODE":"ET071403"}},{"arcs":[[-1823,-1815,-2445,2445,2446,-1338]],"type":"Polygon","properties":{"adm1_name":"Central Ethiopia","adm3_name":"Wera Djo","adm3_pcode":"ET071404","NewPCODE":"ET071404"}},{"arcs":[[2447,2448,2449,2450,-2336,-2325,-2345,-2435,2451]],"type":"Polygon","properties":{"adm1_name":"Central Ethiopia","adm3_name":"Alicho Woriro","adm3_pcode":"ET072001","NewPCODE":"ET072001"}},{"arcs":[[[2452,2453,2454,-2448,2455,2456]],[[2457,2458,-2433,-2437,2459]]],"type":"MultiPolygon","properties":{"adm1_name":"Central Ethiopia","adm3_name":"Siltie","adm3_pcode":"ET072002","NewPCODE":"ET072002"}},{"arcs":[[2460,2461,-2453,2462,2463,2464,-1340]],"type":"Polygon","properties":{"adm1_name":"Central Ethiopia","adm3_name":"Lanfero","adm3_pcode":"ET072003","NewPCODE":"ET072003"}},{"arcs":[[-2356,-2331,-2347,2465,-2393,-2362]],"type":"Polygon","properties":{"adm1_name":"Central Ethiopia","adm3_name":"Mierab Azenet Berbere","adm3_pcode":"ET072004","NewPCODE":"ET072004"}},{"arcs":[[2466,2467,2468,2469,-2454,-2462]],"type":"Polygon","properties":{"adm1_name":"Central Ethiopia","adm3_name":"Dalocha","adm3_pcode":"ET072005","NewPCODE":"ET072005"}},{"arcs":[[-2446,-2444,-2442,-2371,2470,-2468,2471]],"type":"Polygon","properties":{"adm1_name":"Central Ethiopia","adm3_name":"Sankura","adm3_pcode":"ET072006","NewPCODE":"ET072006"}},{"arcs":[[-2466,-2346,-2337,-2451,2472,-2394]],"type":"Polygon","properties":{"adm1_name":"Central Ethiopia","adm3_name":"Misrak Azenet Berbere","adm3_pcode":"ET072007","NewPCODE":"ET072007"}},{"arcs":[[-2471,-2370,-2395,-2473,-2450,2473,-2469]],"type":"Polygon","properties":{"adm1_name":"Central Ethiopia","adm3_name":"Wulbareg","adm3_pcode":"ET072008","NewPCODE":"ET072008"}},{"arcs":[[-2464,2474]],"type":"Polygon","properties":{"adm1_name":"Central Ethiopia","adm3_name":"Tora town","adm3_pcode":"ET072009","NewPCODE":"ET072009"}},{"arcs":[[-2470,-2474,-2449,-2455]],"type":"Polygon","properties":{"adm1_name":"Central Ethiopia","adm3_name":"Worabe town","adm3_pcode":"ET072010","NewPCODE":"ET072010"}},{"arcs":[[-2456,-2452,-2434,-2459,2475]],"type":"Polygon","properties":{"adm1_name":"Central Ethiopia","adm3_name":"Kibet town","adm3_pcode":"ET072011","NewPCODE":"ET072011"}},{"arcs":[[-2447,-2472,-2467,-2461,-1339]],"type":"Polygon","properties":{"adm1_name":"Central Ethiopia","adm3_name":"Mito","adm3_pcode":"ET072012","NewPCODE":"ET072012"}},{"arcs":[[-2465,-2475,-2463,-2457,-2476,-2458,2476,-1341]],"type":"Polygon","properties":{"adm1_name":"Central Ethiopia","adm3_name":"Misrak Siltie","adm3_pcode":"ET072013","NewPCODE":"ET072013"}},{"type":null,"properties":{"adm1_name":"Central Ethiopia","adm3_name":"Saja town","adm3_pcode":"ET072401","NewPCODE":"ET072401"}},{"type":null,"properties":{"adm1_name":"Central Ethiopia","adm3_name":"Fofa","adm3_pcode":"ET072402","NewPCODE":"ET072402"}},{"arcs":[[-1095,-1100,-1087,2477]],"type":"Polygon","properties":{"adm1_name":"Central Ethiopia","adm3_name":"Deri Saja zuria","adm3_pcode":"ET072403","NewPCODE":"ET072403"}},{"arcs":[[-1130,-1096,-2478,-1093,-2343,-2352,-2403,-2402,-2358,-1149]],"type":"Polygon","properties":{"adm1_name":"Central Ethiopia","adm3_name":"Toba","adm3_pcode":"ET072404","NewPCODE":"ET072404"}},{"arcs":[[-2477,-2460,-2439,-2440,-1329,-1342]],"type":"Polygon","properties":{"adm1_name":"Central Ethiopia","adm3_name":"Mareko Special","adm3_pcode":"ET072501","NewPCODE":"ET072501"}},{"arcs":[[[2478,-2406,-2392,-2419,2479,2480]],[[-2387,-2405]]],"type":"MultiPolygon","properties":{"adm1_name":"Central Ethiopia","adm3_name":"Tembaro Special","adm3_pcode":"ET072601","NewPCODE":"ET072601"}},{"arcs":[[2481,2482,-2422,-2429,-2420,-2418,-2399,2483,2484,2485]],"type":"Polygon","properties":{"adm1_name":"South Ethiopia","adm3_name":"Boloso Sore","adm3_pcode":"ET080101","NewPCODE":"ET080101"}},{"arcs":[[-2485,2486,-2375,2487,2488,2489]],"type":"Polygon","properties":{"adm1_name":"South Ethiopia","adm3_name":"Damot Gale","adm3_pcode":"ET080102","NewPCODE":"ET080102"}},{"arcs":[[2490,-2489,2491,2492]],"type":"Polygon","properties":{"adm1_name":"South Ethiopia","adm3_name":"Damot Woide","adm3_pcode":"ET080103","NewPCODE":"ET080103"}},{"arcs":[[2493,2494,2495,2496,2497,2498,2499]],"type":"Polygon","properties":{"adm1_name":"South Ethiopia","adm3_name":"Humbo","adm3_pcode":"ET080104","NewPCODE":"ET080104"}},{"arcs":[[2500,2501,2502,-2486,-2490,-2491,2503,-2497],[2504]],"type":"Polygon","properties":{"adm1_name":"South Ethiopia","adm3_name":"Sodo Zuria","adm3_pcode":"ET080105","NewPCODE":"ET080105"}},{"arcs":[[2505,2506,2507,2508,2509,2510,2511,2512]],"type":"Polygon","properties":{"adm1_name":"South Ethiopia","adm3_name":"Kindo Koyesha","adm3_pcode":"ET080106","NewPCODE":"ET080106"}},{"arcs":[[2513,2514,-2510,2515,-2501,-2496]],"type":"Polygon","properties":{"adm1_name":"South Ethiopia","adm3_name":"Ofa","adm3_pcode":"ET080107","NewPCODE":"ET080107"}},{"arcs":[[2516,-2480,-2423,-2483,2517,-2507]],"type":"Polygon","properties":{"adm1_name":"South Ethiopia","adm3_name":"Boloso Bombe","adm3_pcode":"ET080108","NewPCODE":"ET080108"}},{"arcs":[[-2518,-2482,-2503,2518,-2508]],"type":"Polygon","properties":{"adm1_name":"South Ethiopia","adm3_name":"Damot Sore","adm3_pcode":"ET080109","NewPCODE":"ET080109"}},{"arcs":[[2519,-2512,2520,2521,2522]],"type":"Polygon","properties":{"adm1_name":"South Ethiopia","adm3_name":"Kindo Daddaye","adm3_pcode":"ET080110","NewPCODE":"ET080110"}},{"arcs":[[-2484,-2398,-2376,-2487]],"type":"Polygon","properties":{"adm1_name":"South Ethiopia","adm3_name":"Damot Pullasa","adm3_pcode":"ET080111","NewPCODE":"ET080111"}},{"arcs":[[2523,-2492,-2488,-2382,-2404,-1811,2524,2525,2526]],"type":"Polygon","properties":{"adm1_name":"South Ethiopia","adm3_name":"Duguna Fango","adm3_pcode":"ET080112","NewPCODE":"ET080112"}},{"arcs":[[-2505]],"type":"Polygon","properties":{"adm1_name":"South Ethiopia","adm3_name":"Sodo town","adm3_pcode":"ET080113","NewPCODE":"ET080113"}},{"type":null,"properties":{"adm1_name":"South Ethiopia","adm3_name":"Areka town","adm3_pcode":"ET080114","NewPCODE":"ET080114"}},{"type":null,"properties":{"adm1_name":"South Ethiopia","adm3_name":"Boditi town","adm3_pcode":"ET080115","NewPCODE":"ET080115"}},{"type":null,"properties":{"adm1_name":"South Ethiopia","adm3_name":"Tebela town","adm3_pcode":"ET080116","NewPCODE":"ET080116"}},{"type":null,"properties":{"adm1_name":"South Ethiopia","adm3_name":"Gesuba town","adm3_pcode":"ET080117","NewPCODE":"ET080117"}},{"type":null,"properties":{"adm1_name":"South Ethiopia","adm3_name":"Gununo Hamus town","adm3_pcode":"ET080118","NewPCODE":"ET080118"}},{"arcs":[[2527,-2498,-2504,-2493,-2524,2528,-1758]],"type":"Polygon","properties":{"adm1_name":"South Ethiopia","adm3_name":"Hobicha Abaya","adm3_pcode":"ET080119","NewPCODE":"ET080119"}},{"arcs":[[2529,-2521,-2511,-2515,2530]],"type":"Polygon","properties":{"adm1_name":"South Ethiopia","adm3_name":"Kawo Koyesha","adm3_pcode":"ET080120","NewPCODE":"ET080120"}},{"arcs":[[-2499,-2528,-1757,2531]],"type":"Polygon","properties":{"adm1_name":"South Ethiopia","adm3_name":"Abela Abaya","adm3_pcode":"ET080121","NewPCODE":"ET080121"}},{"arcs":[[-2519,-2502,-2516,-2509]],"type":"Polygon","properties":{"adm1_name":"South Ethiopia","adm3_name":"Bayera Koyesha","adm3_pcode":"ET080122","NewPCODE":"ET080122"}},{"type":null,"properties":{"adm1_name":"South Ethiopia","adm3_name":"Bale Awassa town","adm3_pcode":"ET080123","NewPCODE":"ET080123"}},{"arcs":[[2532]],"type":"Polygon","properties":{"adm1_name":"South Ethiopia","adm3_name":"Arba Minch town","adm3_pcode":"ET080201","NewPCODE":"ET080201"}},{"arcs":[[2533,2534,2535,2536,-1773,2537,2538],[-2533]],"type":"Polygon","properties":{"adm1_name":"South Ethiopia","adm3_name":"Arba Minch Zuria","adm3_pcode":"ET080202","NewPCODE":"ET080202"}},{"type":null,"properties":{"adm1_name":"South Ethiopia","adm3_name":"Birbir town","adm3_pcode":"ET080203","NewPCODE":"ET080203"}},{"arcs":[[2539,2540,2541,2542,2543]],"type":"Polygon","properties":{"adm1_name":"South Ethiopia","adm3_name":"Bonke","adm3_pcode":"ET080204","NewPCODE":"ET080204"}},{"arcs":[[2544,2545,-2494,2546]],"type":"Polygon","properties":{"adm1_name":"South Ethiopia","adm3_name":"Boreda","adm3_pcode":"ET080205","NewPCODE":"ET080205"}},{"type":null,"properties":{"adm1_name":"South Ethiopia","adm3_name":"Chencha town","adm3_pcode":"ET080206","NewPCODE":"ET080206"}},{"arcs":[[2547,2548,2549,2550,-2536]],"type":"Polygon","properties":{"adm1_name":"South Ethiopia","adm3_name":"Chencha Zuriya","adm3_pcode":"ET080207","NewPCODE":"ET080207"}},{"arcs":[[2551,2552,2553,2554,-2541]],"type":"Polygon","properties":{"adm1_name":"South Ethiopia","adm3_name":"Daramalo","adm3_pcode":"ET080208","NewPCODE":"ET080208"}},{"arcs":[[2555,-2542,-2555,2556,2557,-2549]],"type":"Polygon","properties":{"adm1_name":"South Ethiopia","adm3_name":"Dita","adm3_pcode":"ET080209","NewPCODE":"ET080209"}},{"arcs":[[2558,-2543,-2556,-2548,-2535]],"type":"Polygon","properties":{"adm1_name":"South Ethiopia","adm3_name":"Gacho Baba","adm3_pcode":"ET080210","NewPCODE":"ET080210"}},{"arcs":[[2559,2560,2561,2562,2563]],"type":"Polygon","properties":{"adm1_name":"South Ethiopia","adm3_name":"Garda Marta","adm3_pcode":"ET080211","NewPCODE":"ET080211"}},{"arcs":[[2564,-2563,2565,-2544,-2559,-2534,2566]],"type":"Polygon","properties":{"adm1_name":"South Ethiopia","adm3_name":"Geressie","adm3_pcode":"ET080212","NewPCODE":"ET080212"}},{"type":null,"properties":{"adm1_name":"South Ethiopia","adm3_name":"Geressie town","adm3_pcode":"ET080213","NewPCODE":"ET080213"}},{"type":null,"properties":{"adm1_name":"South Ethiopia","adm3_name":"Kemba town","adm3_pcode":"ET080214","NewPCODE":"ET080214"}},{"arcs":[[-2562,2567,2568,-2552,-2540,-2566]],"type":"Polygon","properties":{"adm1_name":"South Ethiopia","adm3_name":"Kemba Zuria","adm3_pcode":"ET080215","NewPCODE":"ET080215"}},{"arcs":[[-2550,-2558,2569,-2545,2570]],"type":"Polygon","properties":{"adm1_name":"South Ethiopia","adm3_name":"Kogota /Ezo","adm3_pcode":"ET080216","NewPCODE":"ET080216"}},{"arcs":[[2571,-2531,-2514,-2495,-2546,-2570,-2557,-2554,2572]],"type":"Polygon","properties":{"adm1_name":"South Ethiopia","adm3_name":"Kucha","adm3_pcode":"ET080217","NewPCODE":"ET080217"}},{"arcs":[[2573,2574,-2522,-2530,-2572,2575]],"type":"Polygon","properties":{"adm1_name":"South Ethiopia","adm3_name":"Kucha Alpha","adm3_pcode":"ET080218","NewPCODE":"ET080218"}},{"arcs":[[-2551,-2571,-2547,-2500,-2532,-1756,-1774,-2537]],"type":"Polygon","properties":{"adm1_name":"South Ethiopia","adm3_name":"Mirab Abaya","adm3_pcode":"ET080219","NewPCODE":"ET080219"}},{"type":null,"properties":{"adm1_name":"South Ethiopia","adm3_name":"Selamber town","adm3_pcode":"ET080220","NewPCODE":"ET080220"}},{"type":null,"properties":{"adm1_name":"South Ethiopia","adm3_name":"Beto town","adm3_pcode":"ET080301","NewPCODE":"ET080301"}},{"type":null,"properties":{"adm1_name":"South Ethiopia","adm3_name":"Buleqi town","adm3_pcode":"ET080302","NewPCODE":"ET080302"}},{"arcs":[[2576,2577,2578,2579,2580,2581,-2574,2582,2583]],"type":"Polygon","properties":{"adm1_name":"South Ethiopia","adm3_name":"Denba Gofa","adm3_pcode":"ET080303","NewPCODE":"ET080303"}},{"arcs":[[2584,2585,-2580,2586,-2578,2587,2588,2589]],"type":"Polygon","properties":{"adm1_name":"South Ethiopia","adm3_name":"Gezei Gofa","adm3_pcode":"ET080304","NewPCODE":"ET080304"}},{"type":null,"properties":{"adm1_name":"South Ethiopia","adm3_name":"Laha town","adm3_pcode":"ET080305","NewPCODE":"ET080305"}},{"arcs":[[2590,2591,-2585,2592,2593]],"type":"Polygon","properties":{"adm1_name":"South Ethiopia","adm3_name":"Melekoza","adm3_pcode":"ET080306","NewPCODE":"ET080306"}},{"arcs":[[2594,2595,2596,-2581,-2586,-2592]],"type":"Polygon","properties":{"adm1_name":"South Ethiopia","adm3_name":"Melo Gada","adm3_pcode":"ET080307","NewPCODE":"ET080307"}},{"arcs":[[2597,-2588,-2577,2598]],"type":"Polygon","properties":{"adm1_name":"South Ethiopia","adm3_name":"O'yida","adm3_pcode":"ET080308","NewPCODE":"ET080308"}},{"arcs":[[-2579,-2587]],"type":"Polygon","properties":{"adm1_name":"South Ethiopia","adm3_name":"Sawla town","adm3_pcode":"ET080309","NewPCODE":"ET080309"}},{"arcs":[[2599,2600,-2599,-2584,2601,-2568,-2561,2602]],"type":"Polygon","properties":{"adm1_name":"South Ethiopia","adm3_name":"Uba Debre Tsehay","adm3_pcode":"ET080310","NewPCODE":"ET080310"}},{"arcs":[[-2583,-2576,-2573,-2553,-2569,-2602]],"type":"Polygon","properties":{"adm1_name":"South Ethiopia","adm3_name":"Zala","adm3_pcode":"ET080311","NewPCODE":"ET080311"}},{"arcs":[[-2593,-2590,2603,2604,2605]],"type":"Polygon","properties":{"adm1_name":"South Ethiopia","adm3_name":"Basketo Special","adm3_pcode":"ET080401","NewPCODE":"ET080401"}},{"type":null,"properties":{"adm1_name":"South Ethiopia","adm3_name":"Laska town","adm3_pcode":"ET080402","NewPCODE":"ET080402"}},{"arcs":[[2606,2607,2608,2609]],"type":"Polygon","properties":{"adm1_name":"South Ethiopia","adm3_name":"Baka Dawula","adm3_pcode":"ET080501","NewPCODE":"ET080501"}},{"type":null,"properties":{"adm1_name":"South Ethiopia","adm3_name":"Gelila town","adm3_pcode":"ET080504","NewPCODE":"ET080504"}},{"arcs":[[-2608,2610]],"type":"Polygon","properties":{"adm1_name":"South Ethiopia","adm3_name":"Jinka town","adm3_pcode":"ET080506","NewPCODE":"ET080506"}},{"arcs":[[2611,2612,-2604,-2589,-2598,-2601,2613]],"type":"Polygon","properties":{"adm1_name":"South Ethiopia","adm3_name":"North Ari","adm3_pcode":"ET080508","NewPCODE":"ET080508"}},{"arcs":[[-2609,-2611,-2607,2614,2615,-2605,-2613,2616,-2614,-2600,2617,2618]],"type":"Polygon","properties":{"adm1_name":"South Ethiopia","adm3_name":"South Ari","adm3_pcode":"ET080511","NewPCODE":"ET080511"}},{"arcs":[[-2612,-2617]],"type":"Polygon","properties":{"adm1_name":"South Ethiopia","adm3_name":"Wub Ari","adm3_pcode":"ET080513","NewPCODE":"ET080513"}},{"arcs":[[2619,2620,2621,-2564,-2565,2622,2623]],"type":"Polygon","properties":{"adm1_name":"South Ethiopia","adm3_name":"Alle Special","adm3_pcode":"ET080601","NewPCODE":"ET080601"}},{"arcs":[[-2623,-2567,-2539,2624,2625,2626]],"type":"Polygon","properties":{"adm1_name":"South Ethiopia","adm3_name":"Derashe","adm3_pcode":"ET080701","NewPCODE":"ET080701"}},{"type":null,"properties":{"adm1_name":"South Ethiopia","adm3_name":"Gidole town","adm3_pcode":"ET080702","NewPCODE":"ET080702"}},{"arcs":[[2627,-2625,-2538,-1772,-1785,2628]],"type":"Polygon","properties":{"adm1_name":"South Ethiopia","adm3_name":"Amaro","adm3_pcode":"ET080801","NewPCODE":"ET080801"}},{"type":null,"properties":{"adm1_name":"South Ethiopia","adm3_name":"Kele town","adm3_pcode":"ET080802","NewPCODE":"ET080802"}},{"arcs":[[2629,2630,-1628]],"type":"Polygon","properties":{"adm1_name":"South Ethiopia","adm3_name":"Kena","adm3_pcode":"ET080901","NewPCODE":"ET080901"}},{"arcs":[[-2631,2631,-2624,-2627,2632,2633,-1649,-1629]],"type":"Polygon","properties":{"adm1_name":"South Ethiopia","adm3_name":"Karat Zuria","adm3_pcode":"ET080902","NewPCODE":"ET080902"}},{"type":null,"properties":{"adm1_name":"South Ethiopia","adm3_name":"Karat town","adm3_pcode":"ET080903","NewPCODE":"ET080903"}},{"arcs":[[-2626,-2628,2634,-2633]],"type":"Polygon","properties":{"adm1_name":"South Ethiopia","adm3_name":"Segen Zuria","adm3_pcode":"ET080904","NewPCODE":"ET080904"}},{"arcs":[[2635,-2620,-2632,-2630,-1627]],"type":"Polygon","properties":{"adm1_name":"South Ethiopia","adm3_name":"Kolme","adm3_pcode":"ET080905","NewPCODE":"ET080905"}},{"arcs":[[-2634,-2635,-2629,-1784,-1767,-1650]],"type":"Polygon","properties":{"adm1_name":"South Ethiopia","adm3_name":"Burji","adm3_pcode":"ET081001","NewPCODE":"ET081001"}},{"arcs":[[-1764,2636,2637,2638]],"type":"Polygon","properties":{"adm1_name":"South Ethiopia","adm3_name":"Wenago","adm3_pcode":"ET081101","NewPCODE":"ET081101"}},{"arcs":[[-1765,-2639,2639,2640,2641,-1775]],"type":"Polygon","properties":{"adm1_name":"South Ethiopia","adm3_name":"Yirgachefe","adm3_pcode":"ET081102","NewPCODE":"ET081102"}},{"arcs":[[-1778,2642,-1776,-2642,2643,2644]],"type":"Polygon","properties":{"adm1_name":"South Ethiopia","adm3_name":"Kochere","adm3_pcode":"ET081103","NewPCODE":"ET081103"}},{"arcs":[[2645,2646,2647,-1725]],"type":"Polygon","properties":{"adm1_name":"South Ethiopia","adm3_name":"Bule","adm3_pcode":"ET081104","NewPCODE":"ET081104"}},{"arcs":[[2648,2649,-2647,2650,-2637,-1763]],"type":"Polygon","properties":{"adm1_name":"South Ethiopia","adm3_name":"Dila Zuria","adm3_pcode":"ET081105","NewPCODE":"ET081105"}},{"arcs":[[-1781,2651,-1779,-2645,2652,-1754,-1749,-1745]],"type":"Polygon","properties":{"adm1_name":"South Ethiopia","adm3_name":"Gedeb","adm3_pcode":"ET081106","NewPCODE":"ET081106"}},{"arcs":[[-2640,-2638,-2651,-2646,-1740,2653]],"type":"Polygon","properties":{"adm1_name":"South Ethiopia","adm3_name":"Rape","adm3_pcode":"ET081107","NewPCODE":"ET081107"}},{"arcs":[[-2644,-2641,-2654,-1755,-2653]],"type":"Polygon","properties":{"adm1_name":"South Ethiopia","adm3_name":"Churso","adm3_pcode":"ET081108","NewPCODE":"ET081108"}},{"arcs":[[2654,-2649,-1762]],"type":"Polygon","properties":{"adm1_name":"South Ethiopia","adm3_name":"Dila town","adm3_pcode":"ET081109","NewPCODE":"ET081109"}},{"arcs":[[-1780,-2652]],"type":"Polygon","properties":{"adm1_name":"South Ethiopia","adm3_name":"Gedeb town","adm3_pcode":"ET081110","NewPCODE":"ET081110"}},{"type":null,"properties":{"adm1_name":"South Ethiopia","adm3_name":"Yirgachefe town","adm3_pcode":"ET081111","NewPCODE":"ET081111"}},{"arcs":[[-2643,-1777]],"type":"Polygon","properties":{"adm1_name":"South Ethiopia","adm3_name":"Chelelektu town","adm3_pcode":"ET081112","NewPCODE":"ET081112"}},{"type":null,"properties":{"adm1_name":"South Ethiopia","adm3_name":"Wonago town","adm3_pcode":"ET081113","NewPCODE":"ET081113"}},{"arcs":[[2655,2656,-2615,-2610,-2619,2657,-2621,-2636,-1626]],"type":"Polygon","properties":{"adm1_name":"South Ethiopia","adm3_name":"Bena Tsemay","adm3_pcode":"ET081201","NewPCODE":"ET081201"}},{"arcs":[[2658,2659,2660]],"type":"Polygon","properties":{"adm1_name":"South Ethiopia","adm3_name":"Dasenech /Kuraz","adm3_pcode":"ET081202","NewPCODE":"ET081202"}},{"arcs":[[-2660,2661,2662,-2656,-1625,2663]],"type":"Polygon","properties":{"adm1_name":"South Ethiopia","adm3_name":"Hamer","adm3_pcode":"ET081203","NewPCODE":"ET081203"}},{"arcs":[[-2618,-2603,-2560,-2622,-2658]],"type":"Polygon","properties":{"adm1_name":"South Ethiopia","adm3_name":"Malie","adm3_pcode":"ET081204","NewPCODE":"ET081204"}},{"arcs":[[2664,2665,-2662,-2659,2666]],"type":"Polygon","properties":{"adm1_name":"South Ethiopia","adm3_name":"Nyngatom","adm3_pcode":"ET081205","NewPCODE":"ET081205"}},{"arcs":[[-2666,2667,2668,2669,2670,-2594,-2606,-2616,-2657,-2663]],"type":"Polygon","properties":{"adm1_name":"South Ethiopia","adm3_name":"Salamago","adm3_pcode":"ET081206","NewPCODE":"ET081206"}},{"type":null,"properties":{"adm1_name":"South Ethiopia","adm3_name":"Turmi town","adm3_pcode":"ET081207","NewPCODE":"ET081207"}},{"arcs":[[-1073,2671,2672,-1058]],"type":"Polygon","properties":{"adm1_name":"South West Ethiopia","adm3_name":"Anderacha","adm3_pcode":"ET110101","NewPCODE":"ET110101"}},{"arcs":[[-1059,-2673,2673,2674,2675,2676,2677]],"type":"Polygon","properties":{"adm1_name":"South West Ethiopia","adm3_name":"Masha","adm3_pcode":"ET110102","NewPCODE":"ET110102"}},{"arcs":[[2678,-2676,2679,2680,2681,2682]],"type":"Polygon","properties":{"adm1_name":"South West Ethiopia","adm3_name":"Yeki","adm3_pcode":"ET110103","NewPCODE":"ET110103"}},{"type":null,"properties":{"adm1_name":"South West Ethiopia","adm3_name":"Tepi","adm3_pcode":"ET110104","NewPCODE":"ET110104"}},{"type":null,"properties":{"adm1_name":"South West Ethiopia","adm3_name":"Masha town","adm3_pcode":"ET110105","NewPCODE":"ET110105"}},{"arcs":[[-1063,-1069,-1134,2683,2684,-1071]],"type":"Polygon","properties":{"adm1_name":"South West Ethiopia","adm3_name":"Saylem","adm3_pcode":"ET110201","NewPCODE":"ET110201"}},{"arcs":[[-2672,-1072,-2685,2685,2686,-2674]],"type":"Polygon","properties":{"adm1_name":"South West Ethiopia","adm3_name":"Gesha","adm3_pcode":"ET110202","NewPCODE":"ET110202"}},{"arcs":[[-2686,-2684,-1115,2687,2688,2689]],"type":"Polygon","properties":{"adm1_name":"South West Ethiopia","adm3_name":"Gewata","adm3_pcode":"ET110203","NewPCODE":"ET110203"}},{"arcs":[[2690,2691,2692,2693,2694,-2688,-1121,-1138,2695,2696]],"type":"Polygon","properties":{"adm1_name":"South West Ethiopia","adm3_name":"Gimbo","adm3_pcode":"ET110204","NewPCODE":"ET110204"}},{"arcs":[[2697,2698,2699,2700,-2696,-1139,-1125,-1129,2701,2702,2703]],"type":"Polygon","properties":{"adm1_name":"South West Ethiopia","adm3_name":"Adiyio","adm3_pcode":"ET110205","NewPCODE":"ET110205"}},{"arcs":[[2704,2705,-2700,2706]],"type":"Polygon","properties":{"adm1_name":"South West Ethiopia","adm3_name":"Tullo","adm3_pcode":"ET110206","NewPCODE":"ET110206"}},{"arcs":[[2707,2708,-2705,2709,2710]],"type":"Polygon","properties":{"adm1_name":"South West Ethiopia","adm3_name":"Cheta","adm3_pcode":"ET110207","NewPCODE":"ET110207"}},{"arcs":[[2711,2712,2713,2714,-2694,2715,-2692,2716,-2697,-2701,-2706,-2709,2717]],"type":"Polygon","properties":{"adm1_name":"South West Ethiopia","adm3_name":"Decha","adm3_pcode":"ET110208","NewPCODE":"ET110208"}},{"arcs":[[2718,2719,2720,-2681,2721,2722,2723,-2713,2724]],"type":"Polygon","properties":{"adm1_name":"South West Ethiopia","adm3_name":"Chena","adm3_pcode":"ET110209","NewPCODE":"ET110209"}},{"arcs":[[-2687,-2690,2725,-2722,-2680,-2675]],"type":"Polygon","properties":{"adm1_name":"South West Ethiopia","adm3_name":"Bita","adm3_pcode":"ET110210","NewPCODE":"ET110210"}},{"arcs":[[-2691,-2717]],"type":"Polygon","properties":{"adm1_name":"South West Ethiopia","adm3_name":"Bonga town","adm3_pcode":"ET110211","NewPCODE":"ET110211"}},{"arcs":[[2726,2727,-2718,-2708,2728,-2670]],"type":"Polygon","properties":{"adm1_name":"South West Ethiopia","adm3_name":"Goba (SW)","adm3_pcode":"ET110212","NewPCODE":"ET110212"}},{"arcs":[[2729,-2723,-2726,-2689,-2695,-2715]],"type":"Polygon","properties":{"adm1_name":"South West Ethiopia","adm3_name":"Shisho Ande","adm3_pcode":"ET110213","NewPCODE":"ET110213"}},{"type":null,"properties":{"adm1_name":"South West Ethiopia","adm3_name":"Wacha town","adm3_pcode":"ET110214","NewPCODE":"ET110214"}},{"type":null,"properties":{"adm1_name":"South West Ethiopia","adm3_name":"Deka town","adm3_pcode":"ET110215","NewPCODE":"ET110215"}},{"arcs":[[-2693,-2716]],"type":"Polygon","properties":{"adm1_name":"South West Ethiopia","adm3_name":"Awurada town","adm3_pcode":"ET110216","NewPCODE":"ET110216"}},{"arcs":[[-2724,-2730,-2714]],"type":"Polygon","properties":{"adm1_name":"South West Ethiopia","adm3_name":"Shishinda town","adm3_pcode":"ET110217","NewPCODE":"ET110217"}},{"arcs":[[2730,-2683,2731,2732,2733,2734],[2735]],"type":"Polygon","properties":{"adm1_name":"South West Ethiopia","adm3_name":"Sheko","adm3_pcode":"ET110301","NewPCODE":"ET110301"}},{"arcs":[[2736,2737,-2735,2738,2739,2740,2741]],"type":"Polygon","properties":{"adm1_name":"South West Ethiopia","adm3_name":"Gurafereda","adm3_pcode":"ET110302","NewPCODE":"ET110302"}},{"arcs":[[-2739,-2734,2742,2743,2744,2745,2746,2747]],"type":"Polygon","properties":{"adm1_name":"South West Ethiopia","adm3_name":"Debub Bench","adm3_pcode":"ET110303","NewPCODE":"ET110303"}},{"arcs":[[2748,2749,-2746,2750,-2719,2751]],"type":"Polygon","properties":{"adm1_name":"South West Ethiopia","adm3_name":"Shay Bench","adm3_pcode":"ET110304","NewPCODE":"ET110304"}},{"arcs":[[2752,-2743,-2733,2753,-2720,-2751,-2745]],"type":"Polygon","properties":{"adm1_name":"South West Ethiopia","adm3_name":"Semen Bench","adm3_pcode":"ET110305","NewPCODE":"ET110305"}},{"arcs":[[-2682,-2721,-2754,-2732]],"type":"Polygon","properties":{"adm1_name":"South West Ethiopia","adm3_name":"Gidi Bench","adm3_pcode":"ET110306","NewPCODE":"ET110306"}},{"arcs":[[-2753,-2744]],"type":"Polygon","properties":{"adm1_name":"South West Ethiopia","adm3_name":"Mizan Aman town","adm3_pcode":"ET110307","NewPCODE":"ET110307"}},{"type":null,"properties":{"adm1_name":"South West Ethiopia","adm3_name":"Size town","adm3_pcode":"ET110308","NewPCODE":"ET110308"}},{"type":null,"properties":{"adm1_name":"South West Ethiopia","adm3_name":"Biftu town","adm3_pcode":"ET110309","NewPCODE":"ET110309"}},{"arcs":[[-2736]],"type":"Polygon","properties":{"adm1_name":"South West Ethiopia","adm3_name":"Sheko town","adm3_pcode":"ET110310","NewPCODE":"ET110310"}},{"arcs":[[2754,2755,2756,2757,-1148,2758,2759,2760,2761]],"type":"Polygon","properties":{"adm1_name":"South West Ethiopia","adm3_name":"Tocha","adm3_pcode":"ET110401","NewPCODE":"ET110401"}},{"arcs":[[2762,2763,2764,2765,2766]],"type":"Polygon","properties":{"adm1_name":"South West Ethiopia","adm3_name":"Mareka","adm3_pcode":"ET110402","NewPCODE":"ET110402"}},{"arcs":[[2767,-2767,2768,2769,2770,-2513,-2520,2771,2772]],"type":"Polygon","properties":{"adm1_name":"South West Ethiopia","adm3_name":"Loma","adm3_pcode":"ET110403","NewPCODE":"ET110403"}},{"arcs":[[-1147,-1152,-2407,-2479,2773,-2765,2774,-2759]],"type":"Polygon","properties":{"adm1_name":"South West Ethiopia","adm3_name":"Gena","adm3_pcode":"ET110404","NewPCODE":"ET110404"}},{"arcs":[[2775,2776,-2762,2777,-2773,2778,-2596,2779]],"type":"Polygon","properties":{"adm1_name":"South West Ethiopia","adm3_name":"Esara","adm3_pcode":"ET110405","NewPCODE":"ET110405"}},{"arcs":[[2780,-2755,-2777]],"type":"Polygon","properties":{"adm1_name":"South West Ethiopia","adm3_name":"Kachi","adm3_pcode":"ET110406","NewPCODE":"ET110406"}},{"arcs":[[-2760,-2775,-2764,2781]],"type":"Polygon","properties":{"adm1_name":"South West Ethiopia","adm3_name":"Tercha Zuriya","adm3_pcode":"ET110407","NewPCODE":"ET110407"}},{"arcs":[[-2761,-2782,-2763,-2768,-2778]],"type":"Polygon","properties":{"adm1_name":"South West Ethiopia","adm3_name":"Mari Mansa","adm3_pcode":"ET110408","NewPCODE":"ET110408"}},{"arcs":[[-2779,-2772,-2523,-2575,-2582,-2597]],"type":"Polygon","properties":{"adm1_name":"South West Ethiopia","adm3_name":"Disa","adm3_pcode":"ET110409","NewPCODE":"ET110409"}},{"arcs":[[2782,-2769,-2766,-2774,-2481,-2517,-2506,-2771]],"type":"Polygon","properties":{"adm1_name":"South West Ethiopia","adm3_name":"Zabagazo","adm3_pcode":"ET110410","NewPCODE":"ET110410"}},{"type":null,"properties":{"adm1_name":"South West Ethiopia","adm3_name":"Tercha town","adm3_pcode":"ET110411","NewPCODE":"ET110411"}},{"arcs":[[-2783,-2770]],"type":"Polygon","properties":{"adm1_name":"South West Ethiopia","adm3_name":"Gesa town","adm3_pcode":"ET110412","NewPCODE":"ET110412"}},{"arcs":[[2783,2784,2785,-2747,-2750,2786,2787,2788]],"type":"Polygon","properties":{"adm1_name":"South West Ethiopia","adm3_name":"Gachit","adm3_pcode":"ET110501","NewPCODE":"ET110501"}},{"arcs":[[-2788,2789,-2752,-2725,-2712,-2728,2790]],"type":"Polygon","properties":{"adm1_name":"South West Ethiopia","adm3_name":"Menit Goldiye","adm3_pcode":"ET110502","NewPCODE":"ET110502"}},{"arcs":[[2791,-2740,-2748,-2786,2792,2793]],"type":"Polygon","properties":{"adm1_name":"South West Ethiopia","adm3_name":"Gori Gesha","adm3_pcode":"ET110503","NewPCODE":"ET110503"}},{"arcs":[[-2793,-2785,2794,-2789,-2791,-2727,-2669,2795]],"type":"Polygon","properties":{"adm1_name":"South West Ethiopia","adm3_name":"Menit Shasha","adm3_pcode":"ET110504","NewPCODE":"ET110504"}},{"arcs":[[2796,2797,-2741,-2792,2798]],"type":"Polygon","properties":{"adm1_name":"South West Ethiopia","adm3_name":"Bero","adm3_pcode":"ET110505","NewPCODE":"ET110505"}},{"arcs":[[2799,-2797,2800,2801]],"type":"Polygon","properties":{"adm1_name":"South West Ethiopia","adm3_name":"Surma","adm3_pcode":"ET110506","NewPCODE":"ET110506"}},{"arcs":[[-2801,-2799,-2794,-2796,-2668,-2665,2802],[2803]],"type":"Polygon","properties":{"adm1_name":"South West Ethiopia","adm3_name":"Maji","adm3_pcode":"ET110507","NewPCODE":"ET110507"}},{"arcs":[[-2787,-2749,-2790]],"type":"Polygon","properties":{"adm1_name":"South West Ethiopia","adm3_name":"Bachuma town","adm3_pcode":"ET110509","NewPCODE":"ET110509"}},{"arcs":[[-2784,-2795]],"type":"Polygon","properties":{"adm1_name":"South West Ethiopia","adm3_name":"Jemu town","adm3_pcode":"ET110510","NewPCODE":"ET110510"}},{"arcs":[[-2804]],"type":"Polygon","properties":{"adm1_name":"South West Ethiopia","adm3_name":"Maji Tum town","adm3_pcode":"ET110511","NewPCODE":"ET110511"}},{"arcs":[[-2729,-2711,2804,-2780,-2595,-2591,-2671]],"type":"Polygon","properties":{"adm1_name":"South West Ethiopia","adm3_name":"Konta Koysha","adm3_pcode":"ET110601","NewPCODE":"ET110601"}},{"arcs":[[-2703,2805,-2757,2806]],"type":"Polygon","properties":{"adm1_name":"South West Ethiopia","adm3_name":"Chida town","adm3_pcode":"ET110602","NewPCODE":"ET110602"}},{"arcs":[[-2698,2807]],"type":"Polygon","properties":{"adm1_name":"South West Ethiopia","adm3_name":"Amaya town","adm3_pcode":"ET110603","NewPCODE":"ET110603"}},{"arcs":[[-2806,-2702,-1128,-1145,-2758]],"type":"Polygon","properties":{"adm1_name":"South West Ethiopia","adm3_name":"Elahanchano","adm3_pcode":"ET110604","NewPCODE":"ET110604"}},{"arcs":[[-2710,-2707,-2699,-2808,-2704,-2807,-2756,-2781,-2776,-2805]],"type":"Polygon","properties":{"adm1_name":"South West Ethiopia","adm3_name":"Ameya Zuria","adm3_pcode":"ET110605","NewPCODE":"ET110605"}},{"arcs":[[2808,2809,2810]],"type":"Polygon","properties":{"adm1_name":"Gambela","adm3_name":"Akobo","adm3_pcode":"ET120101","NewPCODE":"ET120101"}},{"arcs":[[2811,2812,2813,2814]],"type":"Polygon","properties":{"adm1_name":"Gambela","adm3_name":"Lare","adm3_pcode":"ET120102","NewPCODE":"ET120102"}},{"arcs":[[-2814,2815,2816,2817,2818,2819]],"type":"Polygon","properties":{"adm1_name":"Gambela","adm3_name":"Jikawo","adm3_pcode":"ET120103","NewPCODE":"ET120103"}},{"arcs":[[-2819,2820,-2809,2821]],"type":"Polygon","properties":{"adm1_name":"Gambela","adm3_name":"Wantawo","adm3_pcode":"ET120104","NewPCODE":"ET120104"}},{"arcs":[[2822,2823,-2817]],"type":"Polygon","properties":{"adm1_name":"Gambela","adm3_name":"Makuey","adm3_pcode":"ET120105","NewPCODE":"ET120105"}},{"arcs":[[-2813,2824,2825,2826,-2823,-2816]],"type":"Polygon","properties":{"adm1_name":"Gambela","adm3_name":"Gambela National Park","adm3_pcode":"ET120200","NewPCODE":"ET120200"}},{"arcs":[[2827,-1061,2828,2829,2830,-2826,2831]],"type":"Polygon","properties":{"adm1_name":"Gambela","adm3_name":"Abobo","adm3_pcode":"ET120201","NewPCODE":"ET120201"}},{"arcs":[[-1881,-1878,-1054,-1055,-2828,2832],[2833]],"type":"Polygon","properties":{"adm1_name":"Gambela","adm3_name":"Gambela Zuria","adm3_pcode":"ET120202","NewPCODE":"ET120202"}},{"arcs":[[2834,-2830,2835,2836,2837]],"type":"Polygon","properties":{"adm1_name":"Gambela","adm3_name":"Gog","adm3_pcode":"ET120203","NewPCODE":"ET120203"}},{"arcs":[[-2810,-2821,-2818,-2824,-2827,-2831,-2835,2838]],"type":"Polygon","properties":{"adm1_name":"Gambela","adm3_name":"Jore","adm3_pcode":"ET120204","NewPCODE":"ET120204"}},{"arcs":[[-2837,2839,-2742,-2798,-2800,2840]],"type":"Polygon","properties":{"adm1_name":"Gambela","adm3_name":"Dima (GM)","adm3_pcode":"ET120205","NewPCODE":"ET120205"}},{"arcs":[[-2834]],"type":"Polygon","properties":{"adm1_name":"Gambela","adm3_name":"Gambela town","adm3_pcode":"ET120206","NewPCODE":"ET120206"}},{"arcs":[[2841,-2677,-2679,-2731,-2738]],"type":"Polygon","properties":{"adm1_name":"Gambela","adm3_name":"Godere","adm3_pcode":"ET120301","NewPCODE":"ET120301"}},{"arcs":[[-2836,-2829,-1060,-2678,-2842,-2737,-2840]],"type":"Polygon","properties":{"adm1_name":"Gambela","adm3_name":"Mengesh","adm3_pcode":"ET120308","NewPCODE":"ET120308"}},{"arcs":[[-1887,-1882,-2833,-2832,-2825,-2812,2842]],"type":"Polygon","properties":{"adm1_name":"Gambela","adm3_name":"Itang","adm3_pcode":"ET120407","NewPCODE":"ET120407"}},{"arcs":[[-1519,2843,2844,2845,2846,-1510]],"type":"Polygon","properties":{"adm1_name":"Harari","adm3_name":"Sofi","adm3_pcode":"ET130101","NewPCODE":"ET130101"}},{"arcs":[[2847,2848,2849,2850,2851,-1490]],"type":"Polygon","properties":{"adm1_name":"Harari","adm3_name":"Shenkor","adm3_pcode":"ET130102","NewPCODE":"ET130102"}},{"arcs":[[-1568,2852,2853,-1521]],"type":"Polygon","properties":{"adm1_name":"Harari","adm3_name":"Jinela","adm3_pcode":"ET130103","NewPCODE":"ET130103"}},{"arcs":[[-1518,-1522,-2854,2854,-2844]],"type":"Polygon","properties":{"adm1_name":"Harari","adm3_name":"Hakim","adm3_pcode":"ET130104","NewPCODE":"ET130104"}},{"arcs":[[-1503,-1511,-2847,2855,-2848,-1489,-1497]],"type":"Polygon","properties":{"adm1_name":"Harari","adm3_name":"Erer (HR)","adm3_pcode":"ET130105","NewPCODE":"ET130105"}},{"arcs":[[-2852,2856,-1491]],"type":"Polygon","properties":{"adm1_name":"Harari","adm3_name":"Dire Teyara","adm3_pcode":"ET130106","NewPCODE":"ET130106"}},{"arcs":[[-2846,2857,-2849,-2856]],"type":"Polygon","properties":{"adm1_name":"Harari","adm3_name":"Amir Nur","adm3_pcode":"ET130107","NewPCODE":"ET130107"}},{"arcs":[[-2857,-2851,2858,-1566]],"type":"Polygon","properties":{"adm1_name":"Harari","adm3_name":"Aboker","adm3_pcode":"ET130108","NewPCODE":"ET130108"}},{"arcs":[[-2855,-2853,-1567,-2859,-2850,-2858,-2845]],"type":"Polygon","properties":{"adm1_name":"Harari","adm3_name":"Abadir","adm3_pcode":"ET130109","NewPCODE":"ET130109"}},{"arcs":[[-1931,-1928,2859,2860,-1938]],"type":"Polygon","properties":{"adm1_name":"Addis Ababa","adm3_name":"Akaki Kality Sub City","adm3_pcode":"ET140101","NewPCODE":"ET140101"}},{"arcs":[[-1924,2861,2862,2863,2864,-2860,-1927,-1934]],"type":"Polygon","properties":{"adm1_name":"Addis Ababa","adm3_name":"Nifas Silk Lafto Sub City","adm3_pcode":"ET140102","NewPCODE":"ET140102"}},{"arcs":[[-1923,-1947,2865,2866,-2862]],"type":"Polygon","properties":{"adm1_name":"Addis Ababa","adm3_name":"Kolfe Keraniyo Sub City","adm3_pcode":"ET140103","NewPCODE":"ET140103"}},{"arcs":[[-2861,-2865,2867,2868,2869]],"type":"Polygon","properties":{"adm1_name":"Addis Ababa","adm3_name":"Bole Sub City","adm3_pcode":"ET140104","NewPCODE":"ET140104"}},{"arcs":[[-2867,2870,2871,2872,-2863]],"type":"Polygon","properties":{"adm1_name":"Addis Ababa","adm3_name":"Lideta Sub City","adm3_pcode":"ET140105","NewPCODE":"ET140105"}},{"arcs":[[-2873,2873,2874,-2868,-2864]],"type":"Polygon","properties":{"adm1_name":"Addis Ababa","adm3_name":"Kirkos Sub City","adm3_pcode":"ET140106","NewPCODE":"ET140106"}},{"arcs":[[-1918,2875,-2869,-2875,2876,2877,-1944]],"type":"Polygon","properties":{"adm1_name":"Addis Ababa","adm3_name":"Yeka Sub City","adm3_pcode":"ET140107","NewPCODE":"ET140107"}},{"arcs":[[-1913,2878,2879,-2871,-2866,-1946]],"type":"Polygon","properties":{"adm1_name":"Addis Ababa","adm3_name":"Addis Ketema Sub City","adm3_pcode":"ET140108","NewPCODE":"ET140108"}},{"arcs":[[-2877,-2874,-2872,-2880,2880]],"type":"Polygon","properties":{"adm1_name":"Addis Ababa","adm3_name":"Arada Sub City","adm3_pcode":"ET140109","NewPCODE":"ET140109"}},{"arcs":[[-2878,-2881,-2879,-1912,-1945]],"type":"Polygon","properties":{"adm1_name":"Addis Ababa","adm3_name":"Gulele Sub City","adm3_pcode":"ET140110","NewPCODE":"ET140110"}},{"arcs":[[-1939,-2870,-2876,-1917,-1941]],"type":"Polygon","properties":{"adm1_name":"Addis Ababa","adm3_name":"Lemi Kura Sub City","adm3_pcode":"ET140111","NewPCODE":"ET140111"}},{"arcs":[[2881,2882,2883,2884,2885,-2006]],"type":"Polygon","properties":{"adm1_name":"Dire Dawa","adm3_name":"Sabian","adm3_pcode":"ET150103","NewPCODE":"ET150103"}},{"arcs":[[-2886,2886,-2007]],"type":"Polygon","properties":{"adm1_name":"Dire Dawa","adm3_name":"Malka Jabti /M.Jebdu","adm3_pcode":"ET150104","NewPCODE":"ET150104"}},{"arcs":[[2887,2888,2889,2890]],"type":"Polygon","properties":{"adm1_name":"Dire Dawa","adm3_name":"Legehare","adm3_pcode":"ET150105","NewPCODE":"ET150105"}},{"arcs":[[2891,-2884,2892,2893,2894,2895,2896]],"type":"Polygon","properties":{"adm1_name":"Dire Dawa","adm3_name":"Addis Ketema (DD)","adm3_pcode":"ET150109","NewPCODE":"ET150109"}},{"arcs":[[2897,-2893,-2883]],"type":"Polygon","properties":{"adm1_name":"Dire Dawa","adm3_name":"Gende Kore","adm3_pcode":"ET150110","NewPCODE":"ET150110"}},{"arcs":[[-2895,2898,-2889,2899]],"type":"Polygon","properties":{"adm1_name":"Dire Dawa","adm3_name":"Dechatu","adm3_pcode":"ET150111","NewPCODE":"ET150111"}},{"arcs":[[2900,-2890,-2899,2901]],"type":"Polygon","properties":{"adm1_name":"Dire Dawa","adm3_name":"Hafat Issa","adm3_pcode":"ET150112","NewPCODE":"ET150112"}},{"arcs":[[2902,-2902,-2894,-2898,-2882,-2005]],"type":"Polygon","properties":{"adm1_name":"Dire Dawa","adm3_name":"Kazira","adm3_pcode":"ET150113","NewPCODE":"ET150113"}},{"arcs":[[2903,-2891,-2901,-2903,-2004]],"type":"Polygon","properties":{"adm1_name":"Dire Dawa","adm3_name":"Police Maret","adm3_pcode":"ET150114","NewPCODE":"ET150114"}},{"arcs":[[-2008,-2887,-2885,-2892,2904,-2011]],"type":"Polygon","properties":{"adm1_name":"Dire Dawa","adm3_name":"Aseliso","adm3_pcode":"ET150201","NewPCODE":"ET150201"}},{"arcs":[[-1498,-1494,2905,-2002,-1998]],"type":"Polygon","properties":{"adm1_name":"Dire Dawa","adm3_name":"Jeldessa","adm3_pcode":"ET150206","NewPCODE":"ET150206"}},{"arcs":[[-2905,-2897,2906,-1564,-1527,-2012]],"type":"Polygon","properties":{"adm1_name":"Dire Dawa","adm3_name":"Wahil","adm3_pcode":"ET150207","NewPCODE":"ET150207"}},{"arcs":[[-2906,-1493,-1565,-2907,-2896,-2900,-2888,-2904,-2003]],"type":"Polygon","properties":{"adm1_name":"Dire Dawa","adm3_name":"Biyoawale","adm3_pcode":"ET150208","NewPCODE":"ET150208"}},{"arcs":[[2907,2908,-1855,2909,2910]],"type":"Polygon","properties":{"adm1_name":"Sidama","adm3_name":"Hawassa town","adm3_pcode":"ET160101","NewPCODE":"ET160101"}},{"type":null,"properties":{"adm1_name":"Sidama","adm3_name":"Wondo-Genet town","adm3_pcode":"ET160201","NewPCODE":"ET160201"}},{"arcs":[[2911,-2910,-1854,-1861,-1862,-1828]],"type":"Polygon","properties":{"adm1_name":"Sidama","adm3_name":"Wondo-Genet","adm3_pcode":"ET160202","NewPCODE":"ET160202"}},{"arcs":[[2912,2913,-2911,-2912,-1827,-1845]],"type":"Polygon","properties":{"adm1_name":"Sidama","adm3_name":"Malga","adm3_pcode":"ET160203","NewPCODE":"ET160203"}},{"arcs":[[2914,2915,2916,2917,-2913,-1844]],"type":"Polygon","properties":{"adm1_name":"Sidama","adm3_name":"Gorche","adm3_pcode":"ET160204","NewPCODE":"ET160204"}},{"arcs":[[-2918,2918,2919,2920,2921,-2908,-2914]],"type":"Polygon","properties":{"adm1_name":"Sidama","adm3_name":"Hawela","adm3_pcode":"ET160205","NewPCODE":"ET160205"}},{"arcs":[[2922,-2920]],"type":"Polygon","properties":{"adm1_name":"Sidama","adm3_name":"Leku town","adm3_pcode":"ET160206","NewPCODE":"ET160206"}},{"arcs":[[2923,2924,2925,2926,2927,-2921,-2923,-2919,-2917]],"type":"Polygon","properties":{"adm1_name":"Sidama","adm3_name":"Shebe Dino","adm3_pcode":"ET160207","NewPCODE":"ET160207"}},{"arcs":[[2928,2929,2930,-2927]],"type":"Polygon","properties":{"adm1_name":"Sidama","adm3_name":"Boricha","adm3_pcode":"ET160208","NewPCODE":"ET160208"}},{"arcs":[[-2525,-1810,2931,-2930,2932]],"type":"Polygon","properties":{"adm1_name":"Sidama","adm3_name":"Bilate Zuria","adm3_pcode":"ET160209","NewPCODE":"ET160209"}},{"arcs":[[-2922,-2928,-2931,-2932,-1809,-1856,-2909]],"type":"Polygon","properties":{"adm1_name":"Sidama","adm3_name":"Hawassa Zuria","adm3_pcode":"ET160210","NewPCODE":"ET160210"}},{"arcs":[[2933,2934,2935,2936,-1842]],"type":"Polygon","properties":{"adm1_name":"Sidama","adm3_name":"Arbegona","adm3_pcode":"ET160301","NewPCODE":"ET160301"}},{"arcs":[[-2937,2937,2938,2939,-2915,-1843]],"type":"Polygon","properties":{"adm1_name":"Sidama","adm3_name":"Shafamo","adm3_pcode":"ET160302","NewPCODE":"ET160302"}},{"arcs":[[-2940,2940,2941,2942,2943,2944,-2924,-2916]],"type":"Polygon","properties":{"adm1_name":"Sidama","adm3_name":"Wonosho","adm3_pcode":"ET160303","NewPCODE":"ET160303"}},{"arcs":[[2945,-2944]],"type":"Polygon","properties":{"adm1_name":"Sidama","adm3_name":"Yirgalem town","adm3_pcode":"ET160304","NewPCODE":"ET160304"}},{"arcs":[[2946,2947,-2925,-2945,-2946,-2943,2948,2949]],"type":"Polygon","properties":{"adm1_name":"Sidama","adm3_name":"Dale","adm3_pcode":"ET160305","NewPCODE":"ET160305"}},{"arcs":[[-2526,-2933,-2929,-2926,-2948,2950]],"type":"Polygon","properties":{"adm1_name":"Sidama","adm3_name":"Darara","adm3_pcode":"ET160306","NewPCODE":"ET160306"}},{"arcs":[[-2529,-2527,-2951,-2947,2951,-1759]],"type":"Polygon","properties":{"adm1_name":"Sidama","adm3_name":"Loka Abaya","adm3_pcode":"ET160307","NewPCODE":"ET160307"}},{"arcs":[[2952,2953,2954,2955,-2941,-2939]],"type":"Polygon","properties":{"adm1_name":"Sidama","adm3_name":"Bursa","adm3_pcode":"ET160401","NewPCODE":"ET160401"}},{"arcs":[[2956,2957,-2955]],"type":"Polygon","properties":{"adm1_name":"Sidama","adm3_name":"Teticha","adm3_pcode":"ET160402","NewPCODE":"ET160402"}},{"arcs":[[-2949,-2942,-2956,-2958,2958,2959,2960]],"type":"Polygon","properties":{"adm1_name":"Sidama","adm3_name":"Aleta Wendo","adm3_pcode":"ET160403","NewPCODE":"ET160403"}},{"type":null,"properties":{"adm1_name":"Sidama","adm3_name":"Aleta Wondo town","adm3_pcode":"ET160404","NewPCODE":"ET160404"}},{"arcs":[[-2952,-2950,-2961,2961,2962,-1760]],"type":"Polygon","properties":{"adm1_name":"Sidama","adm3_name":"Aleta Chuko","adm3_pcode":"ET160405","NewPCODE":"ET160405"}},{"type":null,"properties":{"adm1_name":"Sidama","adm3_name":"Chuko town","adm3_pcode":"ET160406","NewPCODE":"ET160406"}},{"arcs":[[-2963,2963,2964,-1697,-1726,-2648,-2650,-2655,-1761]],"type":"Polygon","properties":{"adm1_name":"Sidama","adm3_name":"Dara","adm3_pcode":"ET160407","NewPCODE":"ET160407"}},{"arcs":[[-2962,-2960,2965,-2964]],"type":"Polygon","properties":{"adm1_name":"Sidama","adm3_name":"Dara Otilicho","adm3_pcode":"ET160408","NewPCODE":"ET160408"}},{"arcs":[[2966,-1698,-2965,-2966,-2959,-2957,-2954,2967]],"type":"Polygon","properties":{"adm1_name":"Sidama","adm3_name":"Hulla","adm3_pcode":"ET160409","NewPCODE":"ET160409"}},{"arcs":[[-1699,-2967,2968]],"type":"Polygon","properties":{"adm1_name":"Sidama","adm3_name":"Chirone","adm3_pcode":"ET160410","NewPCODE":"ET160410"}},{"arcs":[[2969,-2934,-1841]],"type":"Polygon","properties":{"adm1_name":"Sidama","adm3_name":"Bura","adm3_pcode":"ET160501","NewPCODE":"ET160501"}},{"arcs":[[2970,-1700,-2969,-2968,-2953,-2938,-2936,2971]],"type":"Polygon","properties":{"adm1_name":"Sidama","adm3_name":"Bona Zuria","adm3_pcode":"ET160502","NewPCODE":"ET160502"}},{"arcs":[[2972,2973,-2972,-2935,-2970,-1840,-1851]],"type":"Polygon","properties":{"adm1_name":"Sidama","adm3_name":"Bensa","adm3_pcode":"ET160503","NewPCODE":"ET160503"}},{"type":null,"properties":{"adm1_name":"Sidama","adm3_name":"Daye town","adm3_pcode":"ET160504","NewPCODE":"ET160504"}},{"arcs":[[2974,2975,2976,-2973,-1850]],"type":"Polygon","properties":{"adm1_name":"Sidama","adm3_name":"Daella","adm3_pcode":"ET160505","NewPCODE":"ET160505"}},{"arcs":[[2977,-2975,-1849]],"type":"Polygon","properties":{"adm1_name":"Sidama","adm3_name":"Chire","adm3_pcode":"ET160506","NewPCODE":"ET160506"}},{"arcs":[[-1729,2978,2979,-2976,-2978,-1848]],"type":"Polygon","properties":{"adm1_name":"Sidama","adm3_name":"Aroresa","adm3_pcode":"ET160507","NewPCODE":"ET160507"}},{"arcs":[[-1708,-1732,2980,-2979,-1728]],"type":"Polygon","properties":{"adm1_name":"Sidama","adm3_name":"Hokko","adm3_pcode":"ET160508","NewPCODE":"ET160508"}},{"arcs":[[-2977,-2980,-2981,-1701,-2971,-2974]],"type":"Polygon","properties":{"adm1_name":"Sidama","adm3_name":"Chabe Gambeltu","adm3_pcode":"ET160509","NewPCODE":"ET160509"}},{"arcs":[[2981,2982]],"type":"Polygon","properties":{"adm1_name":"Contested","adm3_name":"Setit Humera town","adm3_pcode":"ET990101","NewPCODE":"ET990101"}},{"arcs":[[-28,2983,-3]],"type":"Polygon","properties":{"adm1_name":"Contested","adm3_name":"Korarit","adm3_pcode":"ET990102","NewPCODE":"ET990102"}},{"arcs":[[-2982,2984,-5,2985,2986,2987,2988,2989,2990]],"type":"Polygon","properties":{"adm1_name":"Contested","adm3_name":"Kafta Humera","adm3_pcode":"ET990103","NewPCODE":"ET990103"}},{"arcs":[[-4,-2984,-27,2991,-360,2992,2993,-2986],[2994]],"type":"Polygon","properties":{"adm1_name":"Contested","adm3_name":"Welkait","adm3_pcode":"ET990104","NewPCODE":"ET990104"}},{"arcs":[[[2995,2996,-2993,-359,-372,-799]],[[2997,2998,-2988]]],"type":"MultiPolygon","properties":{"adm1_name":"Contested","adm3_name":"Tsegede","adm3_pcode":"ET990105","NewPCODE":"ET990105"}},{"arcs":[[-2990,2999,-845,3000]],"type":"Polygon","properties":{"adm1_name":"Contested","adm3_name":"May Kadra","adm3_pcode":"ET990106","NewPCODE":"ET990106"}},{"arcs":[[-855,-846,-3000,-2989,-2999,3001,-2996,-798,-848]],"type":"Polygon","properties":{"adm1_name":"Contested","adm3_name":"Dansha town","adm3_pcode":"ET990107","NewPCODE":"ET990107"}},{"arcs":[[-2994,-2997,-3002,-2998,-2987]],"type":"Polygon","properties":{"adm1_name":"Contested","adm3_name":"Awra","adm3_pcode":"ET990108","NewPCODE":"ET990108"}},{"arcs":[[-2995]],"type":"Polygon","properties":{"adm1_name":"Contested","adm3_name":"May Gaba","adm3_pcode":"ET990109","NewPCODE":"ET990109"}},{"arcs":[[-26,-38,3002,-380,-355,-2992]],"type":"Polygon","properties":{"adm1_name":"Contested","adm3_name":"Tselemti /West Telemt","adm3_pcode":"ET990201","NewPCODE":"ET990201"}},{"arcs":[[[-37,-10,-70,-80,-381,-3003]],[[-87,-383,-362,-382]]],"type":"MultiPolygon","properties":{"adm1_name":"Contested","adm3_name":"Laelay Tselemti","adm3_pcode":"ET990202","NewPCODE":"ET990202"}},{"type":null,"properties":{"adm1_name":"Contested","adm3_name":"May Tsebri town","adm3_pcode":"ET990203","NewPCODE":"ET990203"}},{"arcs":[[3003,-452,-458,-485,-752,-748,3004,3005,-167]],"type":"Polygon","properties":{"adm1_name":"Contested","adm3_name":"Raya Alamata","adm3_pcode":"ET990301","NewPCODE":"ET990301"}},{"arcs":[[-3006,3006,-757,-157,-164,-168]],"type":"Polygon","properties":{"adm1_name":"Contested","adm3_name":"Ofla","adm3_pcode":"ET990302","NewPCODE":"ET990302"}},{"type":null,"properties":{"adm1_name":"Contested","adm3_name":"Korem town","adm3_pcode":"ET990303","NewPCODE":"ET990303"}},{"type":null,"properties":{"adm1_name":"Contested","adm3_name":"Alamata town","adm3_pcode":"ET990304","NewPCODE":"ET990304"}},{"arcs":[[-3005,-747,-756,-3007]],"type":"Polygon","properties":{"adm1_name":"Contested","adm3_name":"Zata","adm3_pcode":"ET990305","NewPCODE":"ET990305"}},{"arcs":[[-326,-328,-453,-3004,-166,-259]],"type":"Polygon","properties":{"adm1_name":"Contested","adm3_name":"Chercher","adm3_pcode":"ET990306","NewPCODE":"ET990306"}}]}}}